--
-- PostgreSQL database dump
--

-- Dumped from database version 15.1 (Ubuntu 15.1-1.pgdg20.04+1)
-- Dumped by pg_dump version 16.2 (Postgres.app)

SET statement_timeout = 0;
SET lock_timeout = 0;
SET idle_in_transaction_session_timeout = 0;
SET client_encoding = 'UTF8';
SET standard_conforming_strings = on;
SELECT pg_catalog.set_config('search_path', '', false);
SET check_function_bodies = false;
SET xmloption = content;
SET client_min_messages = warning;
SET row_security = off;

--
-- Name: auth; Type: SCHEMA; Schema: -; Owner: supabase_admin
--

CREATE SCHEMA auth;


ALTER SCHEMA auth OWNER TO supabase_admin;

--
-- Name: extensions; Type: SCHEMA; Schema: -; Owner: postgres
--

CREATE SCHEMA extensions;


ALTER SCHEMA extensions OWNER TO postgres;

--
-- Name: graphql; Type: SCHEMA; Schema: -; Owner: supabase_admin
--

CREATE SCHEMA graphql;


ALTER SCHEMA graphql OWNER TO supabase_admin;

--
-- Name: graphql_public; Type: SCHEMA; Schema: -; Owner: supabase_admin
--

CREATE SCHEMA graphql_public;


ALTER SCHEMA graphql_public OWNER TO supabase_admin;

--
-- Name: pgbouncer; Type: SCHEMA; Schema: -; Owner: pgbouncer
--

CREATE SCHEMA pgbouncer;


ALTER SCHEMA pgbouncer OWNER TO pgbouncer;

--
-- Name: pgsodium; Type: SCHEMA; Schema: -; Owner: supabase_admin
--

CREATE SCHEMA pgsodium;


ALTER SCHEMA pgsodium OWNER TO supabase_admin;

--
-- Name: pgsodium; Type: EXTENSION; Schema: -; Owner: -
--

CREATE EXTENSION IF NOT EXISTS pgsodium WITH SCHEMA pgsodium;


--
-- Name: EXTENSION pgsodium; Type: COMMENT; Schema: -; Owner: 
--

COMMENT ON EXTENSION pgsodium IS 'Pgsodium is a modern cryptography library for Postgres.';


--
-- Name: realtime; Type: SCHEMA; Schema: -; Owner: supabase_admin
--

CREATE SCHEMA realtime;


ALTER SCHEMA realtime OWNER TO supabase_admin;

--
-- Name: storage; Type: SCHEMA; Schema: -; Owner: supabase_admin
--

CREATE SCHEMA storage;


ALTER SCHEMA storage OWNER TO supabase_admin;

--
-- Name: supabase_migrations; Type: SCHEMA; Schema: -; Owner: postgres
--

CREATE SCHEMA supabase_migrations;


ALTER SCHEMA supabase_migrations OWNER TO postgres;

--
-- Name: vault; Type: SCHEMA; Schema: -; Owner: supabase_admin
--

CREATE SCHEMA vault;


ALTER SCHEMA vault OWNER TO supabase_admin;

--
-- Name: pg_graphql; Type: EXTENSION; Schema: -; Owner: -
--

CREATE EXTENSION IF NOT EXISTS pg_graphql WITH SCHEMA graphql;


--
-- Name: EXTENSION pg_graphql; Type: COMMENT; Schema: -; Owner: 
--

COMMENT ON EXTENSION pg_graphql IS 'pg_graphql: GraphQL support';


--
-- Name: pg_stat_statements; Type: EXTENSION; Schema: -; Owner: -
--

CREATE EXTENSION IF NOT EXISTS pg_stat_statements WITH SCHEMA extensions;


--
-- Name: EXTENSION pg_stat_statements; Type: COMMENT; Schema: -; Owner: 
--

COMMENT ON EXTENSION pg_stat_statements IS 'track planning and execution statistics of all SQL statements executed';


--
-- Name: pgcrypto; Type: EXTENSION; Schema: -; Owner: -
--

CREATE EXTENSION IF NOT EXISTS pgcrypto WITH SCHEMA extensions;


--
-- Name: EXTENSION pgcrypto; Type: COMMENT; Schema: -; Owner: 
--

COMMENT ON EXTENSION pgcrypto IS 'cryptographic functions';


--
-- Name: pgjwt; Type: EXTENSION; Schema: -; Owner: -
--

CREATE EXTENSION IF NOT EXISTS pgjwt WITH SCHEMA extensions;


--
-- Name: EXTENSION pgjwt; Type: COMMENT; Schema: -; Owner: 
--

COMMENT ON EXTENSION pgjwt IS 'JSON Web Token API for Postgresql';


--
-- Name: supabase_vault; Type: EXTENSION; Schema: -; Owner: -
--

CREATE EXTENSION IF NOT EXISTS supabase_vault WITH SCHEMA vault;


--
-- Name: EXTENSION supabase_vault; Type: COMMENT; Schema: -; Owner: 
--

COMMENT ON EXTENSION supabase_vault IS 'Supabase Vault Extension';


--
-- Name: uuid-ossp; Type: EXTENSION; Schema: -; Owner: -
--

CREATE EXTENSION IF NOT EXISTS "uuid-ossp" WITH SCHEMA extensions;


--
-- Name: EXTENSION "uuid-ossp"; Type: COMMENT; Schema: -; Owner: 
--

COMMENT ON EXTENSION "uuid-ossp" IS 'generate universally unique identifiers (UUIDs)';


--
-- Name: aal_level; Type: TYPE; Schema: auth; Owner: supabase_auth_admin
--

CREATE TYPE auth.aal_level AS ENUM (
    'aal1',
    'aal2',
    'aal3'
);


ALTER TYPE auth.aal_level OWNER TO supabase_auth_admin;

--
-- Name: code_challenge_method; Type: TYPE; Schema: auth; Owner: supabase_auth_admin
--

CREATE TYPE auth.code_challenge_method AS ENUM (
    's256',
    'plain'
);


ALTER TYPE auth.code_challenge_method OWNER TO supabase_auth_admin;

--
-- Name: factor_status; Type: TYPE; Schema: auth; Owner: supabase_auth_admin
--

CREATE TYPE auth.factor_status AS ENUM (
    'unverified',
    'verified'
);


ALTER TYPE auth.factor_status OWNER TO supabase_auth_admin;

--
-- Name: factor_type; Type: TYPE; Schema: auth; Owner: supabase_auth_admin
--

CREATE TYPE auth.factor_type AS ENUM (
    'totp',
    'webauthn'
);


ALTER TYPE auth.factor_type OWNER TO supabase_auth_admin;

--
-- Name: action; Type: TYPE; Schema: realtime; Owner: supabase_admin
--

CREATE TYPE realtime.action AS ENUM (
    'INSERT',
    'UPDATE',
    'DELETE',
    'TRUNCATE',
    'ERROR'
);


ALTER TYPE realtime.action OWNER TO supabase_admin;

--
-- Name: equality_op; Type: TYPE; Schema: realtime; Owner: supabase_admin
--

CREATE TYPE realtime.equality_op AS ENUM (
    'eq',
    'neq',
    'lt',
    'lte',
    'gt',
    'gte',
    'in'
);


ALTER TYPE realtime.equality_op OWNER TO supabase_admin;

--
-- Name: user_defined_filter; Type: TYPE; Schema: realtime; Owner: supabase_admin
--

CREATE TYPE realtime.user_defined_filter AS (
	column_name text,
	op realtime.equality_op,
	value text
);


ALTER TYPE realtime.user_defined_filter OWNER TO supabase_admin;

--
-- Name: wal_column; Type: TYPE; Schema: realtime; Owner: supabase_admin
--

CREATE TYPE realtime.wal_column AS (
	name text,
	type_name text,
	type_oid oid,
	value jsonb,
	is_pkey boolean,
	is_selectable boolean
);


ALTER TYPE realtime.wal_column OWNER TO supabase_admin;

--
-- Name: wal_rls; Type: TYPE; Schema: realtime; Owner: supabase_admin
--

CREATE TYPE realtime.wal_rls AS (
	wal jsonb,
	is_rls_enabled boolean,
	subscription_ids uuid[],
	errors text[]
);


ALTER TYPE realtime.wal_rls OWNER TO supabase_admin;

--
-- Name: email(); Type: FUNCTION; Schema: auth; Owner: supabase_auth_admin
--

CREATE FUNCTION auth.email() RETURNS text
    LANGUAGE sql STABLE
    AS $$
  select 
  coalesce(
    nullif(current_setting('request.jwt.claim.email', true), ''),
    (nullif(current_setting('request.jwt.claims', true), '')::jsonb ->> 'email')
  )::text
$$;


ALTER FUNCTION auth.email() OWNER TO supabase_auth_admin;

--
-- Name: FUNCTION email(); Type: COMMENT; Schema: auth; Owner: supabase_auth_admin
--

COMMENT ON FUNCTION auth.email() IS 'Deprecated. Use auth.jwt() -> ''email'' instead.';


--
-- Name: jwt(); Type: FUNCTION; Schema: auth; Owner: supabase_auth_admin
--

CREATE FUNCTION auth.jwt() RETURNS jsonb
    LANGUAGE sql STABLE
    AS $$
  select 
    coalesce(
        nullif(current_setting('request.jwt.claim', true), ''),
        nullif(current_setting('request.jwt.claims', true), '')
    )::jsonb
$$;


ALTER FUNCTION auth.jwt() OWNER TO supabase_auth_admin;

--
-- Name: role(); Type: FUNCTION; Schema: auth; Owner: supabase_auth_admin
--

CREATE FUNCTION auth.role() RETURNS text
    LANGUAGE sql STABLE
    AS $$
  select 
  coalesce(
    nullif(current_setting('request.jwt.claim.role', true), ''),
    (nullif(current_setting('request.jwt.claims', true), '')::jsonb ->> 'role')
  )::text
$$;


ALTER FUNCTION auth.role() OWNER TO supabase_auth_admin;

--
-- Name: FUNCTION role(); Type: COMMENT; Schema: auth; Owner: supabase_auth_admin
--

COMMENT ON FUNCTION auth.role() IS 'Deprecated. Use auth.jwt() -> ''role'' instead.';


--
-- Name: uid(); Type: FUNCTION; Schema: auth; Owner: supabase_auth_admin
--

CREATE FUNCTION auth.uid() RETURNS uuid
    LANGUAGE sql STABLE
    AS $$
  select 
  coalesce(
    nullif(current_setting('request.jwt.claim.sub', true), ''),
    (nullif(current_setting('request.jwt.claims', true), '')::jsonb ->> 'sub')
  )::uuid
$$;


ALTER FUNCTION auth.uid() OWNER TO supabase_auth_admin;

--
-- Name: FUNCTION uid(); Type: COMMENT; Schema: auth; Owner: supabase_auth_admin
--

COMMENT ON FUNCTION auth.uid() IS 'Deprecated. Use auth.jwt() -> ''sub'' instead.';


--
-- Name: grant_pg_cron_access(); Type: FUNCTION; Schema: extensions; Owner: postgres
--

CREATE FUNCTION extensions.grant_pg_cron_access() RETURNS event_trigger
    LANGUAGE plpgsql
    AS $$
BEGIN
  IF EXISTS (
    SELECT
    FROM pg_event_trigger_ddl_commands() AS ev
    JOIN pg_extension AS ext
    ON ev.objid = ext.oid
    WHERE ext.extname = 'pg_cron'
  )
  THEN
    grant usage on schema cron to postgres with grant option;

    alter default privileges in schema cron grant all on tables to postgres with grant option;
    alter default privileges in schema cron grant all on functions to postgres with grant option;
    alter default privileges in schema cron grant all on sequences to postgres with grant option;

    alter default privileges for user supabase_admin in schema cron grant all
        on sequences to postgres with grant option;
    alter default privileges for user supabase_admin in schema cron grant all
        on tables to postgres with grant option;
    alter default privileges for user supabase_admin in schema cron grant all
        on functions to postgres with grant option;

    grant all privileges on all tables in schema cron to postgres with grant option;
    revoke all on table cron.job from postgres;
    grant select on table cron.job to postgres with grant option;
  END IF;
END;
$$;


ALTER FUNCTION extensions.grant_pg_cron_access() OWNER TO postgres;

--
-- Name: FUNCTION grant_pg_cron_access(); Type: COMMENT; Schema: extensions; Owner: postgres
--

COMMENT ON FUNCTION extensions.grant_pg_cron_access() IS 'Grants access to pg_cron';


--
-- Name: grant_pg_graphql_access(); Type: FUNCTION; Schema: extensions; Owner: supabase_admin
--

CREATE FUNCTION extensions.grant_pg_graphql_access() RETURNS event_trigger
    LANGUAGE plpgsql
    AS $_$
DECLARE
    func_is_graphql_resolve bool;
BEGIN
    func_is_graphql_resolve = (
        SELECT n.proname = 'resolve'
        FROM pg_event_trigger_ddl_commands() AS ev
        LEFT JOIN pg_catalog.pg_proc AS n
        ON ev.objid = n.oid
    );

    IF func_is_graphql_resolve
    THEN
        -- Update public wrapper to pass all arguments through to the pg_graphql resolve func
        DROP FUNCTION IF EXISTS graphql_public.graphql;
        create or replace function graphql_public.graphql(
            "operationName" text default null,
            query text default null,
            variables jsonb default null,
            extensions jsonb default null
        )
            returns jsonb
            language sql
        as $$
            select graphql.resolve(
                query := query,
                variables := coalesce(variables, '{}'),
                "operationName" := "operationName",
                extensions := extensions
            );
        $$;

        -- This hook executes when `graphql.resolve` is created. That is not necessarily the last
        -- function in the extension so we need to grant permissions on existing entities AND
        -- update default permissions to any others that are created after `graphql.resolve`
        grant usage on schema graphql to postgres, anon, authenticated, service_role;
        grant select on all tables in schema graphql to postgres, anon, authenticated, service_role;
        grant execute on all functions in schema graphql to postgres, anon, authenticated, service_role;
        grant all on all sequences in schema graphql to postgres, anon, authenticated, service_role;
        alter default privileges in schema graphql grant all on tables to postgres, anon, authenticated, service_role;
        alter default privileges in schema graphql grant all on functions to postgres, anon, authenticated, service_role;
        alter default privileges in schema graphql grant all on sequences to postgres, anon, authenticated, service_role;

        -- Allow postgres role to allow granting usage on graphql and graphql_public schemas to custom roles
        grant usage on schema graphql_public to postgres with grant option;
        grant usage on schema graphql to postgres with grant option;
    END IF;

END;
$_$;


ALTER FUNCTION extensions.grant_pg_graphql_access() OWNER TO supabase_admin;

--
-- Name: FUNCTION grant_pg_graphql_access(); Type: COMMENT; Schema: extensions; Owner: supabase_admin
--

COMMENT ON FUNCTION extensions.grant_pg_graphql_access() IS 'Grants access to pg_graphql';


--
-- Name: grant_pg_net_access(); Type: FUNCTION; Schema: extensions; Owner: postgres
--

CREATE FUNCTION extensions.grant_pg_net_access() RETURNS event_trigger
    LANGUAGE plpgsql
    AS $$
BEGIN
  IF EXISTS (
    SELECT 1
    FROM pg_event_trigger_ddl_commands() AS ev
    JOIN pg_extension AS ext
    ON ev.objid = ext.oid
    WHERE ext.extname = 'pg_net'
  )
  THEN
    IF NOT EXISTS (
      SELECT 1
      FROM pg_roles
      WHERE rolname = 'supabase_functions_admin'
    )
    THEN
      CREATE USER supabase_functions_admin NOINHERIT CREATEROLE LOGIN NOREPLICATION;
    END IF;

    GRANT USAGE ON SCHEMA net TO supabase_functions_admin, postgres, anon, authenticated, service_role;

    ALTER function net.http_get(url text, params jsonb, headers jsonb, timeout_milliseconds integer) SECURITY DEFINER;
    ALTER function net.http_post(url text, body jsonb, params jsonb, headers jsonb, timeout_milliseconds integer) SECURITY DEFINER;

    ALTER function net.http_get(url text, params jsonb, headers jsonb, timeout_milliseconds integer) SET search_path = net;
    ALTER function net.http_post(url text, body jsonb, params jsonb, headers jsonb, timeout_milliseconds integer) SET search_path = net;

    REVOKE ALL ON FUNCTION net.http_get(url text, params jsonb, headers jsonb, timeout_milliseconds integer) FROM PUBLIC;
    REVOKE ALL ON FUNCTION net.http_post(url text, body jsonb, params jsonb, headers jsonb, timeout_milliseconds integer) FROM PUBLIC;

    GRANT EXECUTE ON FUNCTION net.http_get(url text, params jsonb, headers jsonb, timeout_milliseconds integer) TO supabase_functions_admin, postgres, anon, authenticated, service_role;
    GRANT EXECUTE ON FUNCTION net.http_post(url text, body jsonb, params jsonb, headers jsonb, timeout_milliseconds integer) TO supabase_functions_admin, postgres, anon, authenticated, service_role;
  END IF;
END;
$$;


ALTER FUNCTION extensions.grant_pg_net_access() OWNER TO postgres;

--
-- Name: FUNCTION grant_pg_net_access(); Type: COMMENT; Schema: extensions; Owner: postgres
--

COMMENT ON FUNCTION extensions.grant_pg_net_access() IS 'Grants access to pg_net';


--
-- Name: pgrst_ddl_watch(); Type: FUNCTION; Schema: extensions; Owner: supabase_admin
--

CREATE FUNCTION extensions.pgrst_ddl_watch() RETURNS event_trigger
    LANGUAGE plpgsql
    AS $$
DECLARE
  cmd record;
BEGIN
  FOR cmd IN SELECT * FROM pg_event_trigger_ddl_commands()
  LOOP
    IF cmd.command_tag IN (
      'CREATE SCHEMA', 'ALTER SCHEMA'
    , 'CREATE TABLE', 'CREATE TABLE AS', 'SELECT INTO', 'ALTER TABLE'
    , 'CREATE FOREIGN TABLE', 'ALTER FOREIGN TABLE'
    , 'CREATE VIEW', 'ALTER VIEW'
    , 'CREATE MATERIALIZED VIEW', 'ALTER MATERIALIZED VIEW'
    , 'CREATE FUNCTION', 'ALTER FUNCTION'
    , 'CREATE TRIGGER'
    , 'CREATE TYPE', 'ALTER TYPE'
    , 'CREATE RULE'
    , 'COMMENT'
    )
    -- don't notify in case of CREATE TEMP table or other objects created on pg_temp
    AND cmd.schema_name is distinct from 'pg_temp'
    THEN
      NOTIFY pgrst, 'reload schema';
    END IF;
  END LOOP;
END; $$;


ALTER FUNCTION extensions.pgrst_ddl_watch() OWNER TO supabase_admin;

--
-- Name: pgrst_drop_watch(); Type: FUNCTION; Schema: extensions; Owner: supabase_admin
--

CREATE FUNCTION extensions.pgrst_drop_watch() RETURNS event_trigger
    LANGUAGE plpgsql
    AS $$
DECLARE
  obj record;
BEGIN
  FOR obj IN SELECT * FROM pg_event_trigger_dropped_objects()
  LOOP
    IF obj.object_type IN (
      'schema'
    , 'table'
    , 'foreign table'
    , 'view'
    , 'materialized view'
    , 'function'
    , 'trigger'
    , 'type'
    , 'rule'
    )
    AND obj.is_temporary IS false -- no pg_temp objects
    THEN
      NOTIFY pgrst, 'reload schema';
    END IF;
  END LOOP;
END; $$;


ALTER FUNCTION extensions.pgrst_drop_watch() OWNER TO supabase_admin;

--
-- Name: set_graphql_placeholder(); Type: FUNCTION; Schema: extensions; Owner: supabase_admin
--

CREATE FUNCTION extensions.set_graphql_placeholder() RETURNS event_trigger
    LANGUAGE plpgsql
    AS $_$
    DECLARE
    graphql_is_dropped bool;
    BEGIN
    graphql_is_dropped = (
        SELECT ev.schema_name = 'graphql_public'
        FROM pg_event_trigger_dropped_objects() AS ev
        WHERE ev.schema_name = 'graphql_public'
    );

    IF graphql_is_dropped
    THEN
        create or replace function graphql_public.graphql(
            "operationName" text default null,
            query text default null,
            variables jsonb default null,
            extensions jsonb default null
        )
            returns jsonb
            language plpgsql
        as $$
            DECLARE
                server_version float;
            BEGIN
                server_version = (SELECT (SPLIT_PART((select version()), ' ', 2))::float);

                IF server_version >= 14 THEN
                    RETURN jsonb_build_object(
                        'errors', jsonb_build_array(
                            jsonb_build_object(
                                'message', 'pg_graphql extension is not enabled.'
                            )
                        )
                    );
                ELSE
                    RETURN jsonb_build_object(
                        'errors', jsonb_build_array(
                            jsonb_build_object(
                                'message', 'pg_graphql is only available on projects running Postgres 14 onwards.'
                            )
                        )
                    );
                END IF;
            END;
        $$;
    END IF;

    END;
$_$;


ALTER FUNCTION extensions.set_graphql_placeholder() OWNER TO supabase_admin;

--
-- Name: FUNCTION set_graphql_placeholder(); Type: COMMENT; Schema: extensions; Owner: supabase_admin
--

COMMENT ON FUNCTION extensions.set_graphql_placeholder() IS 'Reintroduces placeholder function for graphql_public.graphql';


--
-- Name: get_auth(text); Type: FUNCTION; Schema: pgbouncer; Owner: postgres
--

CREATE FUNCTION pgbouncer.get_auth(p_usename text) RETURNS TABLE(username text, password text)
    LANGUAGE plpgsql SECURITY DEFINER
    AS $$
BEGIN
    RAISE WARNING 'PgBouncer auth request: %', p_usename;

    RETURN QUERY
    SELECT usename::TEXT, passwd::TEXT FROM pg_catalog.pg_shadow
    WHERE usename = p_usename;
END;
$$;


ALTER FUNCTION pgbouncer.get_auth(p_usename text) OWNER TO postgres;

--
-- Name: update_pathname_log(text, text); Type: FUNCTION; Schema: public; Owner: postgres
--

CREATE FUNCTION public.update_pathname_log(_uid text, _pathname text) RETURNS void
    LANGUAGE plpgsql
    AS $$
  declare 
    _id int;

  begin
    -- select latest log
    select pl.id
    into _id
    from pathname_logs pl
    where 
	    pl.uid::text = _uid 
	    and pl.pathname = _pathname
	    and pl.removed_at is null
    order by pl.created_at desc;

    -- update latest log
    update pathname_logs pl 
    set removed_at=current_timestamp 
    where pl.id=_id;
end

$$;


ALTER FUNCTION public.update_pathname_log(_uid text, _pathname text) OWNER TO postgres;

--
-- Name: update_remote_login_trigger(); Type: FUNCTION; Schema: public; Owner: postgres
--

CREATE FUNCTION public.update_remote_login_trigger() RETURNS void
    LANGUAGE plpgsql
    AS $$
  declare 
    _id int;

  begin
    -- select trigger
    select id
    into _id
    from remote_login_trigger
		limit 1;

    -- update latest log
    update remote_login_trigger
    set updated_at=current_timestamp 
    where remote_login_trigger.id=_id;
end

$$;


ALTER FUNCTION public.update_remote_login_trigger() OWNER TO postgres;

--
-- Name: apply_rls(jsonb, integer); Type: FUNCTION; Schema: realtime; Owner: supabase_admin
--

CREATE FUNCTION realtime.apply_rls(wal jsonb, max_record_bytes integer DEFAULT (1024 * 1024)) RETURNS SETOF realtime.wal_rls
    LANGUAGE plpgsql
    AS $$
    declare
        -- Regclass of the table e.g. public.notes
        entity_ regclass = (quote_ident(wal ->> 'schema') || '.' || quote_ident(wal ->> 'table'))::regclass;

        -- I, U, D, T: insert, update ...
        action realtime.action = (
            case wal ->> 'action'
                when 'I' then 'INSERT'
                when 'U' then 'UPDATE'
                when 'D' then 'DELETE'
                else 'ERROR'
            end
        );

        -- Is row level security enabled for the table
        is_rls_enabled bool = relrowsecurity from pg_class where oid = entity_;

        subscriptions realtime.subscription[] = array_agg(subs)
            from
                realtime.subscription subs
            where
                subs.entity = entity_;

        -- Subscription vars
        roles regrole[] = array_agg(distinct us.claims_role)
            from
                unnest(subscriptions) us;

        working_role regrole;
        claimed_role regrole;
        claims jsonb;

        subscription_id uuid;
        subscription_has_access bool;
        visible_to_subscription_ids uuid[] = '{}';

        -- structured info for wal's columns
        columns realtime.wal_column[];
        -- previous identity values for update/delete
        old_columns realtime.wal_column[];

        error_record_exceeds_max_size boolean = octet_length(wal::text) > max_record_bytes;

        -- Primary jsonb output for record
        output jsonb;

    begin
        perform set_config('role', null, true);

        columns =
            array_agg(
                (
                    x->>'name',
                    x->>'type',
                    x->>'typeoid',
                    realtime.cast(
                        (x->'value') #>> '{}',
                        coalesce(
                            (x->>'typeoid')::regtype, -- null when wal2json version <= 2.4
                            (x->>'type')::regtype
                        )
                    ),
                    (pks ->> 'name') is not null,
                    true
                )::realtime.wal_column
            )
            from
                jsonb_array_elements(wal -> 'columns') x
                left join jsonb_array_elements(wal -> 'pk') pks
                    on (x ->> 'name') = (pks ->> 'name');

        old_columns =
            array_agg(
                (
                    x->>'name',
                    x->>'type',
                    x->>'typeoid',
                    realtime.cast(
                        (x->'value') #>> '{}',
                        coalesce(
                            (x->>'typeoid')::regtype, -- null when wal2json version <= 2.4
                            (x->>'type')::regtype
                        )
                    ),
                    (pks ->> 'name') is not null,
                    true
                )::realtime.wal_column
            )
            from
                jsonb_array_elements(wal -> 'identity') x
                left join jsonb_array_elements(wal -> 'pk') pks
                    on (x ->> 'name') = (pks ->> 'name');

        for working_role in select * from unnest(roles) loop

            -- Update `is_selectable` for columns and old_columns
            columns =
                array_agg(
                    (
                        c.name,
                        c.type_name,
                        c.type_oid,
                        c.value,
                        c.is_pkey,
                        pg_catalog.has_column_privilege(working_role, entity_, c.name, 'SELECT')
                    )::realtime.wal_column
                )
                from
                    unnest(columns) c;

            old_columns =
                    array_agg(
                        (
                            c.name,
                            c.type_name,
                            c.type_oid,
                            c.value,
                            c.is_pkey,
                            pg_catalog.has_column_privilege(working_role, entity_, c.name, 'SELECT')
                        )::realtime.wal_column
                    )
                    from
                        unnest(old_columns) c;

            if action <> 'DELETE' and count(1) = 0 from unnest(columns) c where c.is_pkey then
                return next (
                    jsonb_build_object(
                        'schema', wal ->> 'schema',
                        'table', wal ->> 'table',
                        'type', action
                    ),
                    is_rls_enabled,
                    -- subscriptions is already filtered by entity
                    (select array_agg(s.subscription_id) from unnest(subscriptions) as s where claims_role = working_role),
                    array['Error 400: Bad Request, no primary key']
                )::realtime.wal_rls;

            -- The claims role does not have SELECT permission to the primary key of entity
            elsif action <> 'DELETE' and sum(c.is_selectable::int) <> count(1) from unnest(columns) c where c.is_pkey then
                return next (
                    jsonb_build_object(
                        'schema', wal ->> 'schema',
                        'table', wal ->> 'table',
                        'type', action
                    ),
                    is_rls_enabled,
                    (select array_agg(s.subscription_id) from unnest(subscriptions) as s where claims_role = working_role),
                    array['Error 401: Unauthorized']
                )::realtime.wal_rls;

            else
                output = jsonb_build_object(
                    'schema', wal ->> 'schema',
                    'table', wal ->> 'table',
                    'type', action,
                    'commit_timestamp', to_char(
                        ((wal ->> 'timestamp')::timestamptz at time zone 'utc'),
                        'YYYY-MM-DD"T"HH24:MI:SS.MS"Z"'
                    ),
                    'columns', (
                        select
                            jsonb_agg(
                                jsonb_build_object(
                                    'name', pa.attname,
                                    'type', pt.typname
                                )
                                order by pa.attnum asc
                            )
                        from
                            pg_attribute pa
                            join pg_type pt
                                on pa.atttypid = pt.oid
                        where
                            attrelid = entity_
                            and attnum > 0
                            and pg_catalog.has_column_privilege(working_role, entity_, pa.attname, 'SELECT')
                    )
                )
                -- Add "record" key for insert and update
                || case
                    when action in ('INSERT', 'UPDATE') then
                        jsonb_build_object(
                            'record',
                            (
                                select
                                    jsonb_object_agg(
                                        -- if unchanged toast, get column name and value from old record
                                        coalesce((c).name, (oc).name),
                                        case
                                            when (c).name is null then (oc).value
                                            else (c).value
                                        end
                                    )
                                from
                                    unnest(columns) c
                                    full outer join unnest(old_columns) oc
                                        on (c).name = (oc).name
                                where
                                    coalesce((c).is_selectable, (oc).is_selectable)
                                    and ( not error_record_exceeds_max_size or (octet_length((c).value::text) <= 64))
                            )
                        )
                    else '{}'::jsonb
                end
                -- Add "old_record" key for update and delete
                || case
                    when action = 'UPDATE' then
                        jsonb_build_object(
                                'old_record',
                                (
                                    select jsonb_object_agg((c).name, (c).value)
                                    from unnest(old_columns) c
                                    where
                                        (c).is_selectable
                                        and ( not error_record_exceeds_max_size or (octet_length((c).value::text) <= 64))
                                )
                            )
                    when action = 'DELETE' then
                        jsonb_build_object(
                            'old_record',
                            (
                                select jsonb_object_agg((c).name, (c).value)
                                from unnest(old_columns) c
                                where
                                    (c).is_selectable
                                    and ( not error_record_exceeds_max_size or (octet_length((c).value::text) <= 64))
                                    and ( not is_rls_enabled or (c).is_pkey ) -- if RLS enabled, we can't secure deletes so filter to pkey
                            )
                        )
                    else '{}'::jsonb
                end;

                -- Create the prepared statement
                if is_rls_enabled and action <> 'DELETE' then
                    if (select 1 from pg_prepared_statements where name = 'walrus_rls_stmt' limit 1) > 0 then
                        deallocate walrus_rls_stmt;
                    end if;
                    execute realtime.build_prepared_statement_sql('walrus_rls_stmt', entity_, columns);
                end if;

                visible_to_subscription_ids = '{}';

                for subscription_id, claims in (
                        select
                            subs.subscription_id,
                            subs.claims
                        from
                            unnest(subscriptions) subs
                        where
                            subs.entity = entity_
                            and subs.claims_role = working_role
                            and (
                                realtime.is_visible_through_filters(columns, subs.filters)
                                or action = 'DELETE'
                            )
                ) loop

                    if not is_rls_enabled or action = 'DELETE' then
                        visible_to_subscription_ids = visible_to_subscription_ids || subscription_id;
                    else
                        -- Check if RLS allows the role to see the record
                        perform
                            set_config('role', working_role::text, true),
                            set_config('request.jwt.claims', claims::text, true);

                        execute 'execute walrus_rls_stmt' into subscription_has_access;

                        if subscription_has_access then
                            visible_to_subscription_ids = visible_to_subscription_ids || subscription_id;
                        end if;
                    end if;
                end loop;

                perform set_config('role', null, true);

                return next (
                    output,
                    is_rls_enabled,
                    visible_to_subscription_ids,
                    case
                        when error_record_exceeds_max_size then array['Error 413: Payload Too Large']
                        else '{}'
                    end
                )::realtime.wal_rls;

            end if;
        end loop;

        perform set_config('role', null, true);
    end;
    $$;


ALTER FUNCTION realtime.apply_rls(wal jsonb, max_record_bytes integer) OWNER TO supabase_admin;

--
-- Name: build_prepared_statement_sql(text, regclass, realtime.wal_column[]); Type: FUNCTION; Schema: realtime; Owner: supabase_admin
--

CREATE FUNCTION realtime.build_prepared_statement_sql(prepared_statement_name text, entity regclass, columns realtime.wal_column[]) RETURNS text
    LANGUAGE sql
    AS $$
      /*
      Builds a sql string that, if executed, creates a prepared statement to
      tests retrive a row from *entity* by its primary key columns.
      Example
          select realtime.build_prepared_statement_sql('public.notes', '{"id"}'::text[], '{"bigint"}'::text[])
      */
          select
      'prepare ' || prepared_statement_name || ' as
          select
              exists(
                  select
                      1
                  from
                      ' || entity || '
                  where
                      ' || string_agg(quote_ident(pkc.name) || '=' || quote_nullable(pkc.value #>> '{}') , ' and ') || '
              )'
          from
              unnest(columns) pkc
          where
              pkc.is_pkey
          group by
              entity
      $$;


ALTER FUNCTION realtime.build_prepared_statement_sql(prepared_statement_name text, entity regclass, columns realtime.wal_column[]) OWNER TO supabase_admin;

--
-- Name: cast(text, regtype); Type: FUNCTION; Schema: realtime; Owner: supabase_admin
--

CREATE FUNCTION realtime."cast"(val text, type_ regtype) RETURNS jsonb
    LANGUAGE plpgsql IMMUTABLE
    AS $$
    declare
      res jsonb;
    begin
      execute format('select to_jsonb(%L::'|| type_::text || ')', val)  into res;
      return res;
    end
    $$;


ALTER FUNCTION realtime."cast"(val text, type_ regtype) OWNER TO supabase_admin;

--
-- Name: channel_name(); Type: FUNCTION; Schema: realtime; Owner: supabase_realtime_admin
--

CREATE FUNCTION realtime.channel_name() RETURNS text
    LANGUAGE sql STABLE
    AS $$
select nullif(current_setting('realtime.channel_name', true), '')::text;
$$;


ALTER FUNCTION realtime.channel_name() OWNER TO supabase_realtime_admin;

--
-- Name: check_equality_op(realtime.equality_op, regtype, text, text); Type: FUNCTION; Schema: realtime; Owner: supabase_admin
--

CREATE FUNCTION realtime.check_equality_op(op realtime.equality_op, type_ regtype, val_1 text, val_2 text) RETURNS boolean
    LANGUAGE plpgsql IMMUTABLE
    AS $$
      /*
      Casts *val_1* and *val_2* as type *type_* and check the *op* condition for truthiness
      */
      declare
          op_symbol text = (
              case
                  when op = 'eq' then '='
                  when op = 'neq' then '!='
                  when op = 'lt' then '<'
                  when op = 'lte' then '<='
                  when op = 'gt' then '>'
                  when op = 'gte' then '>='
                  when op = 'in' then '= any'
                  else 'UNKNOWN OP'
              end
          );
          res boolean;
      begin
          execute format(
              'select %L::'|| type_::text || ' ' || op_symbol
              || ' ( %L::'
              || (
                  case
                      when op = 'in' then type_::text || '[]'
                      else type_::text end
              )
              || ')', val_1, val_2) into res;
          return res;
      end;
      $$;


ALTER FUNCTION realtime.check_equality_op(op realtime.equality_op, type_ regtype, val_1 text, val_2 text) OWNER TO supabase_admin;

--
-- Name: is_visible_through_filters(realtime.wal_column[], realtime.user_defined_filter[]); Type: FUNCTION; Schema: realtime; Owner: supabase_admin
--

CREATE FUNCTION realtime.is_visible_through_filters(columns realtime.wal_column[], filters realtime.user_defined_filter[]) RETURNS boolean
    LANGUAGE sql IMMUTABLE
    AS $_$
    /*
    Should the record be visible (true) or filtered out (false) after *filters* are applied
    */
        select
            -- Default to allowed when no filters present
            $2 is null -- no filters. this should not happen because subscriptions has a default
            or array_length($2, 1) is null -- array length of an empty array is null
            or bool_and(
                coalesce(
                    realtime.check_equality_op(
                        op:=f.op,
                        type_:=coalesce(
                            col.type_oid::regtype, -- null when wal2json version <= 2.4
                            col.type_name::regtype
                        ),
                        -- cast jsonb to text
                        val_1:=col.value #>> '{}',
                        val_2:=f.value
                    ),
                    false -- if null, filter does not match
                )
            )
        from
            unnest(filters) f
            join unnest(columns) col
                on f.column_name = col.name;
    $_$;


ALTER FUNCTION realtime.is_visible_through_filters(columns realtime.wal_column[], filters realtime.user_defined_filter[]) OWNER TO supabase_admin;

--
-- Name: list_changes(name, name, integer, integer); Type: FUNCTION; Schema: realtime; Owner: supabase_admin
--

CREATE FUNCTION realtime.list_changes(publication name, slot_name name, max_changes integer, max_record_bytes integer) RETURNS SETOF realtime.wal_rls
    LANGUAGE sql
    SET log_min_messages TO 'fatal'
    AS $$
      with pub as (
        select
          concat_ws(
            ',',
            case when bool_or(pubinsert) then 'insert' else null end,
            case when bool_or(pubupdate) then 'update' else null end,
            case when bool_or(pubdelete) then 'delete' else null end
          ) as w2j_actions,
          coalesce(
            string_agg(
              realtime.quote_wal2json(format('%I.%I', schemaname, tablename)::regclass),
              ','
            ) filter (where ppt.tablename is not null and ppt.tablename not like '% %'),
            ''
          ) w2j_add_tables
        from
          pg_publication pp
          left join pg_publication_tables ppt
            on pp.pubname = ppt.pubname
        where
          pp.pubname = publication
        group by
          pp.pubname
        limit 1
      ),
      w2j as (
        select
          x.*, pub.w2j_add_tables
        from
          pub,
          pg_logical_slot_get_changes(
            slot_name, null, max_changes,
            'include-pk', 'true',
            'include-transaction', 'false',
            'include-timestamp', 'true',
            'include-type-oids', 'true',
            'format-version', '2',
            'actions', pub.w2j_actions,
            'add-tables', pub.w2j_add_tables
          ) x
      )
      select
        xyz.wal,
        xyz.is_rls_enabled,
        xyz.subscription_ids,
        xyz.errors
      from
        w2j,
        realtime.apply_rls(
          wal := w2j.data::jsonb,
          max_record_bytes := max_record_bytes
        ) xyz(wal, is_rls_enabled, subscription_ids, errors)
      where
        w2j.w2j_add_tables <> ''
        and xyz.subscription_ids[1] is not null
    $$;


ALTER FUNCTION realtime.list_changes(publication name, slot_name name, max_changes integer, max_record_bytes integer) OWNER TO supabase_admin;

--
-- Name: quote_wal2json(regclass); Type: FUNCTION; Schema: realtime; Owner: supabase_admin
--

CREATE FUNCTION realtime.quote_wal2json(entity regclass) RETURNS text
    LANGUAGE sql IMMUTABLE STRICT
    AS $$
      select
        (
          select string_agg('' || ch,'')
          from unnest(string_to_array(nsp.nspname::text, null)) with ordinality x(ch, idx)
          where
            not (x.idx = 1 and x.ch = '"')
            and not (
              x.idx = array_length(string_to_array(nsp.nspname::text, null), 1)
              and x.ch = '"'
            )
        )
        || '.'
        || (
          select string_agg('' || ch,'')
          from unnest(string_to_array(pc.relname::text, null)) with ordinality x(ch, idx)
          where
            not (x.idx = 1 and x.ch = '"')
            and not (
              x.idx = array_length(string_to_array(nsp.nspname::text, null), 1)
              and x.ch = '"'
            )
          )
      from
        pg_class pc
        join pg_namespace nsp
          on pc.relnamespace = nsp.oid
      where
        pc.oid = entity
    $$;


ALTER FUNCTION realtime.quote_wal2json(entity regclass) OWNER TO supabase_admin;

--
-- Name: subscription_check_filters(); Type: FUNCTION; Schema: realtime; Owner: supabase_admin
--

CREATE FUNCTION realtime.subscription_check_filters() RETURNS trigger
    LANGUAGE plpgsql
    AS $$
    /*
    Validates that the user defined filters for a subscription:
    - refer to valid columns that the claimed role may access
    - values are coercable to the correct column type
    */
    declare
        col_names text[] = coalesce(
                array_agg(c.column_name order by c.ordinal_position),
                '{}'::text[]
            )
            from
                information_schema.columns c
            where
                format('%I.%I', c.table_schema, c.table_name)::regclass = new.entity
                and pg_catalog.has_column_privilege(
                    (new.claims ->> 'role'),
                    format('%I.%I', c.table_schema, c.table_name)::regclass,
                    c.column_name,
                    'SELECT'
                );
        filter realtime.user_defined_filter;
        col_type regtype;

        in_val jsonb;
    begin
        for filter in select * from unnest(new.filters) loop
            -- Filtered column is valid
            if not filter.column_name = any(col_names) then
                raise exception 'invalid column for filter %', filter.column_name;
            end if;

            -- Type is sanitized and safe for string interpolation
            col_type = (
                select atttypid::regtype
                from pg_catalog.pg_attribute
                where attrelid = new.entity
                      and attname = filter.column_name
            );
            if col_type is null then
                raise exception 'failed to lookup type for column %', filter.column_name;
            end if;

            -- Set maximum number of entries for in filter
            if filter.op = 'in'::realtime.equality_op then
                in_val = realtime.cast(filter.value, (col_type::text || '[]')::regtype);
                if coalesce(jsonb_array_length(in_val), 0) > 100 then
                    raise exception 'too many values for `in` filter. Maximum 100';
                end if;
            else
                -- raises an exception if value is not coercable to type
                perform realtime.cast(filter.value, col_type);
            end if;

        end loop;

        -- Apply consistent order to filters so the unique constraint on
        -- (subscription_id, entity, filters) can't be tricked by a different filter order
        new.filters = coalesce(
            array_agg(f order by f.column_name, f.op, f.value),
            '{}'
        ) from unnest(new.filters) f;

        return new;
    end;
    $$;


ALTER FUNCTION realtime.subscription_check_filters() OWNER TO supabase_admin;

--
-- Name: to_regrole(text); Type: FUNCTION; Schema: realtime; Owner: supabase_admin
--

CREATE FUNCTION realtime.to_regrole(role_name text) RETURNS regrole
    LANGUAGE sql IMMUTABLE
    AS $$ select role_name::regrole $$;


ALTER FUNCTION realtime.to_regrole(role_name text) OWNER TO supabase_admin;

--
-- Name: can_insert_object(text, text, uuid, jsonb); Type: FUNCTION; Schema: storage; Owner: supabase_storage_admin
--

CREATE FUNCTION storage.can_insert_object(bucketid text, name text, owner uuid, metadata jsonb) RETURNS void
    LANGUAGE plpgsql
    AS $$
BEGIN
  INSERT INTO "storage"."objects" ("bucket_id", "name", "owner", "metadata") VALUES (bucketid, name, owner, metadata);
  -- hack to rollback the successful insert
  RAISE sqlstate 'PT200' using
  message = 'ROLLBACK',
  detail = 'rollback successful insert';
END
$$;


ALTER FUNCTION storage.can_insert_object(bucketid text, name text, owner uuid, metadata jsonb) OWNER TO supabase_storage_admin;

--
-- Name: extension(text); Type: FUNCTION; Schema: storage; Owner: supabase_storage_admin
--

CREATE FUNCTION storage.extension(name text) RETURNS text
    LANGUAGE plpgsql
    AS $$
DECLARE
_parts text[];
_filename text;
BEGIN
	select string_to_array(name, '/') into _parts;
	select _parts[array_length(_parts,1)] into _filename;
	-- @todo return the last part instead of 2
	return reverse(split_part(reverse(_filename), '.', 1));
END
$$;


ALTER FUNCTION storage.extension(name text) OWNER TO supabase_storage_admin;

--
-- Name: filename(text); Type: FUNCTION; Schema: storage; Owner: supabase_storage_admin
--

CREATE FUNCTION storage.filename(name text) RETURNS text
    LANGUAGE plpgsql
    AS $$
DECLARE
_parts text[];
BEGIN
	select string_to_array(name, '/') into _parts;
	return _parts[array_length(_parts,1)];
END
$$;


ALTER FUNCTION storage.filename(name text) OWNER TO supabase_storage_admin;

--
-- Name: foldername(text); Type: FUNCTION; Schema: storage; Owner: supabase_storage_admin
--

CREATE FUNCTION storage.foldername(name text) RETURNS text[]
    LANGUAGE plpgsql
    AS $$
DECLARE
_parts text[];
BEGIN
	select string_to_array(name, '/') into _parts;
	return _parts[1:array_length(_parts,1)-1];
END
$$;


ALTER FUNCTION storage.foldername(name text) OWNER TO supabase_storage_admin;

--
-- Name: get_size_by_bucket(); Type: FUNCTION; Schema: storage; Owner: supabase_storage_admin
--

CREATE FUNCTION storage.get_size_by_bucket() RETURNS TABLE(size bigint, bucket_id text)
    LANGUAGE plpgsql
    AS $$
BEGIN
    return query
        select sum((metadata->>'size')::int) as size, obj.bucket_id
        from "storage".objects as obj
        group by obj.bucket_id;
END
$$;


ALTER FUNCTION storage.get_size_by_bucket() OWNER TO supabase_storage_admin;

--
-- Name: list_multipart_uploads_with_delimiter(text, text, text, integer, text, text); Type: FUNCTION; Schema: storage; Owner: supabase_storage_admin
--

CREATE FUNCTION storage.list_multipart_uploads_with_delimiter(bucket_id text, prefix_param text, delimiter_param text, max_keys integer DEFAULT 100, next_key_token text DEFAULT ''::text, next_upload_token text DEFAULT ''::text) RETURNS TABLE(key text, id text, created_at timestamp with time zone)
    LANGUAGE plpgsql
    AS $_$
BEGIN
    RETURN QUERY EXECUTE
        'SELECT DISTINCT ON(key COLLATE "C") * from (
            SELECT
                CASE
                    WHEN position($2 IN substring(key from length($1) + 1)) > 0 THEN
                        substring(key from 1 for length($1) + position($2 IN substring(key from length($1) + 1)))
                    ELSE
                        key
                END AS key, id, created_at
            FROM
                storage.s3_multipart_uploads
            WHERE
                bucket_id = $5 AND
                key ILIKE $1 || ''%'' AND
                CASE
                    WHEN $4 != '''' AND $6 = '''' THEN
                        CASE
                            WHEN position($2 IN substring(key from length($1) + 1)) > 0 THEN
                                substring(key from 1 for length($1) + position($2 IN substring(key from length($1) + 1))) COLLATE "C" > $4
                            ELSE
                                key COLLATE "C" > $4
                            END
                    ELSE
                        true
                END AND
                CASE
                    WHEN $6 != '''' THEN
                        id COLLATE "C" > $6
                    ELSE
                        true
                    END
            ORDER BY
                key COLLATE "C" ASC, created_at ASC) as e order by key COLLATE "C" LIMIT $3'
        USING prefix_param, delimiter_param, max_keys, next_key_token, bucket_id, next_upload_token;
END;
$_$;


ALTER FUNCTION storage.list_multipart_uploads_with_delimiter(bucket_id text, prefix_param text, delimiter_param text, max_keys integer, next_key_token text, next_upload_token text) OWNER TO supabase_storage_admin;

--
-- Name: list_objects_with_delimiter(text, text, text, integer, text, text); Type: FUNCTION; Schema: storage; Owner: supabase_storage_admin
--

CREATE FUNCTION storage.list_objects_with_delimiter(bucket_id text, prefix_param text, delimiter_param text, max_keys integer DEFAULT 100, start_after text DEFAULT ''::text, next_token text DEFAULT ''::text) RETURNS TABLE(name text, id uuid, metadata jsonb, updated_at timestamp with time zone)
    LANGUAGE plpgsql
    AS $_$
BEGIN
    RETURN QUERY EXECUTE
        'SELECT DISTINCT ON(name COLLATE "C") * from (
            SELECT
                CASE
                    WHEN position($2 IN substring(name from length($1) + 1)) > 0 THEN
                        substring(name from 1 for length($1) + position($2 IN substring(name from length($1) + 1)))
                    ELSE
                        name
                END AS name, id, metadata, updated_at
            FROM
                storage.objects
            WHERE
                bucket_id = $5 AND
                name ILIKE $1 || ''%'' AND
                CASE
                    WHEN $6 != '''' THEN
                    name COLLATE "C" > $6
                ELSE true END
                AND CASE
                    WHEN $4 != '''' THEN
                        CASE
                            WHEN position($2 IN substring(name from length($1) + 1)) > 0 THEN
                                substring(name from 1 for length($1) + position($2 IN substring(name from length($1) + 1))) COLLATE "C" > $4
                            ELSE
                                name COLLATE "C" > $4
                            END
                    ELSE
                        true
                END
            ORDER BY
                name COLLATE "C" ASC) as e order by name COLLATE "C" LIMIT $3'
        USING prefix_param, delimiter_param, max_keys, next_token, bucket_id, start_after;
END;
$_$;


ALTER FUNCTION storage.list_objects_with_delimiter(bucket_id text, prefix_param text, delimiter_param text, max_keys integer, start_after text, next_token text) OWNER TO supabase_storage_admin;

--
-- Name: search(text, text, integer, integer, integer, text, text, text); Type: FUNCTION; Schema: storage; Owner: supabase_storage_admin
--

CREATE FUNCTION storage.search(prefix text, bucketname text, limits integer DEFAULT 100, levels integer DEFAULT 1, offsets integer DEFAULT 0, search text DEFAULT ''::text, sortcolumn text DEFAULT 'name'::text, sortorder text DEFAULT 'asc'::text) RETURNS TABLE(name text, id uuid, updated_at timestamp with time zone, created_at timestamp with time zone, last_accessed_at timestamp with time zone, metadata jsonb)
    LANGUAGE plpgsql STABLE
    AS $_$
declare
  v_order_by text;
  v_sort_order text;
begin
  case
    when sortcolumn = 'name' then
      v_order_by = 'name';
    when sortcolumn = 'updated_at' then
      v_order_by = 'updated_at';
    when sortcolumn = 'created_at' then
      v_order_by = 'created_at';
    when sortcolumn = 'last_accessed_at' then
      v_order_by = 'last_accessed_at';
    else
      v_order_by = 'name';
  end case;

  case
    when sortorder = 'asc' then
      v_sort_order = 'asc';
    when sortorder = 'desc' then
      v_sort_order = 'desc';
    else
      v_sort_order = 'asc';
  end case;

  v_order_by = v_order_by || ' ' || v_sort_order;

  return query execute
    'with folders as (
       select path_tokens[$1] as folder
       from storage.objects
         where objects.name ilike $2 || $3 || ''%''
           and bucket_id = $4
           and array_length(objects.path_tokens, 1) <> $1
       group by folder
       order by folder ' || v_sort_order || '
     )
     (select folder as "name",
            null as id,
            null as updated_at,
            null as created_at,
            null as last_accessed_at,
            null as metadata from folders)
     union all
     (select path_tokens[$1] as "name",
            id,
            updated_at,
            created_at,
            last_accessed_at,
            metadata
     from storage.objects
     where objects.name ilike $2 || $3 || ''%''
       and bucket_id = $4
       and array_length(objects.path_tokens, 1) = $1
     order by ' || v_order_by || ')
     limit $5
     offset $6' using levels, prefix, search, bucketname, limits, offsets;
end;
$_$;


ALTER FUNCTION storage.search(prefix text, bucketname text, limits integer, levels integer, offsets integer, search text, sortcolumn text, sortorder text) OWNER TO supabase_storage_admin;

--
-- Name: update_updated_at_column(); Type: FUNCTION; Schema: storage; Owner: supabase_storage_admin
--

CREATE FUNCTION storage.update_updated_at_column() RETURNS trigger
    LANGUAGE plpgsql
    AS $$
BEGIN
    NEW.updated_at = now();
    RETURN NEW; 
END;
$$;


ALTER FUNCTION storage.update_updated_at_column() OWNER TO supabase_storage_admin;

--
-- Name: secrets_encrypt_secret_secret(); Type: FUNCTION; Schema: vault; Owner: supabase_admin
--

CREATE FUNCTION vault.secrets_encrypt_secret_secret() RETURNS trigger
    LANGUAGE plpgsql
    AS $$
		BEGIN
		        new.secret = CASE WHEN new.secret IS NULL THEN NULL ELSE
			CASE WHEN new.key_id IS NULL THEN NULL ELSE pg_catalog.encode(
			  pgsodium.crypto_aead_det_encrypt(
				pg_catalog.convert_to(new.secret, 'utf8'),
				pg_catalog.convert_to((new.id::text || new.description::text || new.created_at::text || new.updated_at::text)::text, 'utf8'),
				new.key_id::uuid,
				new.nonce
			  ),
				'base64') END END;
		RETURN new;
		END;
		$$;


ALTER FUNCTION vault.secrets_encrypt_secret_secret() OWNER TO supabase_admin;

SET default_tablespace = '';

SET default_table_access_method = heap;

--
-- Name: audit_log_entries; Type: TABLE; Schema: auth; Owner: supabase_auth_admin
--

CREATE TABLE auth.audit_log_entries (
    instance_id uuid,
    id uuid NOT NULL,
    payload json,
    created_at timestamp with time zone,
    ip_address character varying(64) DEFAULT ''::character varying NOT NULL
);


ALTER TABLE auth.audit_log_entries OWNER TO supabase_auth_admin;

--
-- Name: TABLE audit_log_entries; Type: COMMENT; Schema: auth; Owner: supabase_auth_admin
--

COMMENT ON TABLE auth.audit_log_entries IS 'Auth: Audit trail for user actions.';


--
-- Name: flow_state; Type: TABLE; Schema: auth; Owner: supabase_auth_admin
--

CREATE TABLE auth.flow_state (
    id uuid NOT NULL,
    user_id uuid,
    auth_code text NOT NULL,
    code_challenge_method auth.code_challenge_method NOT NULL,
    code_challenge text NOT NULL,
    provider_type text NOT NULL,
    provider_access_token text,
    provider_refresh_token text,
    created_at timestamp with time zone,
    updated_at timestamp with time zone,
    authentication_method text NOT NULL,
    auth_code_issued_at timestamp with time zone
);


ALTER TABLE auth.flow_state OWNER TO supabase_auth_admin;

--
-- Name: TABLE flow_state; Type: COMMENT; Schema: auth; Owner: supabase_auth_admin
--

COMMENT ON TABLE auth.flow_state IS 'stores metadata for pkce logins';


--
-- Name: identities; Type: TABLE; Schema: auth; Owner: supabase_auth_admin
--

CREATE TABLE auth.identities (
    provider_id text NOT NULL,
    user_id uuid NOT NULL,
    identity_data jsonb NOT NULL,
    provider text NOT NULL,
    last_sign_in_at timestamp with time zone,
    created_at timestamp with time zone,
    updated_at timestamp with time zone,
    email text GENERATED ALWAYS AS (lower((identity_data ->> 'email'::text))) STORED,
    id uuid DEFAULT gen_random_uuid() NOT NULL
);


ALTER TABLE auth.identities OWNER TO supabase_auth_admin;

--
-- Name: TABLE identities; Type: COMMENT; Schema: auth; Owner: supabase_auth_admin
--

COMMENT ON TABLE auth.identities IS 'Auth: Stores identities associated to a user.';


--
-- Name: COLUMN identities.email; Type: COMMENT; Schema: auth; Owner: supabase_auth_admin
--

COMMENT ON COLUMN auth.identities.email IS 'Auth: Email is a generated column that references the optional email property in the identity_data';


--
-- Name: instances; Type: TABLE; Schema: auth; Owner: supabase_auth_admin
--

CREATE TABLE auth.instances (
    id uuid NOT NULL,
    uuid uuid,
    raw_base_config text,
    created_at timestamp with time zone,
    updated_at timestamp with time zone
);


ALTER TABLE auth.instances OWNER TO supabase_auth_admin;

--
-- Name: TABLE instances; Type: COMMENT; Schema: auth; Owner: supabase_auth_admin
--

COMMENT ON TABLE auth.instances IS 'Auth: Manages users across multiple sites.';


--
-- Name: mfa_amr_claims; Type: TABLE; Schema: auth; Owner: supabase_auth_admin
--

CREATE TABLE auth.mfa_amr_claims (
    session_id uuid NOT NULL,
    created_at timestamp with time zone NOT NULL,
    updated_at timestamp with time zone NOT NULL,
    authentication_method text NOT NULL,
    id uuid NOT NULL
);


ALTER TABLE auth.mfa_amr_claims OWNER TO supabase_auth_admin;

--
-- Name: TABLE mfa_amr_claims; Type: COMMENT; Schema: auth; Owner: supabase_auth_admin
--

COMMENT ON TABLE auth.mfa_amr_claims IS 'auth: stores authenticator method reference claims for multi factor authentication';


--
-- Name: mfa_challenges; Type: TABLE; Schema: auth; Owner: supabase_auth_admin
--

CREATE TABLE auth.mfa_challenges (
    id uuid NOT NULL,
    factor_id uuid NOT NULL,
    created_at timestamp with time zone NOT NULL,
    verified_at timestamp with time zone,
    ip_address inet NOT NULL
);


ALTER TABLE auth.mfa_challenges OWNER TO supabase_auth_admin;

--
-- Name: TABLE mfa_challenges; Type: COMMENT; Schema: auth; Owner: supabase_auth_admin
--

COMMENT ON TABLE auth.mfa_challenges IS 'auth: stores metadata about challenge requests made';


--
-- Name: mfa_factors; Type: TABLE; Schema: auth; Owner: supabase_auth_admin
--

CREATE TABLE auth.mfa_factors (
    id uuid NOT NULL,
    user_id uuid NOT NULL,
    friendly_name text,
    factor_type auth.factor_type NOT NULL,
    status auth.factor_status NOT NULL,
    created_at timestamp with time zone NOT NULL,
    updated_at timestamp with time zone NOT NULL,
    secret text
);


ALTER TABLE auth.mfa_factors OWNER TO supabase_auth_admin;

--
-- Name: TABLE mfa_factors; Type: COMMENT; Schema: auth; Owner: supabase_auth_admin
--

COMMENT ON TABLE auth.mfa_factors IS 'auth: stores metadata about factors';


--
-- Name: refresh_tokens; Type: TABLE; Schema: auth; Owner: supabase_auth_admin
--

CREATE TABLE auth.refresh_tokens (
    instance_id uuid,
    id bigint NOT NULL,
    token character varying(255),
    user_id character varying(255),
    revoked boolean,
    created_at timestamp with time zone,
    updated_at timestamp with time zone,
    parent character varying(255),
    session_id uuid
);


ALTER TABLE auth.refresh_tokens OWNER TO supabase_auth_admin;

--
-- Name: TABLE refresh_tokens; Type: COMMENT; Schema: auth; Owner: supabase_auth_admin
--

COMMENT ON TABLE auth.refresh_tokens IS 'Auth: Store of tokens used to refresh JWT tokens once they expire.';


--
-- Name: refresh_tokens_id_seq; Type: SEQUENCE; Schema: auth; Owner: supabase_auth_admin
--

CREATE SEQUENCE auth.refresh_tokens_id_seq
    START WITH 1
    INCREMENT BY 1
    NO MINVALUE
    NO MAXVALUE
    CACHE 1;


ALTER SEQUENCE auth.refresh_tokens_id_seq OWNER TO supabase_auth_admin;

--
-- Name: refresh_tokens_id_seq; Type: SEQUENCE OWNED BY; Schema: auth; Owner: supabase_auth_admin
--

ALTER SEQUENCE auth.refresh_tokens_id_seq OWNED BY auth.refresh_tokens.id;


--
-- Name: saml_providers; Type: TABLE; Schema: auth; Owner: supabase_auth_admin
--

CREATE TABLE auth.saml_providers (
    id uuid NOT NULL,
    sso_provider_id uuid NOT NULL,
    entity_id text NOT NULL,
    metadata_xml text NOT NULL,
    metadata_url text,
    attribute_mapping jsonb,
    created_at timestamp with time zone,
    updated_at timestamp with time zone,
    name_id_format text,
    CONSTRAINT "entity_id not empty" CHECK ((char_length(entity_id) > 0)),
    CONSTRAINT "metadata_url not empty" CHECK (((metadata_url = NULL::text) OR (char_length(metadata_url) > 0))),
    CONSTRAINT "metadata_xml not empty" CHECK ((char_length(metadata_xml) > 0))
);


ALTER TABLE auth.saml_providers OWNER TO supabase_auth_admin;

--
-- Name: TABLE saml_providers; Type: COMMENT; Schema: auth; Owner: supabase_auth_admin
--

COMMENT ON TABLE auth.saml_providers IS 'Auth: Manages SAML Identity Provider connections.';


--
-- Name: saml_relay_states; Type: TABLE; Schema: auth; Owner: supabase_auth_admin
--

CREATE TABLE auth.saml_relay_states (
    id uuid NOT NULL,
    sso_provider_id uuid NOT NULL,
    request_id text NOT NULL,
    for_email text,
    redirect_to text,
    created_at timestamp with time zone,
    updated_at timestamp with time zone,
    flow_state_id uuid,
    CONSTRAINT "request_id not empty" CHECK ((char_length(request_id) > 0))
);


ALTER TABLE auth.saml_relay_states OWNER TO supabase_auth_admin;

--
-- Name: TABLE saml_relay_states; Type: COMMENT; Schema: auth; Owner: supabase_auth_admin
--

COMMENT ON TABLE auth.saml_relay_states IS 'Auth: Contains SAML Relay State information for each Service Provider initiated login.';


--
-- Name: schema_migrations; Type: TABLE; Schema: auth; Owner: supabase_auth_admin
--

CREATE TABLE auth.schema_migrations (
    version character varying(255) NOT NULL
);


ALTER TABLE auth.schema_migrations OWNER TO supabase_auth_admin;

--
-- Name: TABLE schema_migrations; Type: COMMENT; Schema: auth; Owner: supabase_auth_admin
--

COMMENT ON TABLE auth.schema_migrations IS 'Auth: Manages updates to the auth system.';


--
-- Name: sessions; Type: TABLE; Schema: auth; Owner: supabase_auth_admin
--

CREATE TABLE auth.sessions (
    id uuid NOT NULL,
    user_id uuid NOT NULL,
    created_at timestamp with time zone,
    updated_at timestamp with time zone,
    factor_id uuid,
    aal auth.aal_level,
    not_after timestamp with time zone,
    refreshed_at timestamp without time zone,
    user_agent text,
    ip inet,
    tag text
);


ALTER TABLE auth.sessions OWNER TO supabase_auth_admin;

--
-- Name: TABLE sessions; Type: COMMENT; Schema: auth; Owner: supabase_auth_admin
--

COMMENT ON TABLE auth.sessions IS 'Auth: Stores session data associated to a user.';


--
-- Name: COLUMN sessions.not_after; Type: COMMENT; Schema: auth; Owner: supabase_auth_admin
--

COMMENT ON COLUMN auth.sessions.not_after IS 'Auth: Not after is a nullable column that contains a timestamp after which the session should be regarded as expired.';


--
-- Name: sso_domains; Type: TABLE; Schema: auth; Owner: supabase_auth_admin
--

CREATE TABLE auth.sso_domains (
    id uuid NOT NULL,
    sso_provider_id uuid NOT NULL,
    domain text NOT NULL,
    created_at timestamp with time zone,
    updated_at timestamp with time zone,
    CONSTRAINT "domain not empty" CHECK ((char_length(domain) > 0))
);


ALTER TABLE auth.sso_domains OWNER TO supabase_auth_admin;

--
-- Name: TABLE sso_domains; Type: COMMENT; Schema: auth; Owner: supabase_auth_admin
--

COMMENT ON TABLE auth.sso_domains IS 'Auth: Manages SSO email address domain mapping to an SSO Identity Provider.';


--
-- Name: sso_providers; Type: TABLE; Schema: auth; Owner: supabase_auth_admin
--

CREATE TABLE auth.sso_providers (
    id uuid NOT NULL,
    resource_id text,
    created_at timestamp with time zone,
    updated_at timestamp with time zone,
    CONSTRAINT "resource_id not empty" CHECK (((resource_id = NULL::text) OR (char_length(resource_id) > 0)))
);


ALTER TABLE auth.sso_providers OWNER TO supabase_auth_admin;

--
-- Name: TABLE sso_providers; Type: COMMENT; Schema: auth; Owner: supabase_auth_admin
--

COMMENT ON TABLE auth.sso_providers IS 'Auth: Manages SSO identity provider information; see saml_providers for SAML.';


--
-- Name: COLUMN sso_providers.resource_id; Type: COMMENT; Schema: auth; Owner: supabase_auth_admin
--

COMMENT ON COLUMN auth.sso_providers.resource_id IS 'Auth: Uniquely identifies a SSO provider according to a user-chosen resource ID (case insensitive), useful in infrastructure as code.';


--
-- Name: users; Type: TABLE; Schema: auth; Owner: supabase_auth_admin
--

CREATE TABLE auth.users (
    instance_id uuid,
    id uuid NOT NULL,
    aud character varying(255),
    role character varying(255),
    email character varying(255),
    encrypted_password character varying(255),
    email_confirmed_at timestamp with time zone,
    invited_at timestamp with time zone,
    confirmation_token character varying(255),
    confirmation_sent_at timestamp with time zone,
    recovery_token character varying(255),
    recovery_sent_at timestamp with time zone,
    email_change_token_new character varying(255),
    email_change character varying(255),
    email_change_sent_at timestamp with time zone,
    last_sign_in_at timestamp with time zone,
    raw_app_meta_data jsonb,
    raw_user_meta_data jsonb,
    is_super_admin boolean,
    created_at timestamp with time zone,
    updated_at timestamp with time zone,
    phone text DEFAULT NULL::character varying,
    phone_confirmed_at timestamp with time zone,
    phone_change text DEFAULT ''::character varying,
    phone_change_token character varying(255) DEFAULT ''::character varying,
    phone_change_sent_at timestamp with time zone,
    confirmed_at timestamp with time zone GENERATED ALWAYS AS (LEAST(email_confirmed_at, phone_confirmed_at)) STORED,
    email_change_token_current character varying(255) DEFAULT ''::character varying,
    email_change_confirm_status smallint DEFAULT 0,
    banned_until timestamp with time zone,
    reauthentication_token character varying(255) DEFAULT ''::character varying,
    reauthentication_sent_at timestamp with time zone,
    is_sso_user boolean DEFAULT false NOT NULL,
    deleted_at timestamp with time zone,
    is_anonymous boolean DEFAULT false NOT NULL,
    CONSTRAINT users_email_change_confirm_status_check CHECK (((email_change_confirm_status >= 0) AND (email_change_confirm_status <= 2)))
);


ALTER TABLE auth.users OWNER TO supabase_auth_admin;

--
-- Name: TABLE users; Type: COMMENT; Schema: auth; Owner: supabase_auth_admin
--

COMMENT ON TABLE auth.users IS 'Auth: Stores user login data within a secure schema.';


--
-- Name: COLUMN users.is_sso_user; Type: COMMENT; Schema: auth; Owner: supabase_auth_admin
--

COMMENT ON COLUMN auth.users.is_sso_user IS 'Auth: Set this column to true when the account comes from SSO. These accounts can have duplicate emails.';


--
-- Name: article_marks; Type: TABLE; Schema: public; Owner: postgres
--

CREATE TABLE public.article_marks (
    id bigint NOT NULL,
    "articleId" bigint NOT NULL,
    start real NOT NULL,
    "end" real NOT NULL,
    line smallint NOT NULL,
    created_at timestamp with time zone DEFAULT now() NOT NULL
);


ALTER TABLE public.article_marks OWNER TO postgres;

--
-- Name: article_marks_id_seq; Type: SEQUENCE; Schema: public; Owner: postgres
--

ALTER TABLE public.article_marks ALTER COLUMN id ADD GENERATED BY DEFAULT AS IDENTITY (
    SEQUENCE NAME public.article_marks_id_seq
    START WITH 1
    INCREMENT BY 1
    NO MINVALUE
    NO MAXVALUE
    CACHE 1
);


--
-- Name: article_pitch_quiz_questions; Type: TABLE; Schema: public; Owner: postgres
--

CREATE TABLE public.article_pitch_quiz_questions (
    id bigint NOT NULL,
    line smallint NOT NULL,
    "lockedIndexes" smallint[] NOT NULL,
    "quizId" bigint NOT NULL,
    created_at timestamp with time zone DEFAULT now() NOT NULL
);


ALTER TABLE public.article_pitch_quiz_questions OWNER TO postgres;

--
-- Name: article_pitch_questions_id_seq; Type: SEQUENCE; Schema: public; Owner: postgres
--

ALTER TABLE public.article_pitch_quiz_questions ALTER COLUMN id ADD GENERATED BY DEFAULT AS IDENTITY (
    SEQUENCE NAME public.article_pitch_questions_id_seq
    START WITH 1
    INCREMENT BY 1
    NO MINVALUE
    NO MAXVALUE
    CACHE 1
);


--
-- Name: article_pitch_quiz_answer_rows; Type: TABLE; Schema: public; Owner: postgres
--

CREATE TABLE public.article_pitch_quiz_answer_rows (
    id bigint NOT NULL,
    "answerId" bigint NOT NULL,
    line smallint NOT NULL,
    "pitchStr" text NOT NULL,
    created_at timestamp with time zone DEFAULT now() NOT NULL
);


ALTER TABLE public.article_pitch_quiz_answer_rows OWNER TO postgres;

--
-- Name: article_pitch_quiz_answer_rows_id_seq; Type: SEQUENCE; Schema: public; Owner: postgres
--

ALTER TABLE public.article_pitch_quiz_answer_rows ALTER COLUMN id ADD GENERATED BY DEFAULT AS IDENTITY (
    SEQUENCE NAME public.article_pitch_quiz_answer_rows_id_seq
    START WITH 1
    INCREMENT BY 1
    NO MINVALUE
    NO MAXVALUE
    CACHE 1
);


--
-- Name: article_pitch_quiz_answers; Type: TABLE; Schema: public; Owner: postgres
--

CREATE TABLE public.article_pitch_quiz_answers (
    id bigint NOT NULL,
    "quizId" bigint NOT NULL,
    created_at timestamp with time zone DEFAULT now() NOT NULL
);


ALTER TABLE public.article_pitch_quiz_answers OWNER TO postgres;

--
-- Name: article_pitch_quizzes; Type: TABLE; Schema: public; Owner: postgres
--

CREATE TABLE public.article_pitch_quizzes (
    id bigint NOT NULL,
    title text NOT NULL,
    "hasAudio" boolean DEFAULT true NOT NULL,
    "articleId" bigint NOT NULL,
    created_at timestamp with time zone DEFAULT now() NOT NULL,
    "isDev" boolean DEFAULT true NOT NULL
);


ALTER TABLE public.article_pitch_quizzes OWNER TO postgres;

--
-- Name: articles; Type: TABLE; Schema: public; Owner: postgres
--

CREATE TABLE public.articles (
    id bigint NOT NULL,
    uid uuid NOT NULL,
    date text NOT NULL,
    title text NOT NULL,
    "audioPath" text NOT NULL,
    "isShowAccents" boolean DEFAULT false NOT NULL,
    created_at timestamp with time zone DEFAULT now() NOT NULL,
    "isArchived" boolean DEFAULT false NOT NULL
);


ALTER TABLE public.articles OWNER TO postgres;

--
-- Name: sentences; Type: TABLE; Schema: public; Owner: postgres
--

CREATE TABLE public.sentences (
    id bigint NOT NULL,
    line smallint NOT NULL,
    "articleId" bigint NOT NULL,
    chinese text NOT NULL,
    japanese text NOT NULL,
    "pitchStr" text NOT NULL,
    original text NOT NULL,
    created_at timestamp with time zone DEFAULT now() NOT NULL
);


ALTER TABLE public.sentences OWNER TO postgres;

--
-- Name: article_pitch_quiz_answer_rows_view; Type: VIEW; Schema: public; Owner: postgres
--

CREATE VIEW public.article_pitch_quiz_answer_rows_view AS
 SELECT qr.id,
    qa.id AS "answerId",
    qa."quizId",
    q.title,
    q."hasAudio",
    a."audioPath",
    qr.line,
    s."pitchStr",
    qr."pitchStr" AS answer,
    qq."lockedIndexes",
    am.start,
    am."end",
    qa.created_at
   FROM ((((((public.article_pitch_quiz_answer_rows qr
     JOIN public.article_pitch_quiz_answers qa ON ((qr."answerId" = qa.id)))
     JOIN public.article_pitch_quiz_questions qq ON (((qa."quizId" = qq."quizId") AND (qr.line = qq.line))))
     JOIN public.article_pitch_quizzes q ON ((qa."quizId" = q.id)))
     JOIN public.sentences s ON (((q."articleId" = s."articleId") AND (qr.line = s.line))))
     JOIN public.article_marks am ON (((q."articleId" = am."articleId") AND (qr.line = am.line))))
     JOIN public.articles a ON ((a.id = q."articleId")));


ALTER VIEW public.article_pitch_quiz_answer_rows_view OWNER TO postgres;

--
-- Name: users; Type: TABLE; Schema: public; Owner: postgres
--

CREATE TABLE public.users (
    uid uuid NOT NULL,
    display text NOT NULL,
    created_at timestamp with time zone DEFAULT now() NOT NULL
);


ALTER TABLE public.users OWNER TO postgres;

--
-- Name: article_pitch_quiz_answer_view; Type: VIEW; Schema: public; Owner: postgres
--

CREATE VIEW public.article_pitch_quiz_answer_view AS
 SELECT qa.id,
    q.title,
    u.display,
    a.id AS "articleId",
    q.id AS "quizId",
    q."hasAudio",
    a."audioPath",
    qa.created_at
   FROM (((public.article_pitch_quiz_answers qa
     JOIN public.article_pitch_quizzes q ON ((qa."quizId" = q.id)))
     JOIN public.articles a ON ((q."articleId" = a.id)))
     JOIN public.users u ON ((a.uid = u.uid)));


ALTER VIEW public.article_pitch_quiz_answer_view OWNER TO postgres;

--
-- Name: article_pitch_quiz_answers_id_seq; Type: SEQUENCE; Schema: public; Owner: postgres
--

ALTER TABLE public.article_pitch_quiz_answers ALTER COLUMN id ADD GENERATED BY DEFAULT AS IDENTITY (
    SEQUENCE NAME public.article_pitch_quiz_answers_id_seq
    START WITH 1
    INCREMENT BY 1
    NO MINVALUE
    NO MAXVALUE
    CACHE 1
);


--
-- Name: article_pitch_quiz_questions_view; Type: VIEW; Schema: public; Owner: postgres
--

CREATE VIEW public.article_pitch_quiz_questions_view AS
 SELECT qq.id,
    qq."quizId",
    q.title,
    q."hasAudio",
    q."isDev",
    q."articleId",
    a.uid,
    a."audioPath",
    qq.line,
    s.japanese,
    s."pitchStr",
    am.start,
    am."end",
    qq."lockedIndexes",
    qq.created_at
   FROM ((((public.article_pitch_quiz_questions qq
     JOIN public.article_pitch_quizzes q ON ((qq."quizId" = q.id)))
     JOIN public.articles a ON ((a.id = q."articleId")))
     JOIN public.sentences s ON (((a.id = s."articleId") AND (qq.line = s.line))))
     JOIN public.article_marks am ON (((am."articleId" = a.id) AND (am.line = s.line))));


ALTER VIEW public.article_pitch_quiz_questions_view OWNER TO postgres;

--
-- Name: article_pitch_quizzes_id_seq; Type: SEQUENCE; Schema: public; Owner: postgres
--

ALTER TABLE public.article_pitch_quizzes ALTER COLUMN id ADD GENERATED BY DEFAULT AS IDENTITY (
    SEQUENCE NAME public.article_pitch_quizzes_id_seq
    START WITH 1
    INCREMENT BY 1
    NO MINVALUE
    NO MAXVALUE
    CACHE 1
);


--
-- Name: article_pitch_quizzes_view; Type: VIEW; Schema: public; Owner: postgres
--

CREATE VIEW public.article_pitch_quizzes_view AS
 SELECT aq.id,
    aq."articleId",
    u.uid,
    u.display,
    aq.title,
    aq."hasAudio",
    aq."isDev",
    a."audioPath",
    aq.created_at
   FROM ((public.article_pitch_quizzes aq
     JOIN public.articles a ON ((aq."articleId" = a.id)))
     JOIN public.users u ON ((a.uid = u.uid)));


ALTER VIEW public.article_pitch_quizzes_view OWNER TO postgres;

--
-- Name: article_recorded_assignments; Type: TABLE; Schema: public; Owner: postgres
--

CREATE TABLE public.article_recorded_assignments (
    id bigint NOT NULL,
    "articleId" bigint NOT NULL,
    line smallint NOT NULL,
    "audioPath" text NOT NULL,
    created_at timestamp with time zone DEFAULT now() NOT NULL
);


ALTER TABLE public.article_recorded_assignments OWNER TO postgres;

--
-- Name: article_recorded_assinments_id_seq; Type: SEQUENCE; Schema: public; Owner: postgres
--

ALTER TABLE public.article_recorded_assignments ALTER COLUMN id ADD GENERATED BY DEFAULT AS IDENTITY (
    SEQUENCE NAME public.article_recorded_assinments_id_seq
    START WITH 1
    INCREMENT BY 1
    NO MINVALUE
    NO MAXVALUE
    CACHE 1
);


--
-- Name: articles_id_seq; Type: SEQUENCE; Schema: public; Owner: postgres
--

ALTER TABLE public.articles ALTER COLUMN id ADD GENERATED BY DEFAULT AS IDENTITY (
    SEQUENCE NAME public.articles_id_seq
    START WITH 1
    INCREMENT BY 1
    NO MINVALUE
    NO MAXVALUE
    CACHE 1
);


--
-- Name: articles_view; Type: VIEW; Schema: public; Owner: postgres
--

CREATE VIEW public.articles_view AS
 SELECT a.id,
    a.uid,
    u.display,
    a.date,
    a.title,
    a."audioPath",
    a."isShowAccents",
    a."isArchived",
    a.created_at
   FROM (public.articles a
     JOIN public.users u ON ((a.uid = u.uid)));


ALTER VIEW public.articles_view OWNER TO postgres;

--
-- Name: betterread; Type: TABLE; Schema: public; Owner: postgres
--

CREATE TABLE public.betterread (
    id bigint NOT NULL,
    uid uuid NOT NULL,
    created_at timestamp with time zone DEFAULT now() NOT NULL,
    "articleId" bigint NOT NULL
);


ALTER TABLE public.betterread OWNER TO postgres;

--
-- Name: betterread_id_seq; Type: SEQUENCE; Schema: public; Owner: postgres
--

ALTER TABLE public.betterread ALTER COLUMN id ADD GENERATED BY DEFAULT AS IDENTITY (
    SEQUENCE NAME public.betterread_id_seq
    START WITH 1
    INCREMENT BY 1
    NO MINVALUE
    NO MAXVALUE
    CACHE 1
);


--
-- Name: betterread_image_paths; Type: TABLE; Schema: public; Owner: postgres
--

CREATE TABLE public.betterread_image_paths (
    id bigint NOT NULL,
    "betterreadId" bigint NOT NULL,
    index smallint NOT NULL,
    "imagePath" text NOT NULL,
    created_at timestamp with time zone DEFAULT now() NOT NULL
);


ALTER TABLE public.betterread_image_paths OWNER TO postgres;

--
-- Name: betterread_image_paths_id_seq; Type: SEQUENCE; Schema: public; Owner: postgres
--

ALTER TABLE public.betterread_image_paths ALTER COLUMN id ADD GENERATED BY DEFAULT AS IDENTITY (
    SEQUENCE NAME public.betterread_image_paths_id_seq
    START WITH 1
    INCREMENT BY 1
    NO MINVALUE
    NO MAXVALUE
    CACHE 1
);


--
-- Name: betterread_image_paths_view; Type: VIEW; Schema: public; Owner: postgres
--

CREATE VIEW public.betterread_image_paths_view AS
 SELECT b.id AS "betterreadId",
    b.uid,
    b."articleId",
    a.title,
    s.line AS index,
    s.japanese,
    s.chinese,
    ip."imagePath",
    b.created_at
   FROM (((public.betterread b
     JOIN public.articles a ON ((a.id = b."articleId")))
     JOIN public.sentences s ON ((s."articleId" = b."articleId")))
     LEFT JOIN public.betterread_image_paths ip ON (((ip."betterreadId" = b.id) AND (ip.index = s.line))));


ALTER VIEW public.betterread_image_paths_view OWNER TO postgres;

--
-- Name: canvas; Type: TABLE; Schema: public; Owner: postgres
--

CREATE TABLE public.canvas (
    id bigint NOT NULL,
    x integer DEFAULT 0 NOT NULL,
    y integer DEFAULT 0 NOT NULL,
    label text DEFAULT ''::text NOT NULL,
    color text DEFAULT ''::text NOT NULL
);


ALTER TABLE public.canvas OWNER TO postgres;

--
-- Name: canvas_id_seq; Type: SEQUENCE; Schema: public; Owner: postgres
--

ALTER TABLE public.canvas ALTER COLUMN id ADD GENERATED BY DEFAULT AS IDENTITY (
    SEQUENCE NAME public.canvas_id_seq
    START WITH 1
    INCREMENT BY 1
    NO MINVALUE
    NO MAXVALUE
    CACHE 1
);


--
-- Name: note; Type: TABLE; Schema: public; Owner: postgres
--

CREATE TABLE public.note (
    id bigint NOT NULL,
    text text NOT NULL
);


ALTER TABLE public.note OWNER TO postgres;

--
-- Name: note_audio_paths; Type: TABLE; Schema: public; Owner: postgres
--

CREATE TABLE public.note_audio_paths (
    id bigint NOT NULL,
    index smallint NOT NULL,
    "audioPath" text NOT NULL
);


ALTER TABLE public.note_audio_paths OWNER TO postgres;

--
-- Name: note_audio_paths_id_seq; Type: SEQUENCE; Schema: public; Owner: postgres
--

ALTER TABLE public.note_audio_paths ALTER COLUMN id ADD GENERATED BY DEFAULT AS IDENTITY (
    SEQUENCE NAME public.note_audio_paths_id_seq
    START WITH 1
    INCREMENT BY 1
    NO MINVALUE
    NO MAXVALUE
    CACHE 1
);


--
-- Name: note_id_seq; Type: SEQUENCE; Schema: public; Owner: postgres
--

ALTER TABLE public.note ALTER COLUMN id ADD GENERATED BY DEFAULT AS IDENTITY (
    SEQUENCE NAME public.note_id_seq
    START WITH 1
    INCREMENT BY 1
    NO MINVALUE
    NO MAXVALUE
    CACHE 1
);


--
-- Name: page_states; Type: TABLE; Schema: public; Owner: postgres
--

CREATE TABLE public.page_states (
    uid uuid NOT NULL,
    "pageState" text NOT NULL,
    "isOpen" boolean DEFAULT false NOT NULL
);


ALTER TABLE public.page_states OWNER TO postgres;

--
-- Name: page_states_view; Type: VIEW; Schema: public; Owner: postgres
--

CREATE VIEW public.page_states_view AS
 SELECT ps.uid,
    u.display,
    ps."pageState",
    ps."isOpen"
   FROM (public.page_states ps
     JOIN public.users u ON ((u.uid = ps.uid)));


ALTER VIEW public.page_states_view OWNER TO postgres;

--
-- Name: paper_cup_params; Type: TABLE; Schema: public; Owner: postgres
--

CREATE TABLE public.paper_cup_params (
    id bigint NOT NULL,
    created_at timestamp with time zone DEFAULT now() NOT NULL,
    params text DEFAULT ''::text NOT NULL,
    cue text DEFAULT ''::text NOT NULL
);


ALTER TABLE public.paper_cup_params OWNER TO postgres;

--
-- Name: paper_cup_params_id_seq; Type: SEQUENCE; Schema: public; Owner: postgres
--

ALTER TABLE public.paper_cup_params ALTER COLUMN id ADD GENERATED BY DEFAULT AS IDENTITY (
    SEQUENCE NAME public.paper_cup_params_id_seq
    START WITH 1
    INCREMENT BY 1
    NO MINVALUE
    NO MAXVALUE
    CACHE 1
);


--
-- Name: pathname_logs; Type: TABLE; Schema: public; Owner: postgres
--

CREATE TABLE public.pathname_logs (
    id bigint NOT NULL,
    uid text NOT NULL,
    pathname text NOT NULL,
    created_at timestamp with time zone DEFAULT now() NOT NULL,
    removed_at timestamp with time zone
);


ALTER TABLE public.pathname_logs OWNER TO postgres;

--
-- Name: pathname_logs_id_seq; Type: SEQUENCE; Schema: public; Owner: postgres
--

ALTER TABLE public.pathname_logs ALTER COLUMN id ADD GENERATED BY DEFAULT AS IDENTITY (
    SEQUENCE NAME public.pathname_logs_id_seq
    START WITH 1
    INCREMENT BY 1
    NO MINVALUE
    NO MAXVALUE
    CACHE 1
);


--
-- Name: pathname_logs_view; Type: VIEW; Schema: public; Owner: postgres
--

CREATE VIEW public.pathname_logs_view AS
 WITH latest_created_ats AS (
         SELECT l_1.uid,
            max(l_1.created_at) AS created_at
           FROM public.pathname_logs l_1
          GROUP BY l_1.uid
        ), latest_pathname_logs AS (
         SELECT l_1.id,
            l_1.uid,
            l_1.pathname,
            l_1.created_at,
            l_1.removed_at
           FROM (public.pathname_logs l_1
             JOIN latest_created_ats c ON (((l_1.created_at = c.created_at) AND (l_1.uid = c.uid))))
        )
 SELECT u.uid,
    COALESCE(u.display, 'anon'::text) AS display,
    l.pathname,
    l.created_at,
    l.removed_at
   FROM (public.users u
     RIGHT JOIN latest_pathname_logs l ON (((u.uid)::text = l.uid)));


ALTER VIEW public.pathname_logs_view OWNER TO postgres;

--
-- Name: pitches; Type: TABLE; Schema: public; Owner: postgres
--

CREATE TABLE public.pitches (
    id bigint NOT NULL,
    "pitchStr" text NOT NULL,
    japanese text NOT NULL
);


ALTER TABLE public.pitches OWNER TO postgres;

--
-- Name: pitches_id_seq; Type: SEQUENCE; Schema: public; Owner: postgres
--

ALTER TABLE public.pitches ALTER COLUMN id ADD GENERATED BY DEFAULT AS IDENTITY (
    SEQUENCE NAME public.pitches_id_seq
    START WITH 1
    INCREMENT BY 1
    NO MINVALUE
    NO MAXVALUE
    CACHE 1
);


--
-- Name: pitches_user; Type: TABLE; Schema: public; Owner: postgres
--

CREATE TABLE public.pitches_user (
    id bigint NOT NULL,
    "pitchStr" text NOT NULL
);


ALTER TABLE public.pitches_user OWNER TO postgres;

--
-- Name: pitches_user_id_seq; Type: SEQUENCE; Schema: public; Owner: postgres
--

ALTER TABLE public.pitches_user ALTER COLUMN id ADD GENERATED BY DEFAULT AS IDENTITY (
    SEQUENCE NAME public.pitches_user_id_seq
    START WITH 1
    INCREMENT BY 1
    NO MINVALUE
    NO MAXVALUE
    CACHE 1
);


--
-- Name: record_params; Type: TABLE; Schema: public; Owner: postgres
--

CREATE TABLE public.record_params (
    id bigint NOT NULL,
    title text NOT NULL,
    "pitchStr" text NOT NULL,
    created_at timestamp with time zone DEFAULT now() NOT NULL
);


ALTER TABLE public.record_params OWNER TO postgres;

--
-- Name: record_params_id_seq; Type: SEQUENCE; Schema: public; Owner: postgres
--

ALTER TABLE public.record_params ALTER COLUMN id ADD GENERATED BY DEFAULT AS IDENTITY (
    SEQUENCE NAME public.record_params_id_seq
    START WITH 1
    INCREMENT BY 1
    NO MINVALUE
    NO MAXVALUE
    CACHE 1
);


--
-- Name: records; Type: TABLE; Schema: public; Owner: postgres
--

CREATE TABLE public.records (
    id bigint NOT NULL,
    path text NOT NULL,
    title text NOT NULL,
    "pitchStr" text NOT NULL,
    created_at timestamp with time zone DEFAULT now() NOT NULL
);


ALTER TABLE public.records OWNER TO postgres;

--
-- Name: records_id_seq; Type: SEQUENCE; Schema: public; Owner: postgres
--

ALTER TABLE public.records ALTER COLUMN id ADD GENERATED BY DEFAULT AS IDENTITY (
    SEQUENCE NAME public.records_id_seq
    START WITH 1
    INCREMENT BY 1
    NO MINVALUE
    NO MAXVALUE
    CACHE 1
);


--
-- Name: remote_login_trigger; Type: TABLE; Schema: public; Owner: postgres
--

CREATE TABLE public.remote_login_trigger (
    id bigint NOT NULL,
    updated_at timestamp with time zone NOT NULL
);


ALTER TABLE public.remote_login_trigger OWNER TO postgres;

--
-- Name: remote_login_trigger_id_seq; Type: SEQUENCE; Schema: public; Owner: postgres
--

ALTER TABLE public.remote_login_trigger ALTER COLUMN id ADD GENERATED BY DEFAULT AS IDENTITY (
    SEQUENCE NAME public.remote_login_trigger_id_seq
    START WITH 1
    INCREMENT BY 1
    NO MINVALUE
    NO MAXVALUE
    CACHE 1
);


--
-- Name: sentences_id_seq; Type: SEQUENCE; Schema: public; Owner: postgres
--

ALTER TABLE public.sentences ALTER COLUMN id ADD GENERATED BY DEFAULT AS IDENTITY (
    SEQUENCE NAME public.sentences_id_seq
    START WITH 1
    INCREMENT BY 1
    NO MINVALUE
    NO MAXVALUE
    CACHE 1
);


--
-- Name: sentences_view; Type: VIEW; Schema: public; Owner: postgres
--

CREATE VIEW public.sentences_view AS
 SELECT s.id,
    s."articleId",
    a.uid,
    a.date,
    a.title,
    a."audioPath",
    a."isShowAccents",
    a."isArchived",
    am.start,
    am."end",
    s.line,
    s.chinese,
    s.japanese,
    s."pitchStr",
    s.original,
    ar.id AS "articleRecordedAssignmentId",
    ar."audioPath" AS "recorded_audioPath",
    s.created_at
   FROM (((public.sentences s
     JOIN public.articles a ON ((a.id = s."articleId")))
     LEFT JOIN public.article_marks am ON (((a.id = am."articleId") AND (s.line = am.line))))
     LEFT JOIN public.article_recorded_assignments ar ON (((ar."articleId" = a.id) AND (ar.line = s.line))));


ALTER VIEW public.sentences_view OWNER TO postgres;

--
-- Name: speed_workout; Type: TABLE; Schema: public; Owner: postgres
--

CREATE TABLE public.speed_workout (
    id bigint NOT NULL,
    "selectedId" bigint,
    "isRunning" boolean DEFAULT false NOT NULL,
    "selectedItemId" bigint,
    "isOpen" boolean DEFAULT false NOT NULL
);


ALTER TABLE public.speed_workout OWNER TO postgres;

--
-- Name: speed_workout_id_seq; Type: SEQUENCE; Schema: public; Owner: postgres
--

ALTER TABLE public.speed_workout ALTER COLUMN id ADD GENERATED BY DEFAULT AS IDENTITY (
    SEQUENCE NAME public.speed_workout_id_seq
    START WITH 1
    INCREMENT BY 1
    NO MINVALUE
    NO MAXVALUE
    CACHE 1
);


--
-- Name: todos; Type: TABLE; Schema: public; Owner: postgres
--

CREATE TABLE public.todos (
    id bigint NOT NULL,
    created_at timestamp with time zone DEFAULT now() NOT NULL,
    title text,
    completed boolean DEFAULT false,
    created_by uuid DEFAULT auth.uid()
);


ALTER TABLE public.todos OWNER TO postgres;

--
-- Name: todos_id_seq; Type: SEQUENCE; Schema: public; Owner: postgres
--

ALTER TABLE public.todos ALTER COLUMN id ADD GENERATED BY DEFAULT AS IDENTITY (
    SEQUENCE NAME public.todos_id_seq
    START WITH 1
    INCREMENT BY 1
    NO MINVALUE
    NO MAXVALUE
    CACHE 1
);


--
-- Name: workout_items; Type: TABLE; Schema: public; Owner: postgres
--

CREATE TABLE public.workout_items (
    id bigint NOT NULL,
    created_at timestamp with time zone DEFAULT now() NOT NULL,
    index smallint NOT NULL,
    japanese text NOT NULL,
    "pitchStr" text NOT NULL,
    chinese text NOT NULL,
    "workoutId" bigint NOT NULL
);


ALTER TABLE public.workout_items OWNER TO postgres;

--
-- Name: workout_items_id_seq; Type: SEQUENCE; Schema: public; Owner: postgres
--

ALTER TABLE public.workout_items ALTER COLUMN id ADD GENERATED BY DEFAULT AS IDENTITY (
    SEQUENCE NAME public.workout_items_id_seq
    START WITH 1
    INCREMENT BY 1
    NO MINVALUE
    NO MAXVALUE
    CACHE 1
);


--
-- Name: workouts; Type: TABLE; Schema: public; Owner: postgres
--

CREATE TABLE public.workouts (
    id bigint NOT NULL,
    uid uuid DEFAULT gen_random_uuid() NOT NULL,
    title text NOT NULL,
    "isDev" boolean DEFAULT true NOT NULL,
    created_at timestamp with time zone DEFAULT now() NOT NULL,
    "isReview" boolean DEFAULT false NOT NULL,
    "targetBPM" smallint NOT NULL
);


ALTER TABLE public.workouts OWNER TO postgres;

--
-- Name: workout_items_view; Type: VIEW; Schema: public; Owner: postgres
--

CREATE VIEW public.workout_items_view AS
 SELECT wi.id,
    wi."workoutId",
    w.uid,
    u.display,
    w.title,
    w."isReview",
    w."targetBPM",
    wi.index,
    wi.japanese,
    wi."pitchStr",
    wi.chinese,
    wi.created_at
   FROM ((public.workout_items wi
     JOIN public.workouts w ON ((w.id = wi."workoutId")))
     JOIN public.users u ON ((u.uid = w.uid)));


ALTER VIEW public.workout_items_view OWNER TO postgres;

--
-- Name: workout_record_rows; Type: TABLE; Schema: public; Owner: postgres
--

CREATE TABLE public.workout_record_rows (
    id bigint NOT NULL,
    "workoutRecordId" bigint NOT NULL,
    index smallint NOT NULL,
    "workoutItemId" bigint NOT NULL,
    created_at timestamp with time zone DEFAULT now() NOT NULL
);


ALTER TABLE public.workout_record_rows OWNER TO postgres;

--
-- Name: workout_record_rows_id_seq; Type: SEQUENCE; Schema: public; Owner: postgres
--

ALTER TABLE public.workout_record_rows ALTER COLUMN id ADD GENERATED BY DEFAULT AS IDENTITY (
    SEQUENCE NAME public.workout_record_rows_id_seq
    START WITH 1
    INCREMENT BY 1
    NO MINVALUE
    NO MAXVALUE
    CACHE 1
);


--
-- Name: workout_records; Type: TABLE; Schema: public; Owner: postgres
--

CREATE TABLE public.workout_records (
    id bigint NOT NULL,
    "workoutId" bigint NOT NULL,
    bpm smallint NOT NULL,
    "audioPath" text NOT NULL,
    created_at timestamp with time zone DEFAULT now() NOT NULL
);


ALTER TABLE public.workout_records OWNER TO postgres;

--
-- Name: workout_record_rows_view; Type: VIEW; Schema: public; Owner: postgres
--

CREATE VIEW public.workout_record_rows_view AS
 SELECT rr.id,
    wi."workoutId",
    w.title,
    w.uid,
    w."isDev",
    w."isReview",
    w."targetBPM",
    rr."workoutRecordId",
    wr.bpm,
    wr."audioPath",
    rr.index,
    rr."workoutItemId",
    wi.japanese,
    wi."pitchStr",
    wi.chinese,
    rr.created_at
   FROM (((public.workout_record_rows rr
     JOIN public.workout_items wi ON ((rr."workoutItemId" = wi.id)))
     JOIN public.workout_records wr ON ((rr."workoutRecordId" = wr.id)))
     JOIN public.workouts w ON ((wi."workoutId" = w.id)));


ALTER VIEW public.workout_record_rows_view OWNER TO postgres;

--
-- Name: workout_records_id_seq; Type: SEQUENCE; Schema: public; Owner: postgres
--

ALTER TABLE public.workout_records ALTER COLUMN id ADD GENERATED BY DEFAULT AS IDENTITY (
    SEQUENCE NAME public.workout_records_id_seq
    START WITH 1
    INCREMENT BY 1
    NO MINVALUE
    NO MAXVALUE
    CACHE 1
);


--
-- Name: workouts_id_seq; Type: SEQUENCE; Schema: public; Owner: postgres
--

ALTER TABLE public.workouts ALTER COLUMN id ADD GENERATED BY DEFAULT AS IDENTITY (
    SEQUENCE NAME public.workouts_id_seq
    START WITH 1
    INCREMENT BY 1
    NO MINVALUE
    NO MAXVALUE
    CACHE 1
);


--
-- Name: workouts_view; Type: VIEW; Schema: public; Owner: postgres
--

CREATE VIEW public.workouts_view AS
 SELECT w.id,
    w.uid,
    u.display,
    w.title,
    w."isReview",
    w."targetBPM",
    w."isDev",
    w.created_at
   FROM (public.workouts w
     JOIN public.users u ON ((u.uid = w.uid)));


ALTER VIEW public.workouts_view OWNER TO postgres;

--
-- Name: broadcasts; Type: TABLE; Schema: realtime; Owner: supabase_realtime_admin
--

CREATE TABLE realtime.broadcasts (
    id bigint NOT NULL,
    channel_id bigint NOT NULL,
    inserted_at timestamp(0) without time zone NOT NULL,
    updated_at timestamp(0) without time zone NOT NULL
);


ALTER TABLE realtime.broadcasts OWNER TO supabase_realtime_admin;

--
-- Name: broadcasts_id_seq; Type: SEQUENCE; Schema: realtime; Owner: supabase_realtime_admin
--

CREATE SEQUENCE realtime.broadcasts_id_seq
    START WITH 1
    INCREMENT BY 1
    NO MINVALUE
    NO MAXVALUE
    CACHE 1;


ALTER SEQUENCE realtime.broadcasts_id_seq OWNER TO supabase_realtime_admin;

--
-- Name: broadcasts_id_seq; Type: SEQUENCE OWNED BY; Schema: realtime; Owner: supabase_realtime_admin
--

ALTER SEQUENCE realtime.broadcasts_id_seq OWNED BY realtime.broadcasts.id;


--
-- Name: channels; Type: TABLE; Schema: realtime; Owner: supabase_realtime_admin
--

CREATE TABLE realtime.channels (
    id bigint NOT NULL,
    name character varying(255) NOT NULL,
    inserted_at timestamp(0) without time zone NOT NULL,
    updated_at timestamp(0) without time zone NOT NULL
);


ALTER TABLE realtime.channels OWNER TO supabase_realtime_admin;

--
-- Name: channels_id_seq; Type: SEQUENCE; Schema: realtime; Owner: supabase_realtime_admin
--

CREATE SEQUENCE realtime.channels_id_seq
    START WITH 1
    INCREMENT BY 1
    NO MINVALUE
    NO MAXVALUE
    CACHE 1;


ALTER SEQUENCE realtime.channels_id_seq OWNER TO supabase_realtime_admin;

--
-- Name: channels_id_seq; Type: SEQUENCE OWNED BY; Schema: realtime; Owner: supabase_realtime_admin
--

ALTER SEQUENCE realtime.channels_id_seq OWNED BY realtime.channels.id;


--
-- Name: presences; Type: TABLE; Schema: realtime; Owner: supabase_realtime_admin
--

CREATE TABLE realtime.presences (
    id bigint NOT NULL,
    channel_id bigint NOT NULL,
    inserted_at timestamp(0) without time zone NOT NULL,
    updated_at timestamp(0) without time zone NOT NULL
);


ALTER TABLE realtime.presences OWNER TO supabase_realtime_admin;

--
-- Name: presences_id_seq; Type: SEQUENCE; Schema: realtime; Owner: supabase_realtime_admin
--

CREATE SEQUENCE realtime.presences_id_seq
    START WITH 1
    INCREMENT BY 1
    NO MINVALUE
    NO MAXVALUE
    CACHE 1;


ALTER SEQUENCE realtime.presences_id_seq OWNER TO supabase_realtime_admin;

--
-- Name: presences_id_seq; Type: SEQUENCE OWNED BY; Schema: realtime; Owner: supabase_realtime_admin
--

ALTER SEQUENCE realtime.presences_id_seq OWNED BY realtime.presences.id;


--
-- Name: schema_migrations; Type: TABLE; Schema: realtime; Owner: supabase_admin
--

CREATE TABLE realtime.schema_migrations (
    version bigint NOT NULL,
    inserted_at timestamp(0) without time zone
);


ALTER TABLE realtime.schema_migrations OWNER TO supabase_admin;

--
-- Name: subscription; Type: TABLE; Schema: realtime; Owner: supabase_admin
--

CREATE TABLE realtime.subscription (
    id bigint NOT NULL,
    subscription_id uuid NOT NULL,
    entity regclass NOT NULL,
    filters realtime.user_defined_filter[] DEFAULT '{}'::realtime.user_defined_filter[] NOT NULL,
    claims jsonb NOT NULL,
    claims_role regrole GENERATED ALWAYS AS (realtime.to_regrole((claims ->> 'role'::text))) STORED NOT NULL,
    created_at timestamp without time zone DEFAULT timezone('utc'::text, now()) NOT NULL
);


ALTER TABLE realtime.subscription OWNER TO supabase_admin;

--
-- Name: subscription_id_seq; Type: SEQUENCE; Schema: realtime; Owner: supabase_admin
--

ALTER TABLE realtime.subscription ALTER COLUMN id ADD GENERATED ALWAYS AS IDENTITY (
    SEQUENCE NAME realtime.subscription_id_seq
    START WITH 1
    INCREMENT BY 1
    NO MINVALUE
    NO MAXVALUE
    CACHE 1
);


--
-- Name: buckets; Type: TABLE; Schema: storage; Owner: supabase_storage_admin
--

CREATE TABLE storage.buckets (
    id text NOT NULL,
    name text NOT NULL,
    owner uuid,
    created_at timestamp with time zone DEFAULT now(),
    updated_at timestamp with time zone DEFAULT now(),
    public boolean DEFAULT false,
    avif_autodetection boolean DEFAULT false,
    file_size_limit bigint,
    allowed_mime_types text[],
    owner_id text
);


ALTER TABLE storage.buckets OWNER TO supabase_storage_admin;

--
-- Name: COLUMN buckets.owner; Type: COMMENT; Schema: storage; Owner: supabase_storage_admin
--

COMMENT ON COLUMN storage.buckets.owner IS 'Field is deprecated, use owner_id instead';


--
-- Name: migrations; Type: TABLE; Schema: storage; Owner: supabase_storage_admin
--

CREATE TABLE storage.migrations (
    id integer NOT NULL,
    name character varying(100) NOT NULL,
    hash character varying(40) NOT NULL,
    executed_at timestamp without time zone DEFAULT CURRENT_TIMESTAMP
);


ALTER TABLE storage.migrations OWNER TO supabase_storage_admin;

--
-- Name: objects; Type: TABLE; Schema: storage; Owner: supabase_storage_admin
--

CREATE TABLE storage.objects (
    id uuid DEFAULT gen_random_uuid() NOT NULL,
    bucket_id text,
    name text,
    owner uuid,
    created_at timestamp with time zone DEFAULT now(),
    updated_at timestamp with time zone DEFAULT now(),
    last_accessed_at timestamp with time zone DEFAULT now(),
    metadata jsonb,
    path_tokens text[] GENERATED ALWAYS AS (string_to_array(name, '/'::text)) STORED,
    version text,
    owner_id text
);


ALTER TABLE storage.objects OWNER TO supabase_storage_admin;

--
-- Name: COLUMN objects.owner; Type: COMMENT; Schema: storage; Owner: supabase_storage_admin
--

COMMENT ON COLUMN storage.objects.owner IS 'Field is deprecated, use owner_id instead';


--
-- Name: s3_multipart_uploads; Type: TABLE; Schema: storage; Owner: supabase_storage_admin
--

CREATE TABLE storage.s3_multipart_uploads (
    id text NOT NULL,
    in_progress_size bigint DEFAULT 0 NOT NULL,
    upload_signature text NOT NULL,
    bucket_id text NOT NULL,
    key text NOT NULL COLLATE pg_catalog."C",
    version text NOT NULL,
    owner_id text,
    created_at timestamp with time zone DEFAULT now() NOT NULL
);


ALTER TABLE storage.s3_multipart_uploads OWNER TO supabase_storage_admin;

--
-- Name: s3_multipart_uploads_parts; Type: TABLE; Schema: storage; Owner: supabase_storage_admin
--

CREATE TABLE storage.s3_multipart_uploads_parts (
    id uuid DEFAULT gen_random_uuid() NOT NULL,
    upload_id text NOT NULL,
    size bigint DEFAULT 0 NOT NULL,
    part_number integer NOT NULL,
    bucket_id text NOT NULL,
    key text NOT NULL COLLATE pg_catalog."C",
    etag text NOT NULL,
    owner_id text,
    version text NOT NULL,
    created_at timestamp with time zone DEFAULT now() NOT NULL
);


ALTER TABLE storage.s3_multipart_uploads_parts OWNER TO supabase_storage_admin;

--
-- Name: schema_migrations; Type: TABLE; Schema: supabase_migrations; Owner: postgres
--

CREATE TABLE supabase_migrations.schema_migrations (
    version text NOT NULL,
    statements text[],
    name text
);


ALTER TABLE supabase_migrations.schema_migrations OWNER TO postgres;

--
-- Name: decrypted_secrets; Type: VIEW; Schema: vault; Owner: supabase_admin
--

CREATE VIEW vault.decrypted_secrets AS
 SELECT secrets.id,
    secrets.name,
    secrets.description,
    secrets.secret,
        CASE
            WHEN (secrets.secret IS NULL) THEN NULL::text
            ELSE
            CASE
                WHEN (secrets.key_id IS NULL) THEN NULL::text
                ELSE convert_from(pgsodium.crypto_aead_det_decrypt(decode(secrets.secret, 'base64'::text), convert_to(((((secrets.id)::text || secrets.description) || (secrets.created_at)::text) || (secrets.updated_at)::text), 'utf8'::name), secrets.key_id, secrets.nonce), 'utf8'::name)
            END
        END AS decrypted_secret,
    secrets.key_id,
    secrets.nonce,
    secrets.created_at,
    secrets.updated_at
   FROM vault.secrets;


ALTER VIEW vault.decrypted_secrets OWNER TO supabase_admin;

--
-- Name: refresh_tokens id; Type: DEFAULT; Schema: auth; Owner: supabase_auth_admin
--

ALTER TABLE ONLY auth.refresh_tokens ALTER COLUMN id SET DEFAULT nextval('auth.refresh_tokens_id_seq'::regclass);


--
-- Name: broadcasts id; Type: DEFAULT; Schema: realtime; Owner: supabase_realtime_admin
--

ALTER TABLE ONLY realtime.broadcasts ALTER COLUMN id SET DEFAULT nextval('realtime.broadcasts_id_seq'::regclass);


--
-- Name: channels id; Type: DEFAULT; Schema: realtime; Owner: supabase_realtime_admin
--

ALTER TABLE ONLY realtime.channels ALTER COLUMN id SET DEFAULT nextval('realtime.channels_id_seq'::regclass);


--
-- Name: presences id; Type: DEFAULT; Schema: realtime; Owner: supabase_realtime_admin
--

ALTER TABLE ONLY realtime.presences ALTER COLUMN id SET DEFAULT nextval('realtime.presences_id_seq'::regclass);


--
-- Data for Name: audit_log_entries; Type: TABLE DATA; Schema: auth; Owner: supabase_auth_admin
--

COPY auth.audit_log_entries (instance_id, id, payload, created_at, ip_address) FROM stdin;
00000000-0000-0000-0000-000000000000	f2680319-56f5-4506-a6b8-6e444975b0d7	{"action":"user_confirmation_requested","actor_id":"f5fe9a30-1a26-4a97-83b0-4ef556038b79","actor_username":"chiha.tw@gmail.com","actor_via_sso":false,"log_type":"user","traits":{"provider":"email"}}	2024-01-24 17:11:29.724564+09	
00000000-0000-0000-0000-000000000000	87a11f50-9f04-482a-8df0-329341f98229	{"action":"user_signedup","actor_id":"f5fe9a30-1a26-4a97-83b0-4ef556038b79","actor_username":"chiha.tw@gmail.com","actor_via_sso":false,"log_type":"team"}	2024-01-24 17:12:01.314296+09	
00000000-0000-0000-0000-000000000000	6311cd2e-271b-4f86-b5f7-9a337e394052	{"action":"login","actor_id":"f5fe9a30-1a26-4a97-83b0-4ef556038b79","actor_username":"chiha.tw@gmail.com","actor_via_sso":false,"log_type":"account","traits":{"provider_type":"email"}}	2024-01-24 17:12:05.764005+09	
00000000-0000-0000-0000-000000000000	3acab734-3309-4956-9f20-668c4356611c	{"action":"user_recovery_requested","actor_id":"f5fe9a30-1a26-4a97-83b0-4ef556038b79","actor_username":"chiha.tw@gmail.com","actor_via_sso":false,"log_type":"user"}	2024-01-24 17:21:20.265634+09	
00000000-0000-0000-0000-000000000000	4a3dc486-9cb9-4ecc-878c-e8ab47709ce4	{"action":"login","actor_id":"f5fe9a30-1a26-4a97-83b0-4ef556038b79","actor_username":"chiha.tw@gmail.com","actor_via_sso":false,"log_type":"account"}	2024-01-24 17:21:35.143+09	
00000000-0000-0000-0000-000000000000	a794254f-cb4b-4f85-b8bf-f29b7bc22ccd	{"action":"login","actor_id":"f5fe9a30-1a26-4a97-83b0-4ef556038b79","actor_username":"chiha.tw@gmail.com","actor_via_sso":false,"log_type":"account","traits":{"provider_type":"magiclink"}}	2024-01-24 17:21:38.994426+09	
00000000-0000-0000-0000-000000000000	ca41bfb1-a1bd-426b-b32e-c1492bcbee01	{"action":"token_refreshed","actor_id":"f5fe9a30-1a26-4a97-83b0-4ef556038b79","actor_username":"chiha.tw@gmail.com","actor_via_sso":false,"log_type":"token"}	2024-01-24 18:19:49.198917+09	
00000000-0000-0000-0000-000000000000	c26b067f-1f20-4bb7-b1c4-cc08ac4be256	{"action":"token_revoked","actor_id":"f5fe9a30-1a26-4a97-83b0-4ef556038b79","actor_username":"chiha.tw@gmail.com","actor_via_sso":false,"log_type":"token"}	2024-01-24 18:19:49.199494+09	
00000000-0000-0000-0000-000000000000	248dcadf-8394-42b8-a33e-655c6055e3de	{"action":"token_refreshed","actor_id":"f5fe9a30-1a26-4a97-83b0-4ef556038b79","actor_username":"chiha.tw@gmail.com","actor_via_sso":false,"log_type":"token"}	2024-01-24 19:18:19.318647+09	
00000000-0000-0000-0000-000000000000	d83e4a3c-ce93-4e30-9887-90df9bc006a7	{"action":"token_revoked","actor_id":"f5fe9a30-1a26-4a97-83b0-4ef556038b79","actor_username":"chiha.tw@gmail.com","actor_via_sso":false,"log_type":"token"}	2024-01-24 19:18:19.31924+09	
00000000-0000-0000-0000-000000000000	0e3055aa-59da-42cb-9370-c674ef7fc682	{"action":"token_refreshed","actor_id":"f5fe9a30-1a26-4a97-83b0-4ef556038b79","actor_username":"chiha.tw@gmail.com","actor_via_sso":false,"log_type":"token"}	2024-01-24 20:16:49.412814+09	
00000000-0000-0000-0000-000000000000	6163fb7f-5c0b-426d-b912-9feec64a28c4	{"action":"token_revoked","actor_id":"f5fe9a30-1a26-4a97-83b0-4ef556038b79","actor_username":"chiha.tw@gmail.com","actor_via_sso":false,"log_type":"token"}	2024-01-24 20:16:49.413481+09	
00000000-0000-0000-0000-000000000000	a08823d4-4be4-4456-8cdd-ed672eb44f6d	{"action":"token_refreshed","actor_id":"f5fe9a30-1a26-4a97-83b0-4ef556038b79","actor_username":"chiha.tw@gmail.com","actor_via_sso":false,"log_type":"token"}	2024-01-24 21:15:19.456685+09	
00000000-0000-0000-0000-000000000000	6e5c5756-7605-4509-9461-82daf5308196	{"action":"token_revoked","actor_id":"f5fe9a30-1a26-4a97-83b0-4ef556038b79","actor_username":"chiha.tw@gmail.com","actor_via_sso":false,"log_type":"token"}	2024-01-24 21:15:19.457288+09	
00000000-0000-0000-0000-000000000000	5774a808-b458-4d3a-be15-c75ddf4504dc	{"action":"token_refreshed","actor_id":"f5fe9a30-1a26-4a97-83b0-4ef556038b79","actor_username":"chiha.tw@gmail.com","actor_via_sso":false,"log_type":"token"}	2024-01-24 22:13:40.024432+09	
00000000-0000-0000-0000-000000000000	b112f6c2-328c-416c-b1ac-5ab781a3ea97	{"action":"token_revoked","actor_id":"f5fe9a30-1a26-4a97-83b0-4ef556038b79","actor_username":"chiha.tw@gmail.com","actor_via_sso":false,"log_type":"token"}	2024-01-24 22:13:40.025175+09	
00000000-0000-0000-0000-000000000000	8f424464-898b-4f02-a63d-a84ec27c32dc	{"action":"token_refreshed","actor_id":"f5fe9a30-1a26-4a97-83b0-4ef556038b79","actor_username":"chiha.tw@gmail.com","actor_via_sso":false,"log_type":"token"}	2024-01-24 23:12:10.051258+09	
00000000-0000-0000-0000-000000000000	1f39e6d9-8edf-473f-8742-be5f1b7bf03b	{"action":"token_revoked","actor_id":"f5fe9a30-1a26-4a97-83b0-4ef556038b79","actor_username":"chiha.tw@gmail.com","actor_via_sso":false,"log_type":"token"}	2024-01-24 23:12:10.052187+09	
00000000-0000-0000-0000-000000000000	6ce6a564-9481-4032-8d8a-8e3530b4fbf6	{"action":"token_refreshed","actor_id":"f5fe9a30-1a26-4a97-83b0-4ef556038b79","actor_username":"chiha.tw@gmail.com","actor_via_sso":false,"log_type":"token"}	2024-01-25 00:10:40.216054+09	
00000000-0000-0000-0000-000000000000	92790d9a-a063-40db-ba48-e651e3eb58e3	{"action":"token_revoked","actor_id":"f5fe9a30-1a26-4a97-83b0-4ef556038b79","actor_username":"chiha.tw@gmail.com","actor_via_sso":false,"log_type":"token"}	2024-01-25 00:10:40.216732+09	
00000000-0000-0000-0000-000000000000	d547e0f0-e1a9-40dd-ab9b-9f8eaac94b33	{"action":"token_refreshed","actor_id":"f5fe9a30-1a26-4a97-83b0-4ef556038b79","actor_username":"chiha.tw@gmail.com","actor_via_sso":false,"log_type":"token"}	2024-01-25 01:16:03.940063+09	
00000000-0000-0000-0000-000000000000	a6f2514c-078a-4d1d-b83c-cdb4f6bbbe21	{"action":"token_revoked","actor_id":"f5fe9a30-1a26-4a97-83b0-4ef556038b79","actor_username":"chiha.tw@gmail.com","actor_via_sso":false,"log_type":"token"}	2024-01-25 01:16:03.940673+09	
00000000-0000-0000-0000-000000000000	3c5b81f1-403b-4eea-87a6-cccde2556bb7	{"action":"token_refreshed","actor_id":"f5fe9a30-1a26-4a97-83b0-4ef556038b79","actor_username":"chiha.tw@gmail.com","actor_via_sso":false,"log_type":"token"}	2024-01-31 10:36:50.96511+09	
00000000-0000-0000-0000-000000000000	fd63829a-a350-4484-b34d-e8cd46bc0c64	{"action":"token_revoked","actor_id":"f5fe9a30-1a26-4a97-83b0-4ef556038b79","actor_username":"chiha.tw@gmail.com","actor_via_sso":false,"log_type":"token"}	2024-01-31 10:36:50.968205+09	
00000000-0000-0000-0000-000000000000	92e6ce0f-bf97-4abf-a5de-169504f78b08	{"action":"token_refreshed","actor_id":"f5fe9a30-1a26-4a97-83b0-4ef556038b79","actor_username":"chiha.tw@gmail.com","actor_via_sso":false,"log_type":"token"}	2024-01-31 10:37:00.371852+09	
00000000-0000-0000-0000-000000000000	e61d8a56-b2df-4c94-9e01-09bdb79fbaba	{"action":"token_refreshed","actor_id":"f5fe9a30-1a26-4a97-83b0-4ef556038b79","actor_username":"chiha.tw@gmail.com","actor_via_sso":false,"log_type":"token"}	2024-01-31 12:08:06.771204+09	
00000000-0000-0000-0000-000000000000	396ca1bb-5d7e-4626-b315-a51444a0130b	{"action":"token_revoked","actor_id":"f5fe9a30-1a26-4a97-83b0-4ef556038b79","actor_username":"chiha.tw@gmail.com","actor_via_sso":false,"log_type":"token"}	2024-01-31 12:08:06.771955+09	
00000000-0000-0000-0000-000000000000	22d3df46-426a-420e-a9be-84786cce7811	{"action":"token_refreshed","actor_id":"f5fe9a30-1a26-4a97-83b0-4ef556038b79","actor_username":"chiha.tw@gmail.com","actor_via_sso":false,"log_type":"token"}	2024-01-31 12:08:18.510654+09	
00000000-0000-0000-0000-000000000000	ac14be56-3289-4d70-8a96-bc35f4945783	{"action":"user_recovery_requested","actor_id":"f5fe9a30-1a26-4a97-83b0-4ef556038b79","actor_username":"chiha.tw@gmail.com","actor_via_sso":false,"log_type":"user"}	2024-03-08 15:45:26.724501+09	
00000000-0000-0000-0000-000000000000	c9571927-03ce-480d-b2e2-a5e7b0b70340	{"action":"login","actor_id":"f5fe9a30-1a26-4a97-83b0-4ef556038b79","actor_username":"chiha.tw@gmail.com","actor_via_sso":false,"log_type":"account"}	2024-03-08 15:45:45.114006+09	
00000000-0000-0000-0000-000000000000	d2e32565-5ac8-4253-8293-01c06f95d0b8	{"action":"login","actor_id":"f5fe9a30-1a26-4a97-83b0-4ef556038b79","actor_username":"chiha.tw@gmail.com","actor_via_sso":false,"log_type":"account","traits":{"provider_type":"magiclink"}}	2024-03-08 15:45:47.638705+09	
00000000-0000-0000-0000-000000000000	28e44ced-ee28-4b5d-88a8-13cf89c54021	{"action":"user_recovery_requested","actor_id":"f5fe9a30-1a26-4a97-83b0-4ef556038b79","actor_username":"chiha.tw@gmail.com","actor_via_sso":false,"log_type":"user"}	2024-03-08 17:36:21.774686+09	
00000000-0000-0000-0000-000000000000	acb0b18c-9cd9-47d1-9e8e-d1e4227cf1d2	{"action":"login","actor_id":"f5fe9a30-1a26-4a97-83b0-4ef556038b79","actor_username":"chiha.tw@gmail.com","actor_via_sso":false,"log_type":"account"}	2024-03-08 17:36:41.150057+09	
00000000-0000-0000-0000-000000000000	73b36bfc-17a6-43f6-b591-000a2173a62b	{"action":"login","actor_id":"f5fe9a30-1a26-4a97-83b0-4ef556038b79","actor_username":"chiha.tw@gmail.com","actor_via_sso":false,"log_type":"account","traits":{"provider_type":"magiclink"}}	2024-03-08 17:36:43.708107+09	
00000000-0000-0000-0000-000000000000	7917e08f-a5b4-49b4-8bbe-b7dd61d52b9d	{"action":"user_deleted","actor_id":"00000000-0000-0000-0000-000000000000","actor_username":"service_role","actor_via_sso":false,"log_type":"team","traits":{"user_email":"chiha.tw@gmail.com","user_id":"f5fe9a30-1a26-4a97-83b0-4ef556038b79","user_phone":""}}	2024-04-16 14:48:19.72861+09	
00000000-0000-0000-0000-000000000000	f04df746-7d6d-426b-8d11-bf9002941b94	{"action":"user_signedup","actor_id":"00000000-0000-0000-0000-000000000000","actor_username":"service_role","actor_via_sso":false,"log_type":"team","traits":{"user_email":"chiha.tw@gmail.com","user_id":"fb799d7d-b779-4c1c-a8fe-660f5c11d8b2","user_phone":""}}	2024-04-16 14:48:34.231864+09	
00000000-0000-0000-0000-000000000000	fd577291-2756-47b0-a8da-9540f69be806	{"action":"login","actor_id":"fb799d7d-b779-4c1c-a8fe-660f5c11d8b2","actor_username":"chiha.tw@gmail.com","actor_via_sso":false,"log_type":"account","traits":{"provider":"email"}}	2024-04-16 14:51:58.358859+09	
00000000-0000-0000-0000-000000000000	529b7b07-38fe-457f-97f8-0366eaa2934d	{"action":"login","actor_id":"fb799d7d-b779-4c1c-a8fe-660f5c11d8b2","actor_username":"chiha.tw@gmail.com","actor_via_sso":false,"log_type":"account","traits":{"provider":"email"}}	2024-04-16 14:55:46.823932+09	
00000000-0000-0000-0000-000000000000	ca2af287-eb21-47a3-822d-11f55e64cef1	{"action":"token_refreshed","actor_id":"fb799d7d-b779-4c1c-a8fe-660f5c11d8b2","actor_username":"chiha.tw@gmail.com","actor_via_sso":false,"log_type":"token"}	2024-04-21 20:02:26.328909+09	
00000000-0000-0000-0000-000000000000	6cf63bc0-5494-4ca8-a221-d9abd24df006	{"action":"token_revoked","actor_id":"fb799d7d-b779-4c1c-a8fe-660f5c11d8b2","actor_username":"chiha.tw@gmail.com","actor_via_sso":false,"log_type":"token"}	2024-04-21 20:02:26.338223+09	
00000000-0000-0000-0000-000000000000	8ed6c443-cce7-4b51-9330-7ecad35e4642	{"action":"token_refreshed","actor_id":"fb799d7d-b779-4c1c-a8fe-660f5c11d8b2","actor_username":"chiha.tw@gmail.com","actor_via_sso":false,"log_type":"token"}	2024-04-21 20:02:27.544437+09	
00000000-0000-0000-0000-000000000000	53aadc12-3d03-4bf9-a994-5a05ca87fd2f	{"action":"token_refreshed","actor_id":"fb799d7d-b779-4c1c-a8fe-660f5c11d8b2","actor_username":"chiha.tw@gmail.com","actor_via_sso":false,"log_type":"token"}	2024-04-21 20:02:27.681169+09	
00000000-0000-0000-0000-000000000000	f08a10c6-80b9-4d3b-be5c-94cdde744515	{"action":"token_refreshed","actor_id":"fb799d7d-b779-4c1c-a8fe-660f5c11d8b2","actor_username":"chiha.tw@gmail.com","actor_via_sso":false,"log_type":"token"}	2024-04-21 20:02:29.260909+09	
00000000-0000-0000-0000-000000000000	b8b2fce2-cdfa-4721-8210-16770e15d5f6	{"action":"token_refreshed","actor_id":"fb799d7d-b779-4c1c-a8fe-660f5c11d8b2","actor_username":"chiha.tw@gmail.com","actor_via_sso":false,"log_type":"token"}	2024-04-21 20:02:31.132607+09	
00000000-0000-0000-0000-000000000000	b8903756-3a2c-45ee-9012-81157b0581f2	{"action":"logout","actor_id":"fb799d7d-b779-4c1c-a8fe-660f5c11d8b2","actor_username":"chiha.tw@gmail.com","actor_via_sso":false,"log_type":"account"}	2024-04-21 20:02:42.429985+09	
00000000-0000-0000-0000-000000000000	e78d8422-44ce-474f-b1ec-c035ee5ae72e	{"action":"user_signedup","actor_id":"00000000-0000-0000-0000-000000000000","actor_username":"service_role","actor_via_sso":false,"log_type":"team","traits":{"user_email":"go@gmail.com","user_id":"594d9b95-665c-4a9e-9b61-cdac61c99883","user_phone":""}}	2024-04-21 20:04:00.450621+09	
00000000-0000-0000-0000-000000000000	cbecfa28-78d6-4732-8441-0c245ebcee45	{"action":"login","actor_id":"594d9b95-665c-4a9e-9b61-cdac61c99883","actor_username":"go@gmail.com","actor_via_sso":false,"log_type":"account","traits":{"provider":"email"}}	2024-04-21 20:04:05.833785+09	
00000000-0000-0000-0000-000000000000	4413cab0-4dbb-4592-b292-d471a3024ef9	{"action":"login","actor_id":"594d9b95-665c-4a9e-9b61-cdac61c99883","actor_username":"go@gmail.com","actor_via_sso":false,"log_type":"account","traits":{"provider":"email"}}	2024-04-21 20:10:07.555575+09	
00000000-0000-0000-0000-000000000000	1d33fa43-0b5e-434b-8cf3-fe3d45b74f31	{"action":"login","actor_id":"594d9b95-665c-4a9e-9b61-cdac61c99883","actor_username":"go@gmail.com","actor_via_sso":false,"log_type":"account","traits":{"provider":"email"}}	2024-04-21 20:12:57.038381+09	
00000000-0000-0000-0000-000000000000	d6e5c7f5-dc70-44bf-bcf5-acd5a7ae30cb	{"action":"login","actor_id":"594d9b95-665c-4a9e-9b61-cdac61c99883","actor_username":"go@gmail.com","actor_via_sso":false,"log_type":"account","traits":{"provider":"email"}}	2024-04-21 20:54:04.467483+09	
00000000-0000-0000-0000-000000000000	d879e916-d530-4dbd-9d60-3019ac81356b	{"action":"token_refreshed","actor_id":"594d9b95-665c-4a9e-9b61-cdac61c99883","actor_username":"go@gmail.com","actor_via_sso":false,"log_type":"token"}	2024-04-21 23:50:37.35486+09	
00000000-0000-0000-0000-000000000000	f275cb49-f9ac-4149-8995-3a12395056d9	{"action":"token_revoked","actor_id":"594d9b95-665c-4a9e-9b61-cdac61c99883","actor_username":"go@gmail.com","actor_via_sso":false,"log_type":"token"}	2024-04-21 23:50:37.356022+09	
00000000-0000-0000-0000-000000000000	ed71f505-7c46-46a2-9796-646c2f0ae15c	{"action":"token_refreshed","actor_id":"594d9b95-665c-4a9e-9b61-cdac61c99883","actor_username":"go@gmail.com","actor_via_sso":false,"log_type":"token"}	2024-04-21 23:50:39.385575+09	
00000000-0000-0000-0000-000000000000	5c00b9fe-cd80-482f-9463-aee97f1e669c	{"action":"token_refreshed","actor_id":"594d9b95-665c-4a9e-9b61-cdac61c99883","actor_username":"go@gmail.com","actor_via_sso":false,"log_type":"token"}	2024-04-21 23:50:39.509679+09	
00000000-0000-0000-0000-000000000000	b5c40835-b352-4c47-bb95-2ec3c268d7e2	{"action":"token_refreshed","actor_id":"594d9b95-665c-4a9e-9b61-cdac61c99883","actor_username":"go@gmail.com","actor_via_sso":false,"log_type":"token"}	2024-04-21 23:50:41.2343+09	
00000000-0000-0000-0000-000000000000	54ecacac-fd61-464d-a8b5-31cd450ebed4	{"action":"token_refreshed","actor_id":"594d9b95-665c-4a9e-9b61-cdac61c99883","actor_username":"go@gmail.com","actor_via_sso":false,"log_type":"token"}	2024-04-21 23:50:42.824448+09	
00000000-0000-0000-0000-000000000000	c0f7229d-a8d8-40bf-8ccc-9be036aa8e6a	{"action":"token_refreshed","actor_id":"594d9b95-665c-4a9e-9b61-cdac61c99883","actor_username":"go@gmail.com","actor_via_sso":false,"log_type":"token"}	2024-04-21 23:50:43.934486+09	
00000000-0000-0000-0000-000000000000	f158eccf-0562-400d-bb8f-95a353b21d7d	{"action":"token_refreshed","actor_id":"594d9b95-665c-4a9e-9b61-cdac61c99883","actor_username":"go@gmail.com","actor_via_sso":false,"log_type":"token"}	2024-04-22 05:37:26.326967+09	
00000000-0000-0000-0000-000000000000	8dbbd33e-4b87-4d9a-869b-ef2ba987d457	{"action":"token_revoked","actor_id":"594d9b95-665c-4a9e-9b61-cdac61c99883","actor_username":"go@gmail.com","actor_via_sso":false,"log_type":"token"}	2024-04-22 05:37:26.33238+09	
00000000-0000-0000-0000-000000000000	ede35ffe-1659-4341-8d86-9dad1b16df07	{"action":"token_refreshed","actor_id":"594d9b95-665c-4a9e-9b61-cdac61c99883","actor_username":"go@gmail.com","actor_via_sso":false,"log_type":"token"}	2024-04-23 06:35:52.007521+09	
00000000-0000-0000-0000-000000000000	4fd54ba0-1348-433e-a4ae-74e6328dd7c0	{"action":"token_revoked","actor_id":"594d9b95-665c-4a9e-9b61-cdac61c99883","actor_username":"go@gmail.com","actor_via_sso":false,"log_type":"token"}	2024-04-23 06:35:52.022092+09	
00000000-0000-0000-0000-000000000000	f3a792b0-e84a-4357-984a-45634c7f732c	{"action":"token_refreshed","actor_id":"594d9b95-665c-4a9e-9b61-cdac61c99883","actor_username":"go@gmail.com","actor_via_sso":false,"log_type":"token"}	2024-04-23 06:35:52.075265+09	
00000000-0000-0000-0000-000000000000	534c4073-6e1c-46f4-98af-7d6fe83fc379	{"action":"token_refreshed","actor_id":"594d9b95-665c-4a9e-9b61-cdac61c99883","actor_username":"go@gmail.com","actor_via_sso":false,"log_type":"token"}	2024-04-23 06:35:52.091721+09	
00000000-0000-0000-0000-000000000000	dd9256b4-e175-4327-b252-a398b403dd01	{"action":"token_refreshed","actor_id":"594d9b95-665c-4a9e-9b61-cdac61c99883","actor_username":"go@gmail.com","actor_via_sso":false,"log_type":"token"}	2024-04-23 06:35:52.129526+09	
00000000-0000-0000-0000-000000000000	e71e7469-3896-4017-b65d-a3f77ab6b3ae	{"action":"token_refreshed","actor_id":"594d9b95-665c-4a9e-9b61-cdac61c99883","actor_username":"go@gmail.com","actor_via_sso":false,"log_type":"token"}	2024-04-23 06:35:52.582765+09	
00000000-0000-0000-0000-000000000000	620b5bf0-9553-486e-b901-07ca2fe588a2	{"action":"token_refreshed","actor_id":"594d9b95-665c-4a9e-9b61-cdac61c99883","actor_username":"go@gmail.com","actor_via_sso":false,"log_type":"token"}	2024-04-23 06:35:54.489336+09	
00000000-0000-0000-0000-000000000000	cad22ec9-890a-4a83-be35-9b8473a84cfa	{"action":"token_refreshed","actor_id":"594d9b95-665c-4a9e-9b61-cdac61c99883","actor_username":"go@gmail.com","actor_via_sso":false,"log_type":"token"}	2024-04-23 06:35:54.618063+09	
00000000-0000-0000-0000-000000000000	3c4f35ba-06f9-4d5c-afe8-08f08ba4ad9f	{"action":"token_refreshed","actor_id":"594d9b95-665c-4a9e-9b61-cdac61c99883","actor_username":"go@gmail.com","actor_via_sso":false,"log_type":"token"}	2024-04-23 06:35:56.299125+09	
00000000-0000-0000-0000-000000000000	de8f6c55-62d0-4972-aab5-a3b8a9c9d9de	{"action":"token_refreshed","actor_id":"594d9b95-665c-4a9e-9b61-cdac61c99883","actor_username":"go@gmail.com","actor_via_sso":false,"log_type":"token"}	2024-04-23 06:35:57.984853+09	
00000000-0000-0000-0000-000000000000	d03cc180-b9ba-4c59-a7eb-d4b95f6fd3c9	{"action":"token_refreshed","actor_id":"594d9b95-665c-4a9e-9b61-cdac61c99883","actor_username":"go@gmail.com","actor_via_sso":false,"log_type":"token"}	2024-04-23 06:35:59.682888+09	
00000000-0000-0000-0000-000000000000	b99886dd-ccd4-4894-bc78-7fe54a95f8a9	{"action":"login","actor_id":"594d9b95-665c-4a9e-9b61-cdac61c99883","actor_username":"go@gmail.com","actor_via_sso":false,"log_type":"account","traits":{"provider":"email"}}	2024-04-27 05:28:39.323465+09	
00000000-0000-0000-0000-000000000000	558bf615-08ee-4379-9521-80657398cd38	{"action":"user_signedup","actor_id":"00000000-0000-0000-0000-000000000000","actor_username":"service_role","actor_via_sso":false,"log_type":"team","traits":{"user_email":"test@gmail.com","user_id":"c049d5c9-66ba-4986-94f3-48c99d893457","user_phone":""}}	2024-04-27 12:55:10.734655+09	
00000000-0000-0000-0000-000000000000	14265c92-29cc-4399-96a7-2654ba04b972	{"action":"login","actor_id":"fb799d7d-b779-4c1c-a8fe-660f5c11d8b2","actor_username":"chiha.tw@gmail.com","actor_via_sso":false,"log_type":"account","traits":{"provider":"email"}}	2024-04-27 12:55:26.722759+09	
00000000-0000-0000-0000-000000000000	b1575783-b404-4912-add4-fe62255e2cde	{"action":"login","actor_id":"c049d5c9-66ba-4986-94f3-48c99d893457","actor_username":"test@gmail.com","actor_via_sso":false,"log_type":"account","traits":{"provider":"email"}}	2024-04-27 12:56:34.936338+09	
00000000-0000-0000-0000-000000000000	bb920c98-6b20-45b1-8bc7-040091cd2cf7	{"action":"login","actor_id":"c049d5c9-66ba-4986-94f3-48c99d893457","actor_username":"test@gmail.com","actor_via_sso":false,"log_type":"account","traits":{"provider":"email"}}	2024-04-27 13:03:57.320589+09	
00000000-0000-0000-0000-000000000000	edde3373-1370-4dbd-b086-3c13daeeea9c	{"action":"token_refreshed","actor_id":"594d9b95-665c-4a9e-9b61-cdac61c99883","actor_username":"go@gmail.com","actor_via_sso":false,"log_type":"token"}	2024-04-29 06:12:13.671624+09	
00000000-0000-0000-0000-000000000000	0222e900-2969-42c6-8374-952837a36d9c	{"action":"token_revoked","actor_id":"594d9b95-665c-4a9e-9b61-cdac61c99883","actor_username":"go@gmail.com","actor_via_sso":false,"log_type":"token"}	2024-04-29 06:12:13.681937+09	
00000000-0000-0000-0000-000000000000	e1ab746f-a00d-4fe1-b8aa-71b7c0bba760	{"action":"token_refreshed","actor_id":"594d9b95-665c-4a9e-9b61-cdac61c99883","actor_username":"go@gmail.com","actor_via_sso":false,"log_type":"token"}	2024-04-29 06:12:15.983143+09	
00000000-0000-0000-0000-000000000000	321ee03c-ec03-4622-88ea-cbc276470392	{"action":"token_refreshed","actor_id":"594d9b95-665c-4a9e-9b61-cdac61c99883","actor_username":"go@gmail.com","actor_via_sso":false,"log_type":"token"}	2024-04-29 06:12:16.132446+09	
00000000-0000-0000-0000-000000000000	70d8c9d8-0e51-41e2-bc1c-0759a24512fd	{"action":"token_refreshed","actor_id":"594d9b95-665c-4a9e-9b61-cdac61c99883","actor_username":"go@gmail.com","actor_via_sso":false,"log_type":"token"}	2024-04-29 06:12:17.559899+09	
00000000-0000-0000-0000-000000000000	09ba0526-7b57-4295-8094-72498db6485b	{"action":"token_refreshed","actor_id":"594d9b95-665c-4a9e-9b61-cdac61c99883","actor_username":"go@gmail.com","actor_via_sso":false,"log_type":"token"}	2024-04-29 06:12:19.205525+09	
00000000-0000-0000-0000-000000000000	1d9d5fff-0654-423f-b359-156593a991fb	{"action":"token_refreshed","actor_id":"594d9b95-665c-4a9e-9b61-cdac61c99883","actor_username":"go@gmail.com","actor_via_sso":false,"log_type":"token"}	2024-04-29 06:12:20.433588+09	
00000000-0000-0000-0000-000000000000	4bca9176-0802-4636-a4f1-4e43f2a129dc	{"action":"logout","actor_id":"594d9b95-665c-4a9e-9b61-cdac61c99883","actor_username":"go@gmail.com","actor_via_sso":false,"log_type":"account"}	2024-04-29 06:12:26.628374+09	
00000000-0000-0000-0000-000000000000	571c5643-7980-42d1-a929-d64f7a66ba6b	{"action":"login","actor_id":"fb799d7d-b779-4c1c-a8fe-660f5c11d8b2","actor_username":"chiha.tw@gmail.com","actor_via_sso":false,"log_type":"account","traits":{"provider":"email"}}	2024-04-29 06:13:06.967616+09	
00000000-0000-0000-0000-000000000000	0381d6dd-80ae-46f8-a319-337a43215662	{"action":"user_signedup","actor_id":"00000000-0000-0000-0000-000000000000","actor_username":"service_role","actor_via_sso":false,"log_type":"team","traits":{"user_email":"lisan@gmail.com","user_id":"d830dab9-31dc-4634-9045-d70e05b93d81","user_phone":""}}	2024-04-29 06:14:06.711511+09	
00000000-0000-0000-0000-000000000000	e0bb4117-4742-4f98-9a22-4114b1bec8b4	{"action":"user_signedup","actor_id":"00000000-0000-0000-0000-000000000000","actor_username":"service_role","actor_via_sso":false,"log_type":"team","traits":{"user_email":"kousan@gmail.com","user_id":"b2d7045a-bfb9-4aa2-88ed-fdfbac324e72","user_phone":""}}	2024-04-29 06:14:22.017764+09	
00000000-0000-0000-0000-000000000000	54fb6c10-1859-4476-b588-0ab1f21956bb	{"action":"token_refreshed","actor_id":"fb799d7d-b779-4c1c-a8fe-660f5c11d8b2","actor_username":"chiha.tw@gmail.com","actor_via_sso":false,"log_type":"token"}	2024-04-29 09:09:14.967941+09	
00000000-0000-0000-0000-000000000000	55f5b471-dd19-4027-83a7-36bddb6b17f4	{"action":"token_revoked","actor_id":"fb799d7d-b779-4c1c-a8fe-660f5c11d8b2","actor_username":"chiha.tw@gmail.com","actor_via_sso":false,"log_type":"token"}	2024-04-29 09:09:14.973068+09	
00000000-0000-0000-0000-000000000000	ed481c74-46aa-45eb-8914-3fa93a953f8f	{"action":"token_refreshed","actor_id":"fb799d7d-b779-4c1c-a8fe-660f5c11d8b2","actor_username":"chiha.tw@gmail.com","actor_via_sso":false,"log_type":"token"}	2024-04-29 09:09:17.293064+09	
00000000-0000-0000-0000-000000000000	e468da9b-205d-4fb6-99e6-155c71c43f8a	{"action":"token_refreshed","actor_id":"fb799d7d-b779-4c1c-a8fe-660f5c11d8b2","actor_username":"chiha.tw@gmail.com","actor_via_sso":false,"log_type":"token"}	2024-04-29 10:14:02.684061+09	
00000000-0000-0000-0000-000000000000	22f70de5-2395-47df-9529-c32da3f3152f	{"action":"token_revoked","actor_id":"fb799d7d-b779-4c1c-a8fe-660f5c11d8b2","actor_username":"chiha.tw@gmail.com","actor_via_sso":false,"log_type":"token"}	2024-04-29 10:14:02.684649+09	
00000000-0000-0000-0000-000000000000	b51815af-f349-4888-9241-17e6c2c75809	{"action":"token_refreshed","actor_id":"fb799d7d-b779-4c1c-a8fe-660f5c11d8b2","actor_username":"chiha.tw@gmail.com","actor_via_sso":false,"log_type":"token"}	2024-04-29 10:14:04.695269+09	
00000000-0000-0000-0000-000000000000	75387c83-41ed-47ae-a1b4-cf45def19607	{"action":"token_refreshed","actor_id":"fb799d7d-b779-4c1c-a8fe-660f5c11d8b2","actor_username":"chiha.tw@gmail.com","actor_via_sso":false,"log_type":"token"}	2024-04-29 10:14:04.805639+09	
00000000-0000-0000-0000-000000000000	ace72658-7085-41a2-a0f6-ec65c4e4e127	{"action":"token_refreshed","actor_id":"fb799d7d-b779-4c1c-a8fe-660f5c11d8b2","actor_username":"chiha.tw@gmail.com","actor_via_sso":false,"log_type":"token"}	2024-04-29 10:14:05.888706+09	
00000000-0000-0000-0000-000000000000	75a5edc3-a057-46a7-b029-69a02a1e74da	{"action":"token_refreshed","actor_id":"fb799d7d-b779-4c1c-a8fe-660f5c11d8b2","actor_username":"chiha.tw@gmail.com","actor_via_sso":false,"log_type":"token"}	2024-04-29 10:14:06.973494+09	
00000000-0000-0000-0000-000000000000	bda5516f-c564-4906-9a43-a5f9cc84b8db	{"action":"token_refreshed","actor_id":"fb799d7d-b779-4c1c-a8fe-660f5c11d8b2","actor_username":"chiha.tw@gmail.com","actor_via_sso":false,"log_type":"token"}	2024-04-29 11:14:03.11331+09	
00000000-0000-0000-0000-000000000000	88e9e9e5-d080-44ae-8f6b-afa7ccf4d47c	{"action":"token_revoked","actor_id":"fb799d7d-b779-4c1c-a8fe-660f5c11d8b2","actor_username":"chiha.tw@gmail.com","actor_via_sso":false,"log_type":"token"}	2024-04-29 11:14:03.115162+09	
00000000-0000-0000-0000-000000000000	2c08a98a-5943-4352-b978-99d94513efcb	{"action":"token_refreshed","actor_id":"fb799d7d-b779-4c1c-a8fe-660f5c11d8b2","actor_username":"chiha.tw@gmail.com","actor_via_sso":false,"log_type":"token"}	2024-04-29 11:14:07.606377+09	
00000000-0000-0000-0000-000000000000	d59d6710-c863-47e5-b9b9-0601a4cabddd	{"action":"login","actor_id":"d830dab9-31dc-4634-9045-d70e05b93d81","actor_username":"lisan@gmail.com","actor_via_sso":false,"log_type":"account","traits":{"provider":"email"}}	2024-04-29 11:52:06.772062+09	
00000000-0000-0000-0000-000000000000	73513d11-3817-4fa8-a24a-c9b8a551ed9f	{"action":"logout","actor_id":"d830dab9-31dc-4634-9045-d70e05b93d81","actor_username":"lisan@gmail.com","actor_via_sso":false,"log_type":"account"}	2024-04-29 11:54:22.251036+09	
00000000-0000-0000-0000-000000000000	399f816d-9472-4cce-be4b-63d58b90b1c6	{"action":"login","actor_id":"594d9b95-665c-4a9e-9b61-cdac61c99883","actor_username":"go@gmail.com","actor_via_sso":false,"log_type":"account","traits":{"provider":"email"}}	2024-04-29 11:54:36.956742+09	
00000000-0000-0000-0000-000000000000	e31242dc-3cc2-47e2-9c66-ccc507016daa	{"action":"token_refreshed","actor_id":"fb799d7d-b779-4c1c-a8fe-660f5c11d8b2","actor_username":"chiha.tw@gmail.com","actor_via_sso":false,"log_type":"token"}	2024-04-29 12:17:25.769737+09	
00000000-0000-0000-0000-000000000000	3b9eac31-09a3-4ef1-82bc-c80fdbb7fdc0	{"action":"token_revoked","actor_id":"fb799d7d-b779-4c1c-a8fe-660f5c11d8b2","actor_username":"chiha.tw@gmail.com","actor_via_sso":false,"log_type":"token"}	2024-04-29 12:17:25.770883+09	
00000000-0000-0000-0000-000000000000	921e77d5-f890-450f-a710-cb27bd264110	{"action":"token_refreshed","actor_id":"fb799d7d-b779-4c1c-a8fe-660f5c11d8b2","actor_username":"chiha.tw@gmail.com","actor_via_sso":false,"log_type":"token"}	2024-04-29 12:17:25.786851+09	
00000000-0000-0000-0000-000000000000	96706773-1ef6-4479-b7a4-2d5fe137c03c	{"action":"logout","actor_id":"d830dab9-31dc-4634-9045-d70e05b93d81","actor_username":"lisan@gmail.com","actor_via_sso":false,"log_type":"account"}	2024-04-29 12:28:58.121883+09	
00000000-0000-0000-0000-000000000000	61659108-f453-489f-84b7-691502f71c8f	{"action":"login","actor_id":"b2d7045a-bfb9-4aa2-88ed-fdfbac324e72","actor_username":"kousan@gmail.com","actor_via_sso":false,"log_type":"account","traits":{"provider":"email"}}	2024-04-29 12:29:07.166923+09	
00000000-0000-0000-0000-000000000000	69185094-32d4-4f72-b127-9d2ec79d5a12	{"action":"login","actor_id":"d830dab9-31dc-4634-9045-d70e05b93d81","actor_username":"lisan@gmail.com","actor_via_sso":false,"log_type":"account","traits":{"provider":"email"}}	2024-04-29 12:39:12.994623+09	
00000000-0000-0000-0000-000000000000	aa010b07-f84a-403d-8b29-e0d82d747a52	{"action":"token_refreshed","actor_id":"fb799d7d-b779-4c1c-a8fe-660f5c11d8b2","actor_username":"chiha.tw@gmail.com","actor_via_sso":false,"log_type":"token"}	2024-04-30 05:09:54.132161+09	
00000000-0000-0000-0000-000000000000	53fbcfbc-3976-4c8c-bad9-50ae67f93788	{"action":"token_revoked","actor_id":"fb799d7d-b779-4c1c-a8fe-660f5c11d8b2","actor_username":"chiha.tw@gmail.com","actor_via_sso":false,"log_type":"token"}	2024-04-30 05:09:54.140627+09	
00000000-0000-0000-0000-000000000000	b2f52a22-c511-4c18-9461-f32374bb0d52	{"action":"token_refreshed","actor_id":"fb799d7d-b779-4c1c-a8fe-660f5c11d8b2","actor_username":"chiha.tw@gmail.com","actor_via_sso":false,"log_type":"token"}	2024-04-30 05:09:56.43377+09	
00000000-0000-0000-0000-000000000000	3aabc464-58bd-4eae-a0c4-1463adf9c422	{"action":"token_refreshed","actor_id":"fb799d7d-b779-4c1c-a8fe-660f5c11d8b2","actor_username":"chiha.tw@gmail.com","actor_via_sso":false,"log_type":"token"}	2024-04-30 05:09:56.445121+09	
00000000-0000-0000-0000-000000000000	bcccd9f9-9121-4937-a829-fbfef08d33d6	{"action":"token_refreshed","actor_id":"fb799d7d-b779-4c1c-a8fe-660f5c11d8b2","actor_username":"chiha.tw@gmail.com","actor_via_sso":false,"log_type":"token"}	2024-04-30 05:09:57.583082+09	
00000000-0000-0000-0000-000000000000	53f6f036-a72e-43b6-8f31-0c29da5e467f	{"action":"token_refreshed","actor_id":"fb799d7d-b779-4c1c-a8fe-660f5c11d8b2","actor_username":"chiha.tw@gmail.com","actor_via_sso":false,"log_type":"token"}	2024-04-30 05:09:58.853545+09	
00000000-0000-0000-0000-000000000000	1a0b6d95-49f5-47c8-8b89-37b86a21867c	{"action":"login","actor_id":"d830dab9-31dc-4634-9045-d70e05b93d81","actor_username":"lisan@gmail.com","actor_via_sso":false,"log_type":"account","traits":{"provider":"email"}}	2024-04-29 12:02:50.664949+09	
00000000-0000-0000-0000-000000000000	04198834-3151-4870-8144-e13f3372ff0d	{"action":"logout","actor_id":"d830dab9-31dc-4634-9045-d70e05b93d81","actor_username":"lisan@gmail.com","actor_via_sso":false,"log_type":"account"}	2024-04-29 12:20:33.482442+09	
00000000-0000-0000-0000-000000000000	4855e660-eaa6-4a76-aaf7-6f4f63cb2ab3	{"action":"login","actor_id":"b2d7045a-bfb9-4aa2-88ed-fdfbac324e72","actor_username":"kousan@gmail.com","actor_via_sso":false,"log_type":"account","traits":{"provider":"email"}}	2024-04-29 12:20:47.846044+09	
00000000-0000-0000-0000-000000000000	71fc388b-7d81-4699-bb3a-ca76d5770088	{"action":"login","actor_id":"d830dab9-31dc-4634-9045-d70e05b93d81","actor_username":"lisan@gmail.com","actor_via_sso":false,"log_type":"account","traits":{"provider":"email"}}	2024-04-29 12:27:49.714291+09	
00000000-0000-0000-0000-000000000000	20556094-c67c-4cfb-afd7-1268d714ee23	{"action":"logout","actor_id":"fb799d7d-b779-4c1c-a8fe-660f5c11d8b2","actor_username":"chiha.tw@gmail.com","actor_via_sso":false,"log_type":"account"}	2024-04-30 05:10:10.540354+09	
00000000-0000-0000-0000-000000000000	e88ebee7-5eb1-4444-8026-806c42f9216c	{"action":"login","actor_id":"d830dab9-31dc-4634-9045-d70e05b93d81","actor_username":"lisan@gmail.com","actor_via_sso":false,"log_type":"account","traits":{"provider":"email"}}	2024-04-30 05:10:38.557039+09	
00000000-0000-0000-0000-000000000000	da90c8d4-958c-4940-91b3-6896273948f8	{"action":"logout","actor_id":"d830dab9-31dc-4634-9045-d70e05b93d81","actor_username":"lisan@gmail.com","actor_via_sso":false,"log_type":"account"}	2024-04-30 05:10:59.826129+09	
00000000-0000-0000-0000-000000000000	05353f5d-6da1-4608-81eb-73f2dc9d1ce7	{"action":"login","actor_id":"b2d7045a-bfb9-4aa2-88ed-fdfbac324e72","actor_username":"kousan@gmail.com","actor_via_sso":false,"log_type":"account","traits":{"provider":"email"}}	2024-04-30 05:11:16.744314+09	
00000000-0000-0000-0000-000000000000	93bc3dda-0b75-42ac-a22a-36fae0c5ab5a	{"action":"logout","actor_id":"b2d7045a-bfb9-4aa2-88ed-fdfbac324e72","actor_username":"kousan@gmail.com","actor_via_sso":false,"log_type":"account"}	2024-04-30 05:11:26.242642+09	
00000000-0000-0000-0000-000000000000	d993ef9c-81a9-49b7-8626-2b61ccf24c54	{"action":"login","actor_id":"fb799d7d-b779-4c1c-a8fe-660f5c11d8b2","actor_username":"chiha.tw@gmail.com","actor_via_sso":false,"log_type":"account","traits":{"provider":"email"}}	2024-04-30 05:11:31.899146+09	
00000000-0000-0000-0000-000000000000	b8a66944-9e9a-453b-83cd-57968b48793e	{"action":"login","actor_id":"d830dab9-31dc-4634-9045-d70e05b93d81","actor_username":"lisan@gmail.com","actor_via_sso":false,"log_type":"account","traits":{"provider":"email"}}	2024-04-30 12:45:57.327274+09	
00000000-0000-0000-0000-000000000000	f88924c2-8cbd-440f-bab9-8ecc17bbf8b9	{"action":"login","actor_id":"b2d7045a-bfb9-4aa2-88ed-fdfbac324e72","actor_username":"kousan@gmail.com","actor_via_sso":false,"log_type":"account","traits":{"provider":"email"}}	2024-04-30 14:04:20.222192+09	
00000000-0000-0000-0000-000000000000	0d939873-dfe9-41ed-bfd0-9b764683c07e	{"action":"login","actor_id":"b2d7045a-bfb9-4aa2-88ed-fdfbac324e72","actor_username":"kousan@gmail.com","actor_via_sso":false,"log_type":"account","traits":{"provider":"email"}}	2024-04-30 14:06:13.584196+09	
00000000-0000-0000-0000-000000000000	c643b69c-81e5-43dd-b524-02a5c3a917ef	{"action":"token_refreshed","actor_id":"d830dab9-31dc-4634-9045-d70e05b93d81","actor_username":"lisan@gmail.com","actor_via_sso":false,"log_type":"token"}	2024-04-30 15:04:21.6135+09	
00000000-0000-0000-0000-000000000000	7551115f-de4d-44c5-856b-d78408ecd058	{"action":"token_revoked","actor_id":"d830dab9-31dc-4634-9045-d70e05b93d81","actor_username":"lisan@gmail.com","actor_via_sso":false,"log_type":"token"}	2024-04-30 15:04:21.615538+09	
00000000-0000-0000-0000-000000000000	bf5c61f1-b689-444e-ac61-635cb8827b23	{"action":"token_refreshed","actor_id":"d830dab9-31dc-4634-9045-d70e05b93d81","actor_username":"lisan@gmail.com","actor_via_sso":false,"log_type":"token"}	2024-04-30 15:04:24.299718+09	
00000000-0000-0000-0000-000000000000	4781b3f1-7e88-447c-a342-dad141c7273d	{"action":"token_refreshed","actor_id":"d830dab9-31dc-4634-9045-d70e05b93d81","actor_username":"lisan@gmail.com","actor_via_sso":false,"log_type":"token"}	2024-04-30 15:04:24.458695+09	
00000000-0000-0000-0000-000000000000	c6e3befd-bbbd-464b-a790-fcdd9bc4e7fe	{"action":"token_refreshed","actor_id":"d830dab9-31dc-4634-9045-d70e05b93d81","actor_username":"lisan@gmail.com","actor_via_sso":false,"log_type":"token"}	2024-04-30 15:04:25.957288+09	
00000000-0000-0000-0000-000000000000	7626cbb9-5965-4693-8829-2d8c02adf23e	{"action":"token_refreshed","actor_id":"d830dab9-31dc-4634-9045-d70e05b93d81","actor_username":"lisan@gmail.com","actor_via_sso":false,"log_type":"token"}	2024-04-30 15:04:26.066326+09	
00000000-0000-0000-0000-000000000000	030f2ba8-58fb-4635-b222-833d8e9d8275	{"action":"token_refreshed","actor_id":"d830dab9-31dc-4634-9045-d70e05b93d81","actor_username":"lisan@gmail.com","actor_via_sso":false,"log_type":"token"}	2024-04-30 15:04:26.074004+09	
00000000-0000-0000-0000-000000000000	da982223-34e5-4601-8542-b50438c8bbdb	{"action":"token_refreshed","actor_id":"d830dab9-31dc-4634-9045-d70e05b93d81","actor_username":"lisan@gmail.com","actor_via_sso":false,"log_type":"token"}	2024-04-30 15:04:26.094154+09	
00000000-0000-0000-0000-000000000000	8fc05641-4d1b-4340-a07d-e59aba3619a0	{"action":"token_refreshed","actor_id":"d830dab9-31dc-4634-9045-d70e05b93d81","actor_username":"lisan@gmail.com","actor_via_sso":false,"log_type":"token"}	2024-04-30 15:04:26.181751+09	
00000000-0000-0000-0000-000000000000	928ae23d-af01-48b3-8786-3a4da8620a4e	{"action":"token_refreshed","actor_id":"d830dab9-31dc-4634-9045-d70e05b93d81","actor_username":"lisan@gmail.com","actor_via_sso":false,"log_type":"token"}	2024-04-30 15:04:27.607485+09	
00000000-0000-0000-0000-000000000000	6423106e-a8b0-4ea8-b105-99bb4430f717	{"action":"token_refreshed","actor_id":"d830dab9-31dc-4634-9045-d70e05b93d81","actor_username":"lisan@gmail.com","actor_via_sso":false,"log_type":"token"}	2024-04-30 15:04:27.618281+09	
00000000-0000-0000-0000-000000000000	201e8ef1-8ff6-489c-a35b-c50127120aba	{"action":"token_refreshed","actor_id":"d830dab9-31dc-4634-9045-d70e05b93d81","actor_username":"lisan@gmail.com","actor_via_sso":false,"log_type":"token"}	2024-04-30 15:04:27.63838+09	
00000000-0000-0000-0000-000000000000	f4c150ce-ca01-4426-9609-3283d6455266	{"action":"login","actor_id":"fb799d7d-b779-4c1c-a8fe-660f5c11d8b2","actor_username":"chiha.tw@gmail.com","actor_via_sso":false,"log_type":"account","traits":{"provider":"email"}}	2024-04-30 16:57:49.109591+09	
00000000-0000-0000-0000-000000000000	a80f86bf-c262-46ab-874f-f7e01a161897	{"action":"token_refreshed","actor_id":"b2d7045a-bfb9-4aa2-88ed-fdfbac324e72","actor_username":"kousan@gmail.com","actor_via_sso":false,"log_type":"token"}	2024-04-30 17:01:26.694363+09	
00000000-0000-0000-0000-000000000000	a364047e-b440-401c-bebb-6e2ceb59646f	{"action":"token_revoked","actor_id":"b2d7045a-bfb9-4aa2-88ed-fdfbac324e72","actor_username":"kousan@gmail.com","actor_via_sso":false,"log_type":"token"}	2024-04-30 17:01:26.697357+09	
00000000-0000-0000-0000-000000000000	8548a5a3-a77b-40bc-b11a-1040198682ea	{"action":"token_refreshed","actor_id":"fb799d7d-b779-4c1c-a8fe-660f5c11d8b2","actor_username":"chiha.tw@gmail.com","actor_via_sso":false,"log_type":"token"}	2024-04-30 17:59:28.380393+09	
00000000-0000-0000-0000-000000000000	8f371ea8-ebe5-4269-a25f-639e16852f1c	{"action":"token_revoked","actor_id":"fb799d7d-b779-4c1c-a8fe-660f5c11d8b2","actor_username":"chiha.tw@gmail.com","actor_via_sso":false,"log_type":"token"}	2024-04-30 17:59:28.383267+09	
00000000-0000-0000-0000-000000000000	6354de23-478f-4746-83af-2ed250387528	{"action":"token_refreshed","actor_id":"fb799d7d-b779-4c1c-a8fe-660f5c11d8b2","actor_username":"chiha.tw@gmail.com","actor_via_sso":false,"log_type":"token"}	2024-04-30 17:59:28.578776+09	
00000000-0000-0000-0000-000000000000	fbee9fa7-c7d6-4731-bb04-70b7e0ee2979	{"action":"token_refreshed","actor_id":"fb799d7d-b779-4c1c-a8fe-660f5c11d8b2","actor_username":"chiha.tw@gmail.com","actor_via_sso":false,"log_type":"token"}	2024-04-30 17:59:29.23073+09	
00000000-0000-0000-0000-000000000000	2ad1f758-1024-4d67-a769-109eee271e5b	{"action":"token_refreshed","actor_id":"fb799d7d-b779-4c1c-a8fe-660f5c11d8b2","actor_username":"chiha.tw@gmail.com","actor_via_sso":false,"log_type":"token"}	2024-04-30 17:59:29.649894+09	
00000000-0000-0000-0000-000000000000	a453ab3a-9fb7-4d8b-aa96-10fd06e19398	{"action":"token_refreshed","actor_id":"fb799d7d-b779-4c1c-a8fe-660f5c11d8b2","actor_username":"chiha.tw@gmail.com","actor_via_sso":false,"log_type":"token"}	2024-04-30 17:59:30.775537+09	
00000000-0000-0000-0000-000000000000	ef6acef1-359c-46d2-b8d5-7f0e2329b699	{"action":"token_refreshed","actor_id":"fb799d7d-b779-4c1c-a8fe-660f5c11d8b2","actor_username":"chiha.tw@gmail.com","actor_via_sso":false,"log_type":"token"}	2024-04-30 17:59:30.927866+09	
00000000-0000-0000-0000-000000000000	3ddb75ae-176c-47d4-aa49-623ef8314f33	{"action":"token_refreshed","actor_id":"fb799d7d-b779-4c1c-a8fe-660f5c11d8b2","actor_username":"chiha.tw@gmail.com","actor_via_sso":false,"log_type":"token"}	2024-04-30 17:59:31.087806+09	
00000000-0000-0000-0000-000000000000	9259d6d9-717f-4225-a9c7-83adbd91dcf8	{"action":"token_refreshed","actor_id":"fb799d7d-b779-4c1c-a8fe-660f5c11d8b2","actor_username":"chiha.tw@gmail.com","actor_via_sso":false,"log_type":"token"}	2024-04-30 17:59:32.125665+09	
00000000-0000-0000-0000-000000000000	431b02d3-2fab-406b-b2bb-41793f5c1bb5	{"action":"token_refreshed","actor_id":"fb799d7d-b779-4c1c-a8fe-660f5c11d8b2","actor_username":"chiha.tw@gmail.com","actor_via_sso":false,"log_type":"token"}	2024-04-30 17:59:32.147502+09	
00000000-0000-0000-0000-000000000000	b3b8a506-d17e-41fd-93f9-4429f2e58e1c	{"action":"token_refreshed","actor_id":"fb799d7d-b779-4c1c-a8fe-660f5c11d8b2","actor_username":"chiha.tw@gmail.com","actor_via_sso":false,"log_type":"token"}	2024-04-30 17:59:32.310325+09	
00000000-0000-0000-0000-000000000000	a464ac96-5693-4fcc-ba18-0d11d085c63a	{"action":"token_refreshed","actor_id":"fb799d7d-b779-4c1c-a8fe-660f5c11d8b2","actor_username":"chiha.tw@gmail.com","actor_via_sso":false,"log_type":"token"}	2024-04-30 17:59:33.657982+09	
00000000-0000-0000-0000-000000000000	514af7a5-32bc-4a9c-94ce-6005722ddfa2	{"action":"token_refreshed","actor_id":"fb799d7d-b779-4c1c-a8fe-660f5c11d8b2","actor_username":"chiha.tw@gmail.com","actor_via_sso":false,"log_type":"token"}	2024-04-30 17:59:34.898135+09	
00000000-0000-0000-0000-000000000000	3f1eae6e-c60b-44b9-a087-06ae3dd7c357	{"action":"token_refreshed","actor_id":"b2d7045a-bfb9-4aa2-88ed-fdfbac324e72","actor_username":"kousan@gmail.com","actor_via_sso":false,"log_type":"token"}	2024-04-30 17:59:36.023353+09	
00000000-0000-0000-0000-000000000000	b7e0cad9-dae5-45a8-810c-1ec34cf34c69	{"action":"token_revoked","actor_id":"b2d7045a-bfb9-4aa2-88ed-fdfbac324e72","actor_username":"kousan@gmail.com","actor_via_sso":false,"log_type":"token"}	2024-04-30 17:59:36.02392+09	
00000000-0000-0000-0000-000000000000	1e462501-3336-4443-aad7-715a628dcfd2	{"action":"login","actor_id":"b2d7045a-bfb9-4aa2-88ed-fdfbac324e72","actor_username":"kousan@gmail.com","actor_via_sso":false,"log_type":"account","traits":{"provider":"email"}}	2024-04-30 23:19:03.243179+09	
00000000-0000-0000-0000-000000000000	6e03bcac-fe7f-4924-ad1b-9548bbe8f612	{"action":"logout","actor_id":"b2d7045a-bfb9-4aa2-88ed-fdfbac324e72","actor_username":"kousan@gmail.com","actor_via_sso":false,"log_type":"account"}	2024-04-30 23:19:12.883973+09	
00000000-0000-0000-0000-000000000000	87c41371-bb15-4c32-a586-e810ebae5708	{"action":"login","actor_id":"b2d7045a-bfb9-4aa2-88ed-fdfbac324e72","actor_username":"kousan@gmail.com","actor_via_sso":false,"log_type":"account","traits":{"provider":"email"}}	2024-04-30 23:19:40.578231+09	
00000000-0000-0000-0000-000000000000	a086682a-0285-46e3-8dc8-75dd921c4587	{"action":"token_refreshed","actor_id":"fb799d7d-b779-4c1c-a8fe-660f5c11d8b2","actor_username":"chiha.tw@gmail.com","actor_via_sso":false,"log_type":"token"}	2024-05-01 08:22:14.970092+09	
00000000-0000-0000-0000-000000000000	533098eb-7c43-48f5-a713-d52d537a03a1	{"action":"token_revoked","actor_id":"fb799d7d-b779-4c1c-a8fe-660f5c11d8b2","actor_username":"chiha.tw@gmail.com","actor_via_sso":false,"log_type":"token"}	2024-05-01 08:22:14.977142+09	
00000000-0000-0000-0000-000000000000	bb58e7eb-31ca-493d-be3a-38659c1f0303	{"action":"token_refreshed","actor_id":"fb799d7d-b779-4c1c-a8fe-660f5c11d8b2","actor_username":"chiha.tw@gmail.com","actor_via_sso":false,"log_type":"token"}	2024-05-01 08:22:16.952797+09	
00000000-0000-0000-0000-000000000000	a06621f2-2776-43f8-98b0-6e1b07d8cf80	{"action":"token_refreshed","actor_id":"fb799d7d-b779-4c1c-a8fe-660f5c11d8b2","actor_username":"chiha.tw@gmail.com","actor_via_sso":false,"log_type":"token"}	2024-05-01 08:22:16.973253+09	
00000000-0000-0000-0000-000000000000	6733a4cb-1bad-4297-876a-fc9cbaa885c3	{"action":"token_refreshed","actor_id":"fb799d7d-b779-4c1c-a8fe-660f5c11d8b2","actor_username":"chiha.tw@gmail.com","actor_via_sso":false,"log_type":"token"}	2024-05-01 08:22:18.751019+09	
00000000-0000-0000-0000-000000000000	d515e4bd-71d3-4c2b-b38e-930f2ac42249	{"action":"token_refreshed","actor_id":"fb799d7d-b779-4c1c-a8fe-660f5c11d8b2","actor_username":"chiha.tw@gmail.com","actor_via_sso":false,"log_type":"token"}	2024-05-01 08:22:20.595786+09	
00000000-0000-0000-0000-000000000000	472a97ef-310a-4909-8caf-1ea7f8d4dd19	{"action":"token_refreshed","actor_id":"fb799d7d-b779-4c1c-a8fe-660f5c11d8b2","actor_username":"chiha.tw@gmail.com","actor_via_sso":false,"log_type":"token"}	2024-05-01 10:13:57.154986+09	
00000000-0000-0000-0000-000000000000	da5f2950-161b-4123-84fe-eb27a74a7bc4	{"action":"token_revoked","actor_id":"fb799d7d-b779-4c1c-a8fe-660f5c11d8b2","actor_username":"chiha.tw@gmail.com","actor_via_sso":false,"log_type":"token"}	2024-05-01 10:13:57.157983+09	
00000000-0000-0000-0000-000000000000	3ec9633d-ca22-4099-96f3-cd8b5ff3a33c	{"action":"token_refreshed","actor_id":"fb799d7d-b779-4c1c-a8fe-660f5c11d8b2","actor_username":"chiha.tw@gmail.com","actor_via_sso":false,"log_type":"token"}	2024-05-01 10:13:57.392607+09	
00000000-0000-0000-0000-000000000000	62c52653-32d5-49a2-a516-4f55ea9c9b6a	{"action":"token_refreshed","actor_id":"fb799d7d-b779-4c1c-a8fe-660f5c11d8b2","actor_username":"chiha.tw@gmail.com","actor_via_sso":false,"log_type":"token"}	2024-05-01 10:13:59.265318+09	
00000000-0000-0000-0000-000000000000	dc1722de-3c06-4d9a-8ea3-50bcb53cd5ae	{"action":"token_refreshed","actor_id":"fb799d7d-b779-4c1c-a8fe-660f5c11d8b2","actor_username":"chiha.tw@gmail.com","actor_via_sso":false,"log_type":"token"}	2024-05-01 10:13:59.477012+09	
00000000-0000-0000-0000-000000000000	de066bf8-6b19-4b49-9265-e5c6feb6cf60	{"action":"token_refreshed","actor_id":"fb799d7d-b779-4c1c-a8fe-660f5c11d8b2","actor_username":"chiha.tw@gmail.com","actor_via_sso":false,"log_type":"token"}	2024-05-01 10:13:59.516456+09	
00000000-0000-0000-0000-000000000000	6786f89f-f281-4b69-a992-47104e0c207f	{"action":"token_refreshed","actor_id":"fb799d7d-b779-4c1c-a8fe-660f5c11d8b2","actor_username":"chiha.tw@gmail.com","actor_via_sso":false,"log_type":"token"}	2024-05-01 10:13:59.556843+09	
00000000-0000-0000-0000-000000000000	e93751a0-cf18-4796-afcc-994835f3d6e2	{"action":"token_refreshed","actor_id":"fb799d7d-b779-4c1c-a8fe-660f5c11d8b2","actor_username":"chiha.tw@gmail.com","actor_via_sso":false,"log_type":"token"}	2024-05-01 10:14:01.161042+09	
00000000-0000-0000-0000-000000000000	50f4973b-5467-4df4-894f-94af645bde12	{"action":"token_refreshed","actor_id":"fb799d7d-b779-4c1c-a8fe-660f5c11d8b2","actor_username":"chiha.tw@gmail.com","actor_via_sso":false,"log_type":"token"}	2024-05-01 10:14:01.228102+09	
00000000-0000-0000-0000-000000000000	30e09dea-4066-4d9e-9b35-fd10414ab51d	{"action":"token_refreshed","actor_id":"fb799d7d-b779-4c1c-a8fe-660f5c11d8b2","actor_username":"chiha.tw@gmail.com","actor_via_sso":false,"log_type":"token"}	2024-05-01 10:14:01.239328+09	
00000000-0000-0000-0000-000000000000	bc0db3dd-cf3b-44aa-a4b9-b6998993292e	{"action":"token_refreshed","actor_id":"fb799d7d-b779-4c1c-a8fe-660f5c11d8b2","actor_username":"chiha.tw@gmail.com","actor_via_sso":false,"log_type":"token"}	2024-05-01 10:14:02.72707+09	
00000000-0000-0000-0000-000000000000	d7b2b1f4-5451-45a2-b0b8-39499492c77b	{"action":"token_refreshed","actor_id":"fb799d7d-b779-4c1c-a8fe-660f5c11d8b2","actor_username":"chiha.tw@gmail.com","actor_via_sso":false,"log_type":"token"}	2024-05-01 10:14:02.871216+09	
00000000-0000-0000-0000-000000000000	d54bc4d4-94e9-44ef-b6c4-53f86a5f51b2	{"action":"token_refreshed","actor_id":"fb799d7d-b779-4c1c-a8fe-660f5c11d8b2","actor_username":"chiha.tw@gmail.com","actor_via_sso":false,"log_type":"token"}	2024-05-01 10:14:03.937727+09	
00000000-0000-0000-0000-000000000000	46c37d5d-9bd7-4e53-af3f-240196a83c9f	{"action":"logout","actor_id":"fb799d7d-b779-4c1c-a8fe-660f5c11d8b2","actor_username":"chiha.tw@gmail.com","actor_via_sso":false,"log_type":"account"}	2024-05-01 10:38:40.996806+09	
00000000-0000-0000-0000-000000000000	88417633-f041-44bb-8d65-7f748975caf7	{"action":"login","actor_id":"d830dab9-31dc-4634-9045-d70e05b93d81","actor_username":"lisan@gmail.com","actor_via_sso":false,"log_type":"account","traits":{"provider":"email"}}	2024-05-01 10:38:55.549488+09	
00000000-0000-0000-0000-000000000000	193920f8-207b-4115-8eec-d62b6a93785d	{"action":"logout","actor_id":"d830dab9-31dc-4634-9045-d70e05b93d81","actor_username":"lisan@gmail.com","actor_via_sso":false,"log_type":"account"}	2024-05-01 10:56:37.538671+09	
00000000-0000-0000-0000-000000000000	3fb8d9ee-167e-4e53-9b88-c52875adba24	{"action":"login","actor_id":"b2d7045a-bfb9-4aa2-88ed-fdfbac324e72","actor_username":"kousan@gmail.com","actor_via_sso":false,"log_type":"account","traits":{"provider":"email"}}	2024-05-01 10:56:48.753951+09	
00000000-0000-0000-0000-000000000000	5d71d502-1e59-49fb-8cb3-d8eab6a8de1d	{"action":"login","actor_id":"b2d7045a-bfb9-4aa2-88ed-fdfbac324e72","actor_username":"kousan@gmail.com","actor_via_sso":false,"log_type":"account","traits":{"provider":"email"}}	2024-05-01 21:50:06.681514+09	
00000000-0000-0000-0000-000000000000	158d9180-ab8d-4195-995f-127b7059967b	{"action":"login","actor_id":"b2d7045a-bfb9-4aa2-88ed-fdfbac324e72","actor_username":"kousan@gmail.com","actor_via_sso":false,"log_type":"account","traits":{"provider":"email"}}	2024-05-01 22:25:12.528631+09	
00000000-0000-0000-0000-000000000000	a1579e6d-1c48-45df-8666-8e9861e0ee44	{"action":"login","actor_id":"d830dab9-31dc-4634-9045-d70e05b93d81","actor_username":"lisan@gmail.com","actor_via_sso":false,"log_type":"account","traits":{"provider":"email"}}	2024-05-01 22:41:30.611107+09	
00000000-0000-0000-0000-000000000000	8b9c3206-06dd-4c93-a29e-3d08b9ef582d	{"action":"token_refreshed","actor_id":"b2d7045a-bfb9-4aa2-88ed-fdfbac324e72","actor_username":"kousan@gmail.com","actor_via_sso":false,"log_type":"token"}	2024-05-01 22:51:21.607573+09	
00000000-0000-0000-0000-000000000000	976ec0bd-953b-4f88-b2e8-622c4a091917	{"action":"token_revoked","actor_id":"b2d7045a-bfb9-4aa2-88ed-fdfbac324e72","actor_username":"kousan@gmail.com","actor_via_sso":false,"log_type":"token"}	2024-05-01 22:51:21.615547+09	
00000000-0000-0000-0000-000000000000	66dacb30-2763-410a-ae37-28bc684f7dbf	{"action":"token_refreshed","actor_id":"d830dab9-31dc-4634-9045-d70e05b93d81","actor_username":"lisan@gmail.com","actor_via_sso":false,"log_type":"token"}	2024-05-01 23:39:48.652419+09	
00000000-0000-0000-0000-000000000000	adac5099-0f46-4785-ade1-e708a4adb423	{"action":"token_revoked","actor_id":"d830dab9-31dc-4634-9045-d70e05b93d81","actor_username":"lisan@gmail.com","actor_via_sso":false,"log_type":"token"}	2024-05-01 23:39:48.653939+09	
00000000-0000-0000-0000-000000000000	1787cf84-014b-4f0a-9289-de6331edfcd6	{"action":"token_refreshed","actor_id":"b2d7045a-bfb9-4aa2-88ed-fdfbac324e72","actor_username":"kousan@gmail.com","actor_via_sso":false,"log_type":"token"}	2024-05-01 23:47:40.66828+09	
00000000-0000-0000-0000-000000000000	205abf81-6c46-44fe-ac76-9d70c85231d6	{"action":"token_revoked","actor_id":"b2d7045a-bfb9-4aa2-88ed-fdfbac324e72","actor_username":"kousan@gmail.com","actor_via_sso":false,"log_type":"token"}	2024-05-01 23:47:40.670097+09	
00000000-0000-0000-0000-000000000000	817d22f6-9913-422a-8263-68c0efbdf40b	{"action":"login","actor_id":"d830dab9-31dc-4634-9045-d70e05b93d81","actor_username":"lisan@gmail.com","actor_via_sso":false,"log_type":"account","traits":{"provider":"email"}}	2024-05-02 05:48:27.4506+09	
00000000-0000-0000-0000-000000000000	cc61313f-76cd-4b1d-9ce8-e05b51ec3cab	{"action":"logout","actor_id":"d830dab9-31dc-4634-9045-d70e05b93d81","actor_username":"lisan@gmail.com","actor_via_sso":false,"log_type":"account"}	2024-05-02 05:50:52.79167+09	
00000000-0000-0000-0000-000000000000	3f9ae278-2082-4d83-b343-3ef747f8a750	{"action":"login","actor_id":"b2d7045a-bfb9-4aa2-88ed-fdfbac324e72","actor_username":"kousan@gmail.com","actor_via_sso":false,"log_type":"account","traits":{"provider":"email"}}	2024-05-02 05:51:15.512418+09	
00000000-0000-0000-0000-000000000000	bb4c52a4-9d72-4bc9-bcf0-82487405e1ee	{"action":"login","actor_id":"d830dab9-31dc-4634-9045-d70e05b93d81","actor_username":"lisan@gmail.com","actor_via_sso":false,"log_type":"account","traits":{"provider":"email"}}	2024-05-02 09:30:42.321035+09	
00000000-0000-0000-0000-000000000000	8b406833-8c3e-48d6-987d-1a307404f00c	{"action":"token_refreshed","actor_id":"b2d7045a-bfb9-4aa2-88ed-fdfbac324e72","actor_username":"kousan@gmail.com","actor_via_sso":false,"log_type":"token"}	2024-05-02 09:45:46.866827+09	
00000000-0000-0000-0000-000000000000	0bd33e56-2c6a-454d-aaef-e9bc51c76b3f	{"action":"token_revoked","actor_id":"b2d7045a-bfb9-4aa2-88ed-fdfbac324e72","actor_username":"kousan@gmail.com","actor_via_sso":false,"log_type":"token"}	2024-05-02 09:45:46.876627+09	
00000000-0000-0000-0000-000000000000	6b287496-1b46-40d9-9453-e5ce370b5ada	{"action":"token_refreshed","actor_id":"b2d7045a-bfb9-4aa2-88ed-fdfbac324e72","actor_username":"kousan@gmail.com","actor_via_sso":false,"log_type":"token"}	2024-05-02 09:45:47.085033+09	
00000000-0000-0000-0000-000000000000	f732654c-c4fa-40e2-8fcc-f83ddcc8ce05	{"action":"token_refreshed","actor_id":"b2d7045a-bfb9-4aa2-88ed-fdfbac324e72","actor_username":"kousan@gmail.com","actor_via_sso":false,"log_type":"token"}	2024-05-02 09:45:47.480669+09	
00000000-0000-0000-0000-000000000000	4c1c39a8-b141-4d9a-8ec8-10c6edfbcdef	{"action":"token_refreshed","actor_id":"b2d7045a-bfb9-4aa2-88ed-fdfbac324e72","actor_username":"kousan@gmail.com","actor_via_sso":false,"log_type":"token"}	2024-05-02 09:45:47.543222+09	
00000000-0000-0000-0000-000000000000	e390cde7-a082-4898-909a-731792a7d5b0	{"action":"token_refreshed","actor_id":"b2d7045a-bfb9-4aa2-88ed-fdfbac324e72","actor_username":"kousan@gmail.com","actor_via_sso":false,"log_type":"token"}	2024-05-02 09:45:47.628342+09	
00000000-0000-0000-0000-000000000000	c957d99c-e1f2-450c-b211-4c42a5ddfc37	{"action":"token_refreshed","actor_id":"b2d7045a-bfb9-4aa2-88ed-fdfbac324e72","actor_username":"kousan@gmail.com","actor_via_sso":false,"log_type":"token"}	2024-05-02 09:45:47.638624+09	
00000000-0000-0000-0000-000000000000	de94c9d8-db7b-4bf0-934b-b8d4e0bcba47	{"action":"token_refreshed","actor_id":"b2d7045a-bfb9-4aa2-88ed-fdfbac324e72","actor_username":"kousan@gmail.com","actor_via_sso":false,"log_type":"token"}	2024-05-02 09:45:47.647112+09	
00000000-0000-0000-0000-000000000000	d0101822-c5b0-46b0-a568-76e8d05defb0	{"action":"token_refreshed","actor_id":"b2d7045a-bfb9-4aa2-88ed-fdfbac324e72","actor_username":"kousan@gmail.com","actor_via_sso":false,"log_type":"token"}	2024-05-02 09:45:47.655793+09	
00000000-0000-0000-0000-000000000000	c71cd95d-9be5-4035-be16-b37f6ca28465	{"action":"token_refreshed","actor_id":"b2d7045a-bfb9-4aa2-88ed-fdfbac324e72","actor_username":"kousan@gmail.com","actor_via_sso":false,"log_type":"token"}	2024-05-02 09:45:47.668836+09	
00000000-0000-0000-0000-000000000000	2a5b703d-10e5-4451-a699-2d884f763c72	{"action":"token_refreshed","actor_id":"b2d7045a-bfb9-4aa2-88ed-fdfbac324e72","actor_username":"kousan@gmail.com","actor_via_sso":false,"log_type":"token"}	2024-05-02 09:45:47.750247+09	
00000000-0000-0000-0000-000000000000	e7346459-19ae-4037-8aab-e70fc51dc05c	{"action":"token_refreshed","actor_id":"b2d7045a-bfb9-4aa2-88ed-fdfbac324e72","actor_username":"kousan@gmail.com","actor_via_sso":false,"log_type":"token"}	2024-05-02 09:45:47.763691+09	
00000000-0000-0000-0000-000000000000	8b14673a-7b7d-4139-836c-a83d48773db2	{"action":"token_refreshed","actor_id":"b2d7045a-bfb9-4aa2-88ed-fdfbac324e72","actor_username":"kousan@gmail.com","actor_via_sso":false,"log_type":"token"}	2024-05-02 09:45:47.818955+09	
00000000-0000-0000-0000-000000000000	b504bd2f-8c03-4fa9-8b19-3b6f19569c06	{"action":"token_refreshed","actor_id":"b2d7045a-bfb9-4aa2-88ed-fdfbac324e72","actor_username":"kousan@gmail.com","actor_via_sso":false,"log_type":"token"}	2024-05-02 09:45:47.961248+09	
00000000-0000-0000-0000-000000000000	0e4d3c5b-7be4-4447-b13d-9c6244fec814	{"action":"token_refreshed","actor_id":"b2d7045a-bfb9-4aa2-88ed-fdfbac324e72","actor_username":"kousan@gmail.com","actor_via_sso":false,"log_type":"token"}	2024-05-02 09:45:48.108068+09	
00000000-0000-0000-0000-000000000000	9d3d6423-0a98-4ebf-a581-45dfc899f73c	{"action":"token_refreshed","actor_id":"b2d7045a-bfb9-4aa2-88ed-fdfbac324e72","actor_username":"kousan@gmail.com","actor_via_sso":false,"log_type":"token"}	2024-05-02 09:45:48.262478+09	
00000000-0000-0000-0000-000000000000	aaa22bff-91ec-4738-8ada-c828adc00341	{"action":"token_refreshed","actor_id":"b2d7045a-bfb9-4aa2-88ed-fdfbac324e72","actor_username":"kousan@gmail.com","actor_via_sso":false,"log_type":"token"}	2024-05-02 09:45:48.399382+09	
00000000-0000-0000-0000-000000000000	12373fa7-a2f5-45e4-9046-646549b3792b	{"action":"token_refreshed","actor_id":"b2d7045a-bfb9-4aa2-88ed-fdfbac324e72","actor_username":"kousan@gmail.com","actor_via_sso":false,"log_type":"token"}	2024-05-02 09:46:03.771126+09	
00000000-0000-0000-0000-000000000000	adfea615-5c4f-43e6-a211-77d97f85cf1d	{"action":"token_revoked","actor_id":"b2d7045a-bfb9-4aa2-88ed-fdfbac324e72","actor_username":"kousan@gmail.com","actor_via_sso":false,"log_type":"token"}	2024-05-02 09:46:03.773224+09	
00000000-0000-0000-0000-000000000000	32b86779-5c89-4b3f-8a94-eab9d8e1c602	{"action":"logout","actor_id":"b2d7045a-bfb9-4aa2-88ed-fdfbac324e72","actor_username":"kousan@gmail.com","actor_via_sso":false,"log_type":"account"}	2024-05-02 09:46:11.70105+09	
00000000-0000-0000-0000-000000000000	3b2750df-7b16-4101-a66d-2fab77cd01fe	{"action":"login","actor_id":"d830dab9-31dc-4634-9045-d70e05b93d81","actor_username":"lisan@gmail.com","actor_via_sso":false,"log_type":"account","traits":{"provider":"email"}}	2024-05-02 09:46:37.264262+09	
00000000-0000-0000-0000-000000000000	b23e9d35-d45c-4b10-bac9-15a57d02dadf	{"action":"logout","actor_id":"b2d7045a-bfb9-4aa2-88ed-fdfbac324e72","actor_username":"kousan@gmail.com","actor_via_sso":false,"log_type":"account"}	2024-05-02 10:02:50.297991+09	
00000000-0000-0000-0000-000000000000	b2db3fba-978f-47eb-b2fd-3aafe98fc237	{"action":"login","actor_id":"fb799d7d-b779-4c1c-a8fe-660f5c11d8b2","actor_username":"chiha.tw@gmail.com","actor_via_sso":false,"log_type":"account","traits":{"provider":"email"}}	2024-05-02 10:02:55.031392+09	
00000000-0000-0000-0000-000000000000	61505d50-d94c-4179-9bfd-a884e4e92212	{"action":"token_refreshed","actor_id":"c049d5c9-66ba-4986-94f3-48c99d893457","actor_username":"test@gmail.com","actor_via_sso":false,"log_type":"token"}	2024-05-02 10:03:51.622466+09	
00000000-0000-0000-0000-000000000000	38102c3c-ef70-43b8-821e-171c536f3eee	{"action":"token_revoked","actor_id":"c049d5c9-66ba-4986-94f3-48c99d893457","actor_username":"test@gmail.com","actor_via_sso":false,"log_type":"token"}	2024-05-02 10:03:51.623037+09	
00000000-0000-0000-0000-000000000000	2bbff011-1115-48df-b850-ca0723b5df8f	{"action":"token_refreshed","actor_id":"c049d5c9-66ba-4986-94f3-48c99d893457","actor_username":"test@gmail.com","actor_via_sso":false,"log_type":"token"}	2024-05-02 10:03:51.804058+09	
00000000-0000-0000-0000-000000000000	c65b577f-3da3-4955-9639-39ef7f90b1a1	{"action":"token_refreshed","actor_id":"c049d5c9-66ba-4986-94f3-48c99d893457","actor_username":"test@gmail.com","actor_via_sso":false,"log_type":"token"}	2024-05-02 10:03:51.832478+09	
00000000-0000-0000-0000-000000000000	b38256f2-7e07-4c50-926f-1d40702ad9c7	{"action":"token_refreshed","actor_id":"c049d5c9-66ba-4986-94f3-48c99d893457","actor_username":"test@gmail.com","actor_via_sso":false,"log_type":"token"}	2024-05-02 10:03:51.948103+09	
00000000-0000-0000-0000-000000000000	0d5d0a0a-6f25-402e-a31c-94b348bcc2f0	{"action":"token_refreshed","actor_id":"c049d5c9-66ba-4986-94f3-48c99d893457","actor_username":"test@gmail.com","actor_via_sso":false,"log_type":"token"}	2024-05-02 10:03:51.971235+09	
00000000-0000-0000-0000-000000000000	6fed84eb-6192-4b63-b3e1-1b088d418b4b	{"action":"token_refreshed","actor_id":"c049d5c9-66ba-4986-94f3-48c99d893457","actor_username":"test@gmail.com","actor_via_sso":false,"log_type":"token"}	2024-05-02 10:03:51.992841+09	
00000000-0000-0000-0000-000000000000	d04d98c9-619e-4a1e-9ceb-45559eaf9b6e	{"action":"token_refreshed","actor_id":"c049d5c9-66ba-4986-94f3-48c99d893457","actor_username":"test@gmail.com","actor_via_sso":false,"log_type":"token"}	2024-05-02 10:03:52.017635+09	
00000000-0000-0000-0000-000000000000	7e4fa182-07d4-4e6c-abfb-e7fb02f69371	{"action":"token_refreshed","actor_id":"c049d5c9-66ba-4986-94f3-48c99d893457","actor_username":"test@gmail.com","actor_via_sso":false,"log_type":"token"}	2024-05-02 10:03:52.102503+09	
00000000-0000-0000-0000-000000000000	1592049b-36c7-498c-b51f-d4e662200070	{"action":"token_refreshed","actor_id":"c049d5c9-66ba-4986-94f3-48c99d893457","actor_username":"test@gmail.com","actor_via_sso":false,"log_type":"token"}	2024-05-02 10:03:52.11153+09	
00000000-0000-0000-0000-000000000000	cb0dad06-9c6d-41c5-9b77-9289dbe78c41	{"action":"token_refreshed","actor_id":"c049d5c9-66ba-4986-94f3-48c99d893457","actor_username":"test@gmail.com","actor_via_sso":false,"log_type":"token"}	2024-05-02 10:03:52.130888+09	
00000000-0000-0000-0000-000000000000	34d6fe1e-0eb3-433f-8284-dea4879ee8d8	{"action":"token_refreshed","actor_id":"c049d5c9-66ba-4986-94f3-48c99d893457","actor_username":"test@gmail.com","actor_via_sso":false,"log_type":"token"}	2024-05-02 10:03:52.236096+09	
00000000-0000-0000-0000-000000000000	8fdb0fe9-0eb9-4abd-b6e2-431b4b79757b	{"action":"token_refreshed","actor_id":"c049d5c9-66ba-4986-94f3-48c99d893457","actor_username":"test@gmail.com","actor_via_sso":false,"log_type":"token"}	2024-05-02 10:03:52.342882+09	
00000000-0000-0000-0000-000000000000	0424062b-d365-4f0d-9190-89553f33f98b	{"action":"token_refreshed","actor_id":"c049d5c9-66ba-4986-94f3-48c99d893457","actor_username":"test@gmail.com","actor_via_sso":false,"log_type":"token"}	2024-05-02 10:03:52.440887+09	
00000000-0000-0000-0000-000000000000	57a675f4-8b01-4619-941e-458fc0c388d8	{"action":"logout","actor_id":"c049d5c9-66ba-4986-94f3-48c99d893457","actor_username":"test@gmail.com","actor_via_sso":false,"log_type":"account"}	2024-05-02 10:03:56.465413+09	
00000000-0000-0000-0000-000000000000	00509cb8-5d44-471d-b694-8f9cc49dee32	{"action":"login","actor_id":"b2d7045a-bfb9-4aa2-88ed-fdfbac324e72","actor_username":"kousan@gmail.com","actor_via_sso":false,"log_type":"account","traits":{"provider":"email"}}	2024-05-02 10:04:04.171849+09	
00000000-0000-0000-0000-000000000000	1d42eb05-a5a6-479c-9690-8e92650a4fb7	{"action":"login","actor_id":"d830dab9-31dc-4634-9045-d70e05b93d81","actor_username":"lisan@gmail.com","actor_via_sso":false,"log_type":"account","traits":{"provider":"email"}}	2024-05-02 10:09:33.438467+09	
00000000-0000-0000-0000-000000000000	7eb77eed-ffbd-4245-8b25-b40a11b83ccf	{"action":"logout","actor_id":"fb799d7d-b779-4c1c-a8fe-660f5c11d8b2","actor_username":"chiha.tw@gmail.com","actor_via_sso":false,"log_type":"account"}	2024-05-02 10:19:15.047126+09	
00000000-0000-0000-0000-000000000000	245a7564-90a6-4c54-941f-ead3fe6831fa	{"action":"login","actor_id":"fb799d7d-b779-4c1c-a8fe-660f5c11d8b2","actor_username":"chiha.tw@gmail.com","actor_via_sso":false,"log_type":"account","traits":{"provider":"email"}}	2024-05-02 10:19:23.142729+09	
00000000-0000-0000-0000-000000000000	42beae70-6bf0-4026-9bb3-fb58e1dc0b30	{"action":"login","actor_id":"d830dab9-31dc-4634-9045-d70e05b93d81","actor_username":"lisan@gmail.com","actor_via_sso":false,"log_type":"account","traits":{"provider":"email"}}	2024-05-02 10:19:38.234567+09	
00000000-0000-0000-0000-000000000000	11af887e-0cee-449d-afdc-51a026b53ad1	{"action":"login","actor_id":"d830dab9-31dc-4634-9045-d70e05b93d81","actor_username":"lisan@gmail.com","actor_via_sso":false,"log_type":"account","traits":{"provider":"email"}}	2024-05-02 18:55:50.828887+09	
00000000-0000-0000-0000-000000000000	7bc78d4e-8a93-4b7b-a95e-06f033eb82f1	{"action":"token_refreshed","actor_id":"c049d5c9-66ba-4986-94f3-48c99d893457","actor_username":"test@gmail.com","actor_via_sso":false,"log_type":"token"}	2024-05-02 10:03:51.98433+09	
00000000-0000-0000-0000-000000000000	26ac07e9-f762-4c4f-ba74-14b2157ee682	{"action":"login","actor_id":"d830dab9-31dc-4634-9045-d70e05b93d81","actor_username":"lisan@gmail.com","actor_via_sso":false,"log_type":"account","traits":{"provider":"email"}}	2024-05-02 11:15:28.259281+09	
00000000-0000-0000-0000-000000000000	ba79b967-81c4-4b64-b5db-6f5dcf2161bc	{"action":"token_refreshed","actor_id":"fb799d7d-b779-4c1c-a8fe-660f5c11d8b2","actor_username":"chiha.tw@gmail.com","actor_via_sso":false,"log_type":"token"}	2024-05-02 11:17:44.449579+09	
00000000-0000-0000-0000-000000000000	f91a0cba-65f6-4128-a24a-f8bf0ad0d535	{"action":"token_revoked","actor_id":"fb799d7d-b779-4c1c-a8fe-660f5c11d8b2","actor_username":"chiha.tw@gmail.com","actor_via_sso":false,"log_type":"token"}	2024-05-02 11:17:44.450741+09	
00000000-0000-0000-0000-000000000000	ac1a9050-a6e7-4ab6-8475-fe886388c63a	{"action":"token_refreshed","actor_id":"d830dab9-31dc-4634-9045-d70e05b93d81","actor_username":"lisan@gmail.com","actor_via_sso":false,"log_type":"token"}	2024-05-02 12:25:13.96796+09	
00000000-0000-0000-0000-000000000000	4a8f5e3c-cd19-47f7-abbc-52672ea79cdb	{"action":"token_revoked","actor_id":"d830dab9-31dc-4634-9045-d70e05b93d81","actor_username":"lisan@gmail.com","actor_via_sso":false,"log_type":"token"}	2024-05-02 12:25:13.970088+09	
00000000-0000-0000-0000-000000000000	082ae117-79ad-4de2-8061-abf405a14cc3	{"action":"login","actor_id":"d830dab9-31dc-4634-9045-d70e05b93d81","actor_username":"lisan@gmail.com","actor_via_sso":false,"log_type":"account","traits":{"provider":"email"}}	2024-05-02 18:55:47.367064+09	
00000000-0000-0000-0000-000000000000	23163a2a-78d2-460b-a286-1fe15f6e4e7d	{"action":"logout","actor_id":"d830dab9-31dc-4634-9045-d70e05b93d81","actor_username":"lisan@gmail.com","actor_via_sso":false,"log_type":"account"}	2024-05-02 18:56:56.266162+09	
00000000-0000-0000-0000-000000000000	044e915e-a838-4a56-8c78-58e4ce82f3ab	{"action":"login","actor_id":"b2d7045a-bfb9-4aa2-88ed-fdfbac324e72","actor_username":"kousan@gmail.com","actor_via_sso":false,"log_type":"account","traits":{"provider":"email"}}	2024-05-02 18:57:13.544641+09	
00000000-0000-0000-0000-000000000000	671d91e3-06ac-414e-862c-ee881b44fafd	{"action":"login","actor_id":"b2d7045a-bfb9-4aa2-88ed-fdfbac324e72","actor_username":"kousan@gmail.com","actor_via_sso":false,"log_type":"account","traits":{"provider":"email"}}	2024-05-02 18:57:30.560629+09	
00000000-0000-0000-0000-000000000000	8547c905-3c5f-4620-91c1-63e5ca968a18	{"action":"login","actor_id":"fb799d7d-b779-4c1c-a8fe-660f5c11d8b2","actor_username":"chiha.tw@gmail.com","actor_via_sso":false,"log_type":"account","traits":{"provider":"email"}}	2024-05-02 19:01:52.127653+09	
00000000-0000-0000-0000-000000000000	f0c3bbd7-e24d-4d30-843b-b80d71b2c963	{"action":"logout","actor_id":"b2d7045a-bfb9-4aa2-88ed-fdfbac324e72","actor_username":"kousan@gmail.com","actor_via_sso":false,"log_type":"account"}	2024-05-02 19:01:56.84739+09	
00000000-0000-0000-0000-000000000000	a1165e58-8c80-4487-aa73-596fab9e689c	{"action":"login","actor_id":"d830dab9-31dc-4634-9045-d70e05b93d81","actor_username":"lisan@gmail.com","actor_via_sso":false,"log_type":"account","traits":{"provider":"email"}}	2024-05-02 19:02:08.262723+09	
00000000-0000-0000-0000-000000000000	7f319278-b524-48b6-b10d-5001b9556eed	{"action":"token_refreshed","actor_id":"fb799d7d-b779-4c1c-a8fe-660f5c11d8b2","actor_username":"chiha.tw@gmail.com","actor_via_sso":false,"log_type":"token"}	2024-05-02 19:02:27.578381+09	
00000000-0000-0000-0000-000000000000	ac52946c-8dc2-44c6-a654-5d70b9f80a88	{"action":"token_revoked","actor_id":"fb799d7d-b779-4c1c-a8fe-660f5c11d8b2","actor_username":"chiha.tw@gmail.com","actor_via_sso":false,"log_type":"token"}	2024-05-02 19:02:27.583116+09	
00000000-0000-0000-0000-000000000000	8a7b2162-577b-4788-83d1-90eec11fa2ff	{"action":"token_refreshed","actor_id":"fb799d7d-b779-4c1c-a8fe-660f5c11d8b2","actor_username":"chiha.tw@gmail.com","actor_via_sso":false,"log_type":"token"}	2024-05-02 19:02:27.72284+09	
00000000-0000-0000-0000-000000000000	93cbeeb7-6a5b-43c5-9329-fe9b09f2aec7	{"action":"token_refreshed","actor_id":"fb799d7d-b779-4c1c-a8fe-660f5c11d8b2","actor_username":"chiha.tw@gmail.com","actor_via_sso":false,"log_type":"token"}	2024-05-02 19:02:28.11023+09	
00000000-0000-0000-0000-000000000000	f45d0312-98d2-4791-a698-7a37309a6ab9	{"action":"token_refreshed","actor_id":"fb799d7d-b779-4c1c-a8fe-660f5c11d8b2","actor_username":"chiha.tw@gmail.com","actor_via_sso":false,"log_type":"token"}	2024-05-02 19:02:28.147342+09	
00000000-0000-0000-0000-000000000000	a533d800-62e4-4866-90bf-5ffbe67d777e	{"action":"token_refreshed","actor_id":"fb799d7d-b779-4c1c-a8fe-660f5c11d8b2","actor_username":"chiha.tw@gmail.com","actor_via_sso":false,"log_type":"token"}	2024-05-02 19:02:28.223408+09	
00000000-0000-0000-0000-000000000000	494e24ee-0a75-4332-9fd2-99856259e06f	{"action":"token_refreshed","actor_id":"fb799d7d-b779-4c1c-a8fe-660f5c11d8b2","actor_username":"chiha.tw@gmail.com","actor_via_sso":false,"log_type":"token"}	2024-05-02 19:02:28.342801+09	
00000000-0000-0000-0000-000000000000	e6f91aea-2fed-44fb-90c2-78723ed11d76	{"action":"logout","actor_id":"fb799d7d-b779-4c1c-a8fe-660f5c11d8b2","actor_username":"chiha.tw@gmail.com","actor_via_sso":false,"log_type":"account"}	2024-05-02 19:02:34.530322+09	
00000000-0000-0000-0000-000000000000	64af5b5d-10aa-4560-8401-17d9735f8b86	{"action":"login","actor_id":"d830dab9-31dc-4634-9045-d70e05b93d81","actor_username":"lisan@gmail.com","actor_via_sso":false,"log_type":"account","traits":{"provider":"email"}}	2024-05-02 19:03:01.477344+09	
00000000-0000-0000-0000-000000000000	a8929c24-6be3-4bdb-bac0-563ccb89cad7	{"action":"login","actor_id":"b2d7045a-bfb9-4aa2-88ed-fdfbac324e72","actor_username":"kousan@gmail.com","actor_via_sso":false,"log_type":"account","traits":{"provider":"email"}}	2024-05-02 19:03:29.160983+09	
00000000-0000-0000-0000-000000000000	08abd120-acff-48f0-b875-538a54b9c11a	{"action":"token_refreshed","actor_id":"d830dab9-31dc-4634-9045-d70e05b93d81","actor_username":"lisan@gmail.com","actor_via_sso":false,"log_type":"token"}	2024-05-02 20:00:17.257013+09	
00000000-0000-0000-0000-000000000000	ab983a64-d00f-4b78-a355-ccd0d783ea7d	{"action":"token_revoked","actor_id":"d830dab9-31dc-4634-9045-d70e05b93d81","actor_username":"lisan@gmail.com","actor_via_sso":false,"log_type":"token"}	2024-05-02 20:00:17.260265+09	
00000000-0000-0000-0000-000000000000	59a1dcb8-a8b1-40ba-a71d-a9d5803ed542	{"action":"token_refreshed","actor_id":"d830dab9-31dc-4634-9045-d70e05b93d81","actor_username":"lisan@gmail.com","actor_via_sso":false,"log_type":"token"}	2024-05-02 20:01:25.403102+09	
00000000-0000-0000-0000-000000000000	538a95cd-6b02-4c0f-9cb8-cc981270d57c	{"action":"token_revoked","actor_id":"d830dab9-31dc-4634-9045-d70e05b93d81","actor_username":"lisan@gmail.com","actor_via_sso":false,"log_type":"token"}	2024-05-02 20:01:25.403723+09	
00000000-0000-0000-0000-000000000000	244eb09f-3370-495c-8b59-616ba816845c	{"action":"token_refreshed","actor_id":"b2d7045a-bfb9-4aa2-88ed-fdfbac324e72","actor_username":"kousan@gmail.com","actor_via_sso":false,"log_type":"token"}	2024-05-02 20:01:59.015432+09	
00000000-0000-0000-0000-000000000000	300349e6-3f7c-44c2-abc7-34645251ed54	{"action":"token_revoked","actor_id":"b2d7045a-bfb9-4aa2-88ed-fdfbac324e72","actor_username":"kousan@gmail.com","actor_via_sso":false,"log_type":"token"}	2024-05-02 20:01:59.016021+09	
00000000-0000-0000-0000-000000000000	df60b5b1-f7f2-4d65-9205-760271bce7c9	{"action":"token_refreshed","actor_id":"d830dab9-31dc-4634-9045-d70e05b93d81","actor_username":"lisan@gmail.com","actor_via_sso":false,"log_type":"token"}	2024-05-02 22:12:56.569643+09	
00000000-0000-0000-0000-000000000000	d6b564d3-0a99-4328-8923-080f612d706b	{"action":"token_revoked","actor_id":"d830dab9-31dc-4634-9045-d70e05b93d81","actor_username":"lisan@gmail.com","actor_via_sso":false,"log_type":"token"}	2024-05-02 22:12:56.572585+09	
00000000-0000-0000-0000-000000000000	2cde160f-d19d-45bd-86dc-1319446e567f	{"action":"login","actor_id":"fb799d7d-b779-4c1c-a8fe-660f5c11d8b2","actor_username":"chiha.tw@gmail.com","actor_via_sso":false,"log_type":"account","traits":{"provider":"email"}}	2024-05-03 16:25:41.205666+09	
00000000-0000-0000-0000-000000000000	466d428f-a69f-4da6-87a0-6250ab794f33	{"action":"login","actor_id":"d830dab9-31dc-4634-9045-d70e05b93d81","actor_username":"lisan@gmail.com","actor_via_sso":false,"log_type":"account","traits":{"provider":"email"}}	2024-05-03 16:27:49.456589+09	
00000000-0000-0000-0000-000000000000	4abde98e-7f39-440a-a56d-d569c9a9cccf	{"action":"logout","actor_id":"d830dab9-31dc-4634-9045-d70e05b93d81","actor_username":"lisan@gmail.com","actor_via_sso":false,"log_type":"account"}	2024-05-03 16:29:54.035123+09	
00000000-0000-0000-0000-000000000000	07fa6471-c57b-4296-b0b2-85047d5696cd	{"action":"login","actor_id":"b2d7045a-bfb9-4aa2-88ed-fdfbac324e72","actor_username":"kousan@gmail.com","actor_via_sso":false,"log_type":"account","traits":{"provider":"email"}}	2024-05-03 16:30:04.429183+09	
00000000-0000-0000-0000-000000000000	0f82993a-d211-4993-8a3b-480a55dd264a	{"action":"token_refreshed","actor_id":"fb799d7d-b779-4c1c-a8fe-660f5c11d8b2","actor_username":"chiha.tw@gmail.com","actor_via_sso":false,"log_type":"token"}	2024-05-03 19:10:48.690404+09	
00000000-0000-0000-0000-000000000000	27546c34-8002-4653-bb31-e7abbd60d4cc	{"action":"token_revoked","actor_id":"fb799d7d-b779-4c1c-a8fe-660f5c11d8b2","actor_username":"chiha.tw@gmail.com","actor_via_sso":false,"log_type":"token"}	2024-05-03 19:10:48.693275+09	
00000000-0000-0000-0000-000000000000	9ee5b35f-48d9-467e-a6ac-0d13866e6d11	{"action":"token_refreshed","actor_id":"fb799d7d-b779-4c1c-a8fe-660f5c11d8b2","actor_username":"chiha.tw@gmail.com","actor_via_sso":false,"log_type":"token"}	2024-05-03 19:10:50.217243+09	
00000000-0000-0000-0000-000000000000	2c223255-4e0b-4622-ab08-10eea3bf5113	{"action":"token_refreshed","actor_id":"fb799d7d-b779-4c1c-a8fe-660f5c11d8b2","actor_username":"chiha.tw@gmail.com","actor_via_sso":false,"log_type":"token"}	2024-05-03 19:10:50.229907+09	
00000000-0000-0000-0000-000000000000	e9f5da2e-4356-47e8-a692-502af3aa3a33	{"action":"token_refreshed","actor_id":"fb799d7d-b779-4c1c-a8fe-660f5c11d8b2","actor_username":"chiha.tw@gmail.com","actor_via_sso":false,"log_type":"token"}	2024-05-03 19:10:50.521987+09	
00000000-0000-0000-0000-000000000000	988f2bb9-4773-4908-91e0-38867b59f241	{"action":"token_refreshed","actor_id":"fb799d7d-b779-4c1c-a8fe-660f5c11d8b2","actor_username":"chiha.tw@gmail.com","actor_via_sso":false,"log_type":"token"}	2024-05-03 19:10:50.719022+09	
00000000-0000-0000-0000-000000000000	fad114ca-df45-4402-af00-5704ab13da28	{"action":"login","actor_id":"594d9b95-665c-4a9e-9b61-cdac61c99883","actor_username":"go@gmail.com","actor_via_sso":false,"log_type":"account","traits":{"provider":"email"}}	2024-05-04 11:02:29.248901+09	
00000000-0000-0000-0000-000000000000	04ad872a-1380-477e-b4e2-1a6ad316f65b	{"action":"login","actor_id":"fb799d7d-b779-4c1c-a8fe-660f5c11d8b2","actor_username":"chiha.tw@gmail.com","actor_via_sso":false,"log_type":"account","traits":{"provider":"email"}}	2024-05-04 11:34:54.45462+09	
00000000-0000-0000-0000-000000000000	8a5cdd3a-93b4-4b67-af14-0ba65815b753	{"action":"login","actor_id":"fb799d7d-b779-4c1c-a8fe-660f5c11d8b2","actor_username":"chiha.tw@gmail.com","actor_via_sso":false,"log_type":"account","traits":{"provider":"email"}}	2024-05-04 11:38:47.964647+09	
00000000-0000-0000-0000-000000000000	352f7518-720b-4350-93c3-62d71984ef4c	{"action":"token_refreshed","actor_id":"fb799d7d-b779-4c1c-a8fe-660f5c11d8b2","actor_username":"chiha.tw@gmail.com","actor_via_sso":false,"log_type":"token"}	2024-05-04 11:41:17.297335+09	
00000000-0000-0000-0000-000000000000	2221a14f-dcd9-477d-9506-c6c02991f97a	{"action":"token_revoked","actor_id":"fb799d7d-b779-4c1c-a8fe-660f5c11d8b2","actor_username":"chiha.tw@gmail.com","actor_via_sso":false,"log_type":"token"}	2024-05-04 11:41:17.299586+09	
00000000-0000-0000-0000-000000000000	bfc61bcb-af6f-42bd-b673-d8fb2f66b580	{"action":"token_refreshed","actor_id":"fb799d7d-b779-4c1c-a8fe-660f5c11d8b2","actor_username":"chiha.tw@gmail.com","actor_via_sso":false,"log_type":"token"}	2024-05-04 11:41:17.74768+09	
00000000-0000-0000-0000-000000000000	356dadde-375d-4ce4-9044-e6a10969e341	{"action":"token_refreshed","actor_id":"fb799d7d-b779-4c1c-a8fe-660f5c11d8b2","actor_username":"chiha.tw@gmail.com","actor_via_sso":false,"log_type":"token"}	2024-05-04 11:41:17.771286+09	
00000000-0000-0000-0000-000000000000	caa52583-8616-450c-9408-18221a8300e0	{"action":"logout","actor_id":"594d9b95-665c-4a9e-9b61-cdac61c99883","actor_username":"go@gmail.com","actor_via_sso":false,"log_type":"account"}	2024-05-04 11:52:26.511754+09	
00000000-0000-0000-0000-000000000000	c3d6155f-8dd6-4015-9e08-95ddb1af09a5	{"action":"login","actor_id":"fb799d7d-b779-4c1c-a8fe-660f5c11d8b2","actor_username":"chiha.tw@gmail.com","actor_via_sso":false,"log_type":"account","traits":{"provider":"email"}}	2024-05-04 11:52:32.08589+09	
00000000-0000-0000-0000-000000000000	a804f94e-af1e-4f20-8d07-2af8d9c433c2	{"action":"login","actor_id":"fb799d7d-b779-4c1c-a8fe-660f5c11d8b2","actor_username":"chiha.tw@gmail.com","actor_via_sso":false,"log_type":"account","traits":{"provider":"email"}}	2024-05-04 11:59:40.100804+09	
00000000-0000-0000-0000-000000000000	4da12b24-4037-48ea-a99a-ed0b45f519fc	{"action":"logout","actor_id":"fb799d7d-b779-4c1c-a8fe-660f5c11d8b2","actor_username":"chiha.tw@gmail.com","actor_via_sso":false,"log_type":"account"}	2024-05-04 12:03:14.87591+09	
00000000-0000-0000-0000-000000000000	a8bd7275-4476-4680-aa41-1161747698c2	{"action":"login","actor_id":"594d9b95-665c-4a9e-9b61-cdac61c99883","actor_username":"go@gmail.com","actor_via_sso":false,"log_type":"account","traits":{"provider":"email"}}	2024-05-04 12:12:32.328362+09	
00000000-0000-0000-0000-000000000000	932d7dcd-a515-443f-9bc4-50eea7f20670	{"action":"logout","actor_id":"594d9b95-665c-4a9e-9b61-cdac61c99883","actor_username":"go@gmail.com","actor_via_sso":false,"log_type":"account"}	2024-05-04 12:13:03.130331+09	
00000000-0000-0000-0000-000000000000	9110794d-baa2-4907-a582-2671341fa967	{"action":"login","actor_id":"d830dab9-31dc-4634-9045-d70e05b93d81","actor_username":"lisan@gmail.com","actor_via_sso":false,"log_type":"account","traits":{"provider":"email"}}	2024-05-04 12:13:29.542548+09	
00000000-0000-0000-0000-000000000000	7ee1bc98-eb5c-4e9b-b79b-4414ddea9a9a	{"action":"logout","actor_id":"594d9b95-665c-4a9e-9b61-cdac61c99883","actor_username":"go@gmail.com","actor_via_sso":false,"log_type":"account"}	2024-05-04 16:19:57.183213+09	
00000000-0000-0000-0000-000000000000	1572cceb-cb37-477f-acb8-fbecef0719ab	{"action":"login","actor_id":"594d9b95-665c-4a9e-9b61-cdac61c99883","actor_username":"go@gmail.com","actor_via_sso":false,"log_type":"account","traits":{"provider":"email"}}	2024-05-04 16:20:20.607667+09	
00000000-0000-0000-0000-000000000000	78207629-9567-48ab-827e-4c65955e7e0a	{"action":"logout","actor_id":"594d9b95-665c-4a9e-9b61-cdac61c99883","actor_username":"go@gmail.com","actor_via_sso":false,"log_type":"account"}	2024-05-04 16:22:56.989994+09	
00000000-0000-0000-0000-000000000000	52b9cadd-eedc-472a-961b-a46f30b2099a	{"action":"login","actor_id":"d830dab9-31dc-4634-9045-d70e05b93d81","actor_username":"lisan@gmail.com","actor_via_sso":false,"log_type":"account","traits":{"provider":"email"}}	2024-05-04 16:23:12.071528+09	
00000000-0000-0000-0000-000000000000	d75dcfcb-ebc0-4361-a489-4141205e8a0e	{"action":"logout","actor_id":"d830dab9-31dc-4634-9045-d70e05b93d81","actor_username":"lisan@gmail.com","actor_via_sso":false,"log_type":"account"}	2024-05-04 16:23:19.889297+09	
00000000-0000-0000-0000-000000000000	2d338101-f187-478e-ae3b-05af451a98d5	{"action":"login","actor_id":"b2d7045a-bfb9-4aa2-88ed-fdfbac324e72","actor_username":"kousan@gmail.com","actor_via_sso":false,"log_type":"account","traits":{"provider":"email"}}	2024-05-04 16:23:30.976648+09	
00000000-0000-0000-0000-000000000000	8bcda41e-8e15-410f-a6a8-a7fb09508b23	{"action":"logout","actor_id":"b2d7045a-bfb9-4aa2-88ed-fdfbac324e72","actor_username":"kousan@gmail.com","actor_via_sso":false,"log_type":"account"}	2024-05-04 16:23:38.150909+09	
00000000-0000-0000-0000-000000000000	b74b0f76-bd98-4eff-8f60-2ebc3690f0a2	{"action":"login","actor_id":"fb799d7d-b779-4c1c-a8fe-660f5c11d8b2","actor_username":"chiha.tw@gmail.com","actor_via_sso":false,"log_type":"account","traits":{"provider":"email"}}	2024-05-04 20:25:58.443862+09	
00000000-0000-0000-0000-000000000000	c8465cf2-c9b2-4fbe-8d7e-1da371b118fe	{"action":"logout","actor_id":"d830dab9-31dc-4634-9045-d70e05b93d81","actor_username":"lisan@gmail.com","actor_via_sso":false,"log_type":"account"}	2024-05-04 20:32:52.492459+09	
00000000-0000-0000-0000-000000000000	5eaa2475-7888-43eb-a91e-583238ec283e	{"action":"login","actor_id":"594d9b95-665c-4a9e-9b61-cdac61c99883","actor_username":"go@gmail.com","actor_via_sso":false,"log_type":"account","traits":{"provider":"email"}}	2024-05-04 20:38:39.003701+09	
00000000-0000-0000-0000-000000000000	9c968b01-30a3-48ab-acb7-e6fbb18a9bec	{"action":"logout","actor_id":"594d9b95-665c-4a9e-9b61-cdac61c99883","actor_username":"go@gmail.com","actor_via_sso":false,"log_type":"account"}	2024-05-04 20:41:16.380631+09	
00000000-0000-0000-0000-000000000000	15cb77ed-3cdf-441e-a95d-082afb0c9449	{"action":"logout","actor_id":"d830dab9-31dc-4634-9045-d70e05b93d81","actor_username":"lisan@gmail.com","actor_via_sso":false,"log_type":"account"}	2024-05-04 12:15:38.299981+09	
00000000-0000-0000-0000-000000000000	bd7d9e85-fd31-4ba6-ad86-6f820253c0f0	{"action":"login","actor_id":"594d9b95-665c-4a9e-9b61-cdac61c99883","actor_username":"go@gmail.com","actor_via_sso":false,"log_type":"account","traits":{"provider":"email"}}	2024-05-04 12:15:58.356327+09	
00000000-0000-0000-0000-000000000000	b220212b-b35d-4b76-bef2-728db9f770a4	{"action":"login","actor_id":"d830dab9-31dc-4634-9045-d70e05b93d81","actor_username":"lisan@gmail.com","actor_via_sso":false,"log_type":"account","traits":{"provider":"email"}}	2024-05-04 12:51:22.330498+09	
00000000-0000-0000-0000-000000000000	4d9e0da0-e12b-47b1-81b9-b8e6ba78d689	{"action":"logout","actor_id":"d830dab9-31dc-4634-9045-d70e05b93d81","actor_username":"lisan@gmail.com","actor_via_sso":false,"log_type":"account"}	2024-05-04 12:51:53.340815+09	
00000000-0000-0000-0000-000000000000	3f2c54b4-e527-486a-9ae1-97d0c9152d85	{"action":"login","actor_id":"594d9b95-665c-4a9e-9b61-cdac61c99883","actor_username":"go@gmail.com","actor_via_sso":false,"log_type":"account","traits":{"provider":"email"}}	2024-05-04 12:52:27.94968+09	
00000000-0000-0000-0000-000000000000	ab0a61b3-04b2-4317-8786-e6762df943f4	{"action":"logout","actor_id":"594d9b95-665c-4a9e-9b61-cdac61c99883","actor_username":"go@gmail.com","actor_via_sso":false,"log_type":"account"}	2024-05-04 12:52:50.987658+09	
00000000-0000-0000-0000-000000000000	251accec-82af-4b00-93c9-e75d1ec4ea5f	{"action":"login","actor_id":"fb799d7d-b779-4c1c-a8fe-660f5c11d8b2","actor_username":"chiha.tw@gmail.com","actor_via_sso":false,"log_type":"account","traits":{"provider":"email"}}	2024-05-04 16:19:30.776593+09	
00000000-0000-0000-0000-000000000000	853a1032-2a9e-4776-a436-fb63ed6896fd	{"action":"login","actor_id":"594d9b95-665c-4a9e-9b61-cdac61c99883","actor_username":"go@gmail.com","actor_via_sso":false,"log_type":"account","traits":{"provider":"email"}}	2024-05-04 16:19:47.191976+09	
00000000-0000-0000-0000-000000000000	38fc1ee4-122f-4415-a44a-b83d8735ccd6	{"action":"login","actor_id":"594d9b95-665c-4a9e-9b61-cdac61c99883","actor_username":"go@gmail.com","actor_via_sso":false,"log_type":"account","traits":{"provider":"email"}}	2024-05-04 20:27:48.565193+09	
00000000-0000-0000-0000-000000000000	f45a21ff-dce7-44fa-ae7f-b4147d8e0473	{"action":"logout","actor_id":"594d9b95-665c-4a9e-9b61-cdac61c99883","actor_username":"go@gmail.com","actor_via_sso":false,"log_type":"account"}	2024-05-04 20:29:00.776087+09	
00000000-0000-0000-0000-000000000000	42a9a9a2-db9b-433b-9e3e-0a15222f8770	{"action":"login","actor_id":"594d9b95-665c-4a9e-9b61-cdac61c99883","actor_username":"go@gmail.com","actor_via_sso":false,"log_type":"account","traits":{"provider":"email"}}	2024-05-04 20:29:13.898249+09	
00000000-0000-0000-0000-000000000000	eb67e01f-d7b4-4554-8a3a-46369ebd0470	{"action":"logout","actor_id":"594d9b95-665c-4a9e-9b61-cdac61c99883","actor_username":"go@gmail.com","actor_via_sso":false,"log_type":"account"}	2024-05-04 20:32:24.220698+09	
00000000-0000-0000-0000-000000000000	f1997941-8091-47c4-b050-a1975db666b9	{"action":"login","actor_id":"d830dab9-31dc-4634-9045-d70e05b93d81","actor_username":"lisan@gmail.com","actor_via_sso":false,"log_type":"account","traits":{"provider":"email"}}	2024-05-04 20:32:33.859915+09	
00000000-0000-0000-0000-000000000000	3c44ff57-d0ca-4cf6-a5f5-157e121e5c3f	{"action":"token_refreshed","actor_id":"fb799d7d-b779-4c1c-a8fe-660f5c11d8b2","actor_username":"chiha.tw@gmail.com","actor_via_sso":false,"log_type":"token"}	2024-05-04 21:02:36.39195+09	
00000000-0000-0000-0000-000000000000	13c33882-ad78-43e9-9065-315cdb6649c1	{"action":"token_revoked","actor_id":"fb799d7d-b779-4c1c-a8fe-660f5c11d8b2","actor_username":"chiha.tw@gmail.com","actor_via_sso":false,"log_type":"token"}	2024-05-04 21:02:36.395868+09	
00000000-0000-0000-0000-000000000000	8a008e14-85aa-457c-9da2-120489e07dfe	{"action":"token_refreshed","actor_id":"fb799d7d-b779-4c1c-a8fe-660f5c11d8b2","actor_username":"chiha.tw@gmail.com","actor_via_sso":false,"log_type":"token"}	2024-05-04 21:02:36.632046+09	
00000000-0000-0000-0000-000000000000	50ac8147-a925-4de4-a84f-dc86574a8126	{"action":"token_refreshed","actor_id":"fb799d7d-b779-4c1c-a8fe-660f5c11d8b2","actor_username":"chiha.tw@gmail.com","actor_via_sso":false,"log_type":"token"}	2024-05-04 21:02:37.321671+09	
00000000-0000-0000-0000-000000000000	77d3df17-e358-459d-bc7a-c8b30af91d1c	{"action":"token_refreshed","actor_id":"fb799d7d-b779-4c1c-a8fe-660f5c11d8b2","actor_username":"chiha.tw@gmail.com","actor_via_sso":false,"log_type":"token"}	2024-05-04 21:02:37.328787+09	
00000000-0000-0000-0000-000000000000	336c9624-45b8-444a-b089-f713e93831ff	{"action":"token_refreshed","actor_id":"fb799d7d-b779-4c1c-a8fe-660f5c11d8b2","actor_username":"chiha.tw@gmail.com","actor_via_sso":false,"log_type":"token"}	2024-05-04 21:02:37.587151+09	
00000000-0000-0000-0000-000000000000	50936d5e-6e9d-4301-94d3-c5a4aa34a3bd	{"action":"token_refreshed","actor_id":"fb799d7d-b779-4c1c-a8fe-660f5c11d8b2","actor_username":"chiha.tw@gmail.com","actor_via_sso":false,"log_type":"token"}	2024-05-04 21:02:37.755797+09	
00000000-0000-0000-0000-000000000000	7c058852-7081-452b-8e4b-5f7763f107b5	{"action":"login","actor_id":"594d9b95-665c-4a9e-9b61-cdac61c99883","actor_username":"go@gmail.com","actor_via_sso":false,"log_type":"account","traits":{"provider":"email"}}	2024-05-04 21:02:55.717227+09	
00000000-0000-0000-0000-000000000000	2ca87ccf-f501-43c6-9262-ed93b5c68ae1	{"action":"logout","actor_id":"594d9b95-665c-4a9e-9b61-cdac61c99883","actor_username":"go@gmail.com","actor_via_sso":false,"log_type":"account"}	2024-05-04 21:05:32.095268+09	
00000000-0000-0000-0000-000000000000	c665ae5c-bd47-4f6f-a8a9-e58ded50e505	{"action":"token_refreshed","actor_id":"fb799d7d-b779-4c1c-a8fe-660f5c11d8b2","actor_username":"chiha.tw@gmail.com","actor_via_sso":false,"log_type":"token"}	2024-05-04 21:24:19.84403+09	
00000000-0000-0000-0000-000000000000	f28dcf9e-f7f6-4397-a2f7-101706db92e9	{"action":"token_revoked","actor_id":"fb799d7d-b779-4c1c-a8fe-660f5c11d8b2","actor_username":"chiha.tw@gmail.com","actor_via_sso":false,"log_type":"token"}	2024-05-04 21:24:19.845742+09	
00000000-0000-0000-0000-000000000000	06bdb427-323c-4c7c-a25d-f611dd0b5994	{"action":"login","actor_id":"d830dab9-31dc-4634-9045-d70e05b93d81","actor_username":"lisan@gmail.com","actor_via_sso":false,"log_type":"account","traits":{"provider":"email"}}	2024-05-05 00:25:25.26968+09	
00000000-0000-0000-0000-000000000000	39850caf-8030-4168-9a70-e53a3250fd6f	{"action":"login","actor_id":"fb799d7d-b779-4c1c-a8fe-660f5c11d8b2","actor_username":"chiha.tw@gmail.com","actor_via_sso":false,"log_type":"account","traits":{"provider":"email"}}	2024-05-05 06:27:55.430905+09	
00000000-0000-0000-0000-000000000000	8d6d5a04-9be5-4d05-adf4-4ca8d670bc82	{"action":"login","actor_id":"fb799d7d-b779-4c1c-a8fe-660f5c11d8b2","actor_username":"chiha.tw@gmail.com","actor_via_sso":false,"log_type":"account","traits":{"provider":"email"}}	2024-05-05 06:29:04.064915+09	
00000000-0000-0000-0000-000000000000	25309e83-a14d-4602-b73e-62a92951715b	{"action":"token_refreshed","actor_id":"fb799d7d-b779-4c1c-a8fe-660f5c11d8b2","actor_username":"chiha.tw@gmail.com","actor_via_sso":false,"log_type":"token"}	2024-05-05 07:49:41.441245+09	
00000000-0000-0000-0000-000000000000	fa146492-a1ef-4bbd-959b-efcb75afa451	{"action":"token_revoked","actor_id":"fb799d7d-b779-4c1c-a8fe-660f5c11d8b2","actor_username":"chiha.tw@gmail.com","actor_via_sso":false,"log_type":"token"}	2024-05-05 07:49:41.443936+09	
00000000-0000-0000-0000-000000000000	fae02323-824d-450e-95cd-3b57f06fb8b4	{"action":"token_refreshed","actor_id":"fb799d7d-b779-4c1c-a8fe-660f5c11d8b2","actor_username":"chiha.tw@gmail.com","actor_via_sso":false,"log_type":"token"}	2024-05-05 07:49:42.838954+09	
00000000-0000-0000-0000-000000000000	e91bc3eb-4b80-4468-a19b-ad0fb2bd42c7	{"action":"token_refreshed","actor_id":"fb799d7d-b779-4c1c-a8fe-660f5c11d8b2","actor_username":"chiha.tw@gmail.com","actor_via_sso":false,"log_type":"token"}	2024-05-05 07:49:42.887714+09	
00000000-0000-0000-0000-000000000000	e1978780-3195-4bee-9107-9b084af64a3f	{"action":"token_refreshed","actor_id":"fb799d7d-b779-4c1c-a8fe-660f5c11d8b2","actor_username":"chiha.tw@gmail.com","actor_via_sso":false,"log_type":"token"}	2024-05-05 07:49:43.05386+09	
00000000-0000-0000-0000-000000000000	a56c4f7d-69f7-48c6-96ab-41c89981c2cd	{"action":"token_refreshed","actor_id":"fb799d7d-b779-4c1c-a8fe-660f5c11d8b2","actor_username":"chiha.tw@gmail.com","actor_via_sso":false,"log_type":"token"}	2024-05-05 07:49:43.250876+09	
00000000-0000-0000-0000-000000000000	ed118c21-5220-46a8-b12c-3eb0d5e3f67f	{"action":"logout","actor_id":"fb799d7d-b779-4c1c-a8fe-660f5c11d8b2","actor_username":"chiha.tw@gmail.com","actor_via_sso":false,"log_type":"account"}	2024-05-05 07:49:45.44891+09	
00000000-0000-0000-0000-000000000000	0169a7b3-a881-4e33-8b6d-ff332a4e358e	{"action":"login","actor_id":"fb799d7d-b779-4c1c-a8fe-660f5c11d8b2","actor_username":"chiha.tw@gmail.com","actor_via_sso":false,"log_type":"account","traits":{"provider":"email"}}	2024-05-05 08:48:04.252305+09	
00000000-0000-0000-0000-000000000000	fc602ec8-55d0-4eaf-a392-eafa786af3ff	{"action":"login","actor_id":"b2d7045a-bfb9-4aa2-88ed-fdfbac324e72","actor_username":"kousan@gmail.com","actor_via_sso":false,"log_type":"account","traits":{"provider":"email"}}	2024-05-05 12:05:36.859202+09	
00000000-0000-0000-0000-000000000000	fa779e9d-752e-403c-b2f6-e649ac7c415b	{"action":"token_refreshed","actor_id":"b2d7045a-bfb9-4aa2-88ed-fdfbac324e72","actor_username":"kousan@gmail.com","actor_via_sso":false,"log_type":"token"}	2024-05-05 13:12:17.814026+09	
00000000-0000-0000-0000-000000000000	93bf827f-9218-4e63-990e-5d013b85495b	{"action":"token_revoked","actor_id":"b2d7045a-bfb9-4aa2-88ed-fdfbac324e72","actor_username":"kousan@gmail.com","actor_via_sso":false,"log_type":"token"}	2024-05-05 13:12:17.818574+09	
00000000-0000-0000-0000-000000000000	6cdd1e3d-0657-4469-bd1e-6f4c83be7558	{"action":"token_refreshed","actor_id":"b2d7045a-bfb9-4aa2-88ed-fdfbac324e72","actor_username":"kousan@gmail.com","actor_via_sso":false,"log_type":"token"}	2024-05-05 13:12:18.651272+09	
00000000-0000-0000-0000-000000000000	03ae142d-f7d7-4e10-80cb-5e4fbbcc5436	{"action":"token_refreshed","actor_id":"b2d7045a-bfb9-4aa2-88ed-fdfbac324e72","actor_username":"kousan@gmail.com","actor_via_sso":false,"log_type":"token"}	2024-05-05 15:13:52.61557+09	
00000000-0000-0000-0000-000000000000	1e222328-23c4-4dcd-82b1-a2397678177c	{"action":"token_revoked","actor_id":"b2d7045a-bfb9-4aa2-88ed-fdfbac324e72","actor_username":"kousan@gmail.com","actor_via_sso":false,"log_type":"token"}	2024-05-05 15:13:52.617905+09	
00000000-0000-0000-0000-000000000000	e640f482-9aa7-48a4-b7cf-2ff989051613	{"action":"login","actor_id":"fb799d7d-b779-4c1c-a8fe-660f5c11d8b2","actor_username":"chiha.tw@gmail.com","actor_via_sso":false,"log_type":"account","traits":{"provider":"email"}}	2024-05-05 18:03:32.656032+09	
00000000-0000-0000-0000-000000000000	6647fd35-7311-488a-a70b-e935d6b81527	{"action":"token_refreshed","actor_id":"fb799d7d-b779-4c1c-a8fe-660f5c11d8b2","actor_username":"chiha.tw@gmail.com","actor_via_sso":false,"log_type":"token"}	2024-05-06 08:39:13.242636+09	
00000000-0000-0000-0000-000000000000	1a7f6fc2-e76d-436a-9616-87b14a2fadf8	{"action":"token_revoked","actor_id":"fb799d7d-b779-4c1c-a8fe-660f5c11d8b2","actor_username":"chiha.tw@gmail.com","actor_via_sso":false,"log_type":"token"}	2024-05-06 08:39:13.253612+09	
00000000-0000-0000-0000-000000000000	5733fd94-2b04-4fc5-9cf9-5b99c31bbe81	{"action":"token_refreshed","actor_id":"fb799d7d-b779-4c1c-a8fe-660f5c11d8b2","actor_username":"chiha.tw@gmail.com","actor_via_sso":false,"log_type":"token"}	2024-05-06 08:39:14.94806+09	
00000000-0000-0000-0000-000000000000	d127640d-ddab-4f76-9eca-27515434a969	{"action":"token_refreshed","actor_id":"fb799d7d-b779-4c1c-a8fe-660f5c11d8b2","actor_username":"chiha.tw@gmail.com","actor_via_sso":false,"log_type":"token"}	2024-05-06 08:39:14.962048+09	
00000000-0000-0000-0000-000000000000	7fa4a5c8-0b84-491f-bbab-252006524167	{"action":"token_refreshed","actor_id":"fb799d7d-b779-4c1c-a8fe-660f5c11d8b2","actor_username":"chiha.tw@gmail.com","actor_via_sso":false,"log_type":"token"}	2024-05-06 08:39:15.18519+09	
00000000-0000-0000-0000-000000000000	6174b570-fed6-4d6b-b1ac-e79ea18662b8	{"action":"token_refreshed","actor_id":"fb799d7d-b779-4c1c-a8fe-660f5c11d8b2","actor_username":"chiha.tw@gmail.com","actor_via_sso":false,"log_type":"token"}	2024-05-06 08:39:15.401203+09	
00000000-0000-0000-0000-000000000000	ebada9c7-d5ab-4506-bb4a-68a185e2dec9	{"action":"token_refreshed","actor_id":"fb799d7d-b779-4c1c-a8fe-660f5c11d8b2","actor_username":"chiha.tw@gmail.com","actor_via_sso":false,"log_type":"token"}	2024-05-06 09:40:14.726067+09	
00000000-0000-0000-0000-000000000000	62d4a792-507a-4c15-94f5-6286012a8d1f	{"action":"token_revoked","actor_id":"fb799d7d-b779-4c1c-a8fe-660f5c11d8b2","actor_username":"chiha.tw@gmail.com","actor_via_sso":false,"log_type":"token"}	2024-05-06 09:40:14.727292+09	
00000000-0000-0000-0000-000000000000	4b952e32-47f6-4c36-914b-9a932dfdc872	{"action":"token_refreshed","actor_id":"fb799d7d-b779-4c1c-a8fe-660f5c11d8b2","actor_username":"chiha.tw@gmail.com","actor_via_sso":false,"log_type":"token"}	2024-05-06 09:40:15.097905+09	
00000000-0000-0000-0000-000000000000	8a0f3d48-2e9d-47da-97e1-c9bedf9b9336	{"action":"token_refreshed","actor_id":"fb799d7d-b779-4c1c-a8fe-660f5c11d8b2","actor_username":"chiha.tw@gmail.com","actor_via_sso":false,"log_type":"token"}	2024-05-06 09:40:15.279934+09	
00000000-0000-0000-0000-000000000000	e870ce4a-8ee4-416e-a641-98fbbb64f218	{"action":"token_refreshed","actor_id":"fb799d7d-b779-4c1c-a8fe-660f5c11d8b2","actor_username":"chiha.tw@gmail.com","actor_via_sso":false,"log_type":"token"}	2024-05-06 09:40:15.341399+09	
00000000-0000-0000-0000-000000000000	5852f0a3-7d30-45db-879a-33f24dad8be7	{"action":"token_refreshed","actor_id":"fb799d7d-b779-4c1c-a8fe-660f5c11d8b2","actor_username":"chiha.tw@gmail.com","actor_via_sso":false,"log_type":"token"}	2024-05-06 09:40:15.488107+09	
00000000-0000-0000-0000-000000000000	113d899f-5bd6-4b90-b92d-bc738dce9659	{"action":"token_refreshed","actor_id":"fb799d7d-b779-4c1c-a8fe-660f5c11d8b2","actor_username":"chiha.tw@gmail.com","actor_via_sso":false,"log_type":"token"}	2024-05-06 11:34:08.502053+09	
00000000-0000-0000-0000-000000000000	c173ec6e-1828-4f80-953e-3d1b3eb0b10b	{"action":"token_revoked","actor_id":"fb799d7d-b779-4c1c-a8fe-660f5c11d8b2","actor_username":"chiha.tw@gmail.com","actor_via_sso":false,"log_type":"token"}	2024-05-06 11:34:08.503965+09	
00000000-0000-0000-0000-000000000000	34033f8c-3010-4934-8465-9be85e7f8163	{"action":"token_refreshed","actor_id":"fb799d7d-b779-4c1c-a8fe-660f5c11d8b2","actor_username":"chiha.tw@gmail.com","actor_via_sso":false,"log_type":"token"}	2024-05-06 11:34:10.082038+09	
00000000-0000-0000-0000-000000000000	4f6a3d0a-20f9-420b-95fe-b46d31c9c118	{"action":"token_refreshed","actor_id":"fb799d7d-b779-4c1c-a8fe-660f5c11d8b2","actor_username":"chiha.tw@gmail.com","actor_via_sso":false,"log_type":"token"}	2024-05-06 12:43:07.877667+09	
00000000-0000-0000-0000-000000000000	b3d0adef-0f4e-4e74-82d5-159c07dfe8c8	{"action":"token_revoked","actor_id":"fb799d7d-b779-4c1c-a8fe-660f5c11d8b2","actor_username":"chiha.tw@gmail.com","actor_via_sso":false,"log_type":"token"}	2024-05-06 12:43:07.879414+09	
00000000-0000-0000-0000-000000000000	125bd04b-a9b1-4ccf-9bf1-46dda229fff6	{"action":"token_refreshed","actor_id":"fb799d7d-b779-4c1c-a8fe-660f5c11d8b2","actor_username":"chiha.tw@gmail.com","actor_via_sso":false,"log_type":"token"}	2024-05-06 12:43:08.056304+09	
00000000-0000-0000-0000-000000000000	8a267829-6e1f-401e-be50-fb4c04312f7e	{"action":"token_refreshed","actor_id":"fb799d7d-b779-4c1c-a8fe-660f5c11d8b2","actor_username":"chiha.tw@gmail.com","actor_via_sso":false,"log_type":"token"}	2024-05-06 14:27:08.298202+09	
00000000-0000-0000-0000-000000000000	2d8b3192-8abc-44b4-96a1-4db0c8b1c04d	{"action":"token_refreshed","actor_id":"fb799d7d-b779-4c1c-a8fe-660f5c11d8b2","actor_username":"chiha.tw@gmail.com","actor_via_sso":false,"log_type":"token"}	2024-05-06 14:27:08.377552+09	
00000000-0000-0000-0000-000000000000	956b1605-6da4-46fe-98a0-9d383a0071ae	{"action":"token_refreshed","actor_id":"fb799d7d-b779-4c1c-a8fe-660f5c11d8b2","actor_username":"chiha.tw@gmail.com","actor_via_sso":false,"log_type":"token"}	2024-05-06 14:27:08.560149+09	
00000000-0000-0000-0000-000000000000	fbaad72e-9e7a-4a34-9912-219a03e18074	{"action":"token_refreshed","actor_id":"fb799d7d-b779-4c1c-a8fe-660f5c11d8b2","actor_username":"chiha.tw@gmail.com","actor_via_sso":false,"log_type":"token"}	2024-05-06 14:27:08.732682+09	
00000000-0000-0000-0000-000000000000	f605078c-4214-4870-85a8-d5b6c2036fbb	{"action":"token_refreshed","actor_id":"fb799d7d-b779-4c1c-a8fe-660f5c11d8b2","actor_username":"chiha.tw@gmail.com","actor_via_sso":false,"log_type":"token"}	2024-05-06 14:27:09.523051+09	
00000000-0000-0000-0000-000000000000	2a7918a1-7800-4b85-b2e9-cc81ece1fca6	{"action":"token_refreshed","actor_id":"fb799d7d-b779-4c1c-a8fe-660f5c11d8b2","actor_username":"chiha.tw@gmail.com","actor_via_sso":false,"log_type":"token"}	2024-05-06 14:27:09.53927+09	
00000000-0000-0000-0000-000000000000	e98f1f08-fd48-4067-91dd-aba7eb899023	{"action":"token_refreshed","actor_id":"fb799d7d-b779-4c1c-a8fe-660f5c11d8b2","actor_username":"chiha.tw@gmail.com","actor_via_sso":false,"log_type":"token"}	2024-05-06 14:27:09.816909+09	
00000000-0000-0000-0000-000000000000	43696dbd-af7a-4727-8cdb-42317f27097e	{"action":"token_refreshed","actor_id":"fb799d7d-b779-4c1c-a8fe-660f5c11d8b2","actor_username":"chiha.tw@gmail.com","actor_via_sso":false,"log_type":"token"}	2024-05-06 14:27:10.065953+09	
00000000-0000-0000-0000-000000000000	f115d1c4-415a-46b5-9a80-aea37e18e513	{"action":"login","actor_id":"b2d7045a-bfb9-4aa2-88ed-fdfbac324e72","actor_username":"kousan@gmail.com","actor_via_sso":false,"log_type":"account","traits":{"provider":"email"}}	2024-05-06 15:19:52.507284+09	
00000000-0000-0000-0000-000000000000	4ac0217a-96c7-417d-b2d2-6ac290e9e044	{"action":"logout","actor_id":"b2d7045a-bfb9-4aa2-88ed-fdfbac324e72","actor_username":"kousan@gmail.com","actor_via_sso":false,"log_type":"account"}	2024-05-06 15:21:40.665636+09	
00000000-0000-0000-0000-000000000000	dbe429e0-0d46-40e1-a6a5-00726c6da90d	{"action":"login","actor_id":"d830dab9-31dc-4634-9045-d70e05b93d81","actor_username":"lisan@gmail.com","actor_via_sso":false,"log_type":"account","traits":{"provider":"email"}}	2024-05-06 15:21:49.678704+09	
00000000-0000-0000-0000-000000000000	097b7211-2789-4f1b-afce-5fe32baae620	{"action":"token_refreshed","actor_id":"fb799d7d-b779-4c1c-a8fe-660f5c11d8b2","actor_username":"chiha.tw@gmail.com","actor_via_sso":false,"log_type":"token"}	2024-05-06 15:35:17.075002+09	
00000000-0000-0000-0000-000000000000	b7d5ac75-00e1-41c3-87cf-3b077c687fbf	{"action":"token_revoked","actor_id":"fb799d7d-b779-4c1c-a8fe-660f5c11d8b2","actor_username":"chiha.tw@gmail.com","actor_via_sso":false,"log_type":"token"}	2024-05-06 15:35:17.076994+09	
00000000-0000-0000-0000-000000000000	49076791-dd9e-46ce-98b8-971cca7437e2	{"action":"token_refreshed","actor_id":"fb799d7d-b779-4c1c-a8fe-660f5c11d8b2","actor_username":"chiha.tw@gmail.com","actor_via_sso":false,"log_type":"token"}	2024-05-06 15:35:18.395695+09	
00000000-0000-0000-0000-000000000000	7fa711ab-1c98-4831-af7e-1eeb26fd59c4	{"action":"token_refreshed","actor_id":"fb799d7d-b779-4c1c-a8fe-660f5c11d8b2","actor_username":"chiha.tw@gmail.com","actor_via_sso":false,"log_type":"token"}	2024-05-06 15:35:18.43355+09	
00000000-0000-0000-0000-000000000000	2c7337c9-42a2-4c57-9cc1-c57f512ce68e	{"action":"token_refreshed","actor_id":"fb799d7d-b779-4c1c-a8fe-660f5c11d8b2","actor_username":"chiha.tw@gmail.com","actor_via_sso":false,"log_type":"token"}	2024-05-06 15:35:18.788814+09	
00000000-0000-0000-0000-000000000000	8c8d2a32-0ee9-4a12-bf02-dd96d74a7f16	{"action":"login","actor_id":"d830dab9-31dc-4634-9045-d70e05b93d81","actor_username":"lisan@gmail.com","actor_via_sso":false,"log_type":"account","traits":{"provider":"email"}}	2024-05-06 15:36:46.238412+09	
00000000-0000-0000-0000-000000000000	b520fdb0-b47d-4351-b652-91ca889dfd58	{"action":"login","actor_id":"d830dab9-31dc-4634-9045-d70e05b93d81","actor_username":"lisan@gmail.com","actor_via_sso":false,"log_type":"account","traits":{"provider":"email"}}	2024-05-06 23:10:20.870353+09	
00000000-0000-0000-0000-000000000000	3af00665-a9d1-43fb-b3fb-34507241640d	{"action":"token_refreshed","actor_id":"d830dab9-31dc-4634-9045-d70e05b93d81","actor_username":"lisan@gmail.com","actor_via_sso":false,"log_type":"token"}	2024-05-07 00:39:19.583093+09	
00000000-0000-0000-0000-000000000000	9d4a5f1e-0e1e-4442-a252-3e90eb39159b	{"action":"token_refreshed","actor_id":"fb799d7d-b779-4c1c-a8fe-660f5c11d8b2","actor_username":"chiha.tw@gmail.com","actor_via_sso":false,"log_type":"token"}	2024-05-06 12:43:08.087525+09	
00000000-0000-0000-0000-000000000000	ff6d4d99-30b5-482a-85d3-38d92ceb9767	{"action":"token_refreshed","actor_id":"fb799d7d-b779-4c1c-a8fe-660f5c11d8b2","actor_username":"chiha.tw@gmail.com","actor_via_sso":false,"log_type":"token"}	2024-05-06 14:27:06.867464+09	
00000000-0000-0000-0000-000000000000	ce5fdad0-7c33-4b3c-82dc-68a508327e13	{"action":"token_revoked","actor_id":"fb799d7d-b779-4c1c-a8fe-660f5c11d8b2","actor_username":"chiha.tw@gmail.com","actor_via_sso":false,"log_type":"token"}	2024-05-06 14:27:06.868043+09	
00000000-0000-0000-0000-000000000000	b9c97223-3dad-4397-8ea0-f26bf3ecdbe6	{"action":"token_refreshed","actor_id":"fb799d7d-b779-4c1c-a8fe-660f5c11d8b2","actor_username":"chiha.tw@gmail.com","actor_via_sso":false,"log_type":"token"}	2024-05-06 14:27:08.287481+09	
00000000-0000-0000-0000-000000000000	a8500032-511b-441e-a4bd-9ba86f6ff536	{"action":"login","actor_id":"d830dab9-31dc-4634-9045-d70e05b93d81","actor_username":"lisan@gmail.com","actor_via_sso":false,"log_type":"account","traits":{"provider":"email"}}	2024-05-06 15:02:28.262586+09	
00000000-0000-0000-0000-000000000000	8fb751d4-b0d4-4c00-b54c-9edafd8b4ef4	{"action":"token_refreshed","actor_id":"fb799d7d-b779-4c1c-a8fe-660f5c11d8b2","actor_username":"chiha.tw@gmail.com","actor_via_sso":false,"log_type":"token"}	2024-05-06 15:20:57.576567+09	
00000000-0000-0000-0000-000000000000	ae38a3d6-abf1-4e41-a83f-7f1c66a32fcc	{"action":"token_revoked","actor_id":"fb799d7d-b779-4c1c-a8fe-660f5c11d8b2","actor_username":"chiha.tw@gmail.com","actor_via_sso":false,"log_type":"token"}	2024-05-06 15:20:57.578824+09	
00000000-0000-0000-0000-000000000000	4f7b12bc-22d9-44f4-ad0c-f403e2ea69a9	{"action":"token_refreshed","actor_id":"fb799d7d-b779-4c1c-a8fe-660f5c11d8b2","actor_username":"chiha.tw@gmail.com","actor_via_sso":false,"log_type":"token"}	2024-05-06 15:20:57.747647+09	
00000000-0000-0000-0000-000000000000	89f5024c-57d6-45fb-b374-ec88ee0f63e2	{"action":"token_refreshed","actor_id":"fb799d7d-b779-4c1c-a8fe-660f5c11d8b2","actor_username":"chiha.tw@gmail.com","actor_via_sso":false,"log_type":"token"}	2024-05-06 15:20:58.259816+09	
00000000-0000-0000-0000-000000000000	d8dfbe39-078e-4054-9f0a-a95f92aeb364	{"action":"token_refreshed","actor_id":"fb799d7d-b779-4c1c-a8fe-660f5c11d8b2","actor_username":"chiha.tw@gmail.com","actor_via_sso":false,"log_type":"token"}	2024-05-06 15:20:58.292327+09	
00000000-0000-0000-0000-000000000000	e51ade2b-5177-49d5-b197-4ddc36ac9711	{"action":"token_refreshed","actor_id":"fb799d7d-b779-4c1c-a8fe-660f5c11d8b2","actor_username":"chiha.tw@gmail.com","actor_via_sso":false,"log_type":"token"}	2024-05-06 15:20:58.473807+09	
00000000-0000-0000-0000-000000000000	d2c08b94-70b4-4f4f-a853-7fbbabb6d01f	{"action":"token_refreshed","actor_id":"fb799d7d-b779-4c1c-a8fe-660f5c11d8b2","actor_username":"chiha.tw@gmail.com","actor_via_sso":false,"log_type":"token"}	2024-05-06 15:20:58.709969+09	
00000000-0000-0000-0000-000000000000	85efce0e-4ab6-4a9f-870f-e71d0550cde8	{"action":"logout","actor_id":"d830dab9-31dc-4634-9045-d70e05b93d81","actor_username":"lisan@gmail.com","actor_via_sso":false,"log_type":"account"}	2024-05-06 15:23:06.643536+09	
00000000-0000-0000-0000-000000000000	140264a4-dc94-4c4d-bafa-6739b2f88703	{"action":"login","actor_id":"b2d7045a-bfb9-4aa2-88ed-fdfbac324e72","actor_username":"kousan@gmail.com","actor_via_sso":false,"log_type":"account","traits":{"provider":"email"}}	2024-05-06 15:23:17.264502+09	
00000000-0000-0000-0000-000000000000	0b8b3fa9-5443-48f8-b4df-fc1e27d1043b	{"action":"login","actor_id":"b2d7045a-bfb9-4aa2-88ed-fdfbac324e72","actor_username":"kousan@gmail.com","actor_via_sso":false,"log_type":"account","traits":{"provider":"email"}}	2024-05-06 22:56:15.49021+09	
00000000-0000-0000-0000-000000000000	0606dfcf-80e6-48fb-adbe-8e05bb39f672	{"action":"token_refreshed","actor_id":"fb799d7d-b779-4c1c-a8fe-660f5c11d8b2","actor_username":"chiha.tw@gmail.com","actor_via_sso":false,"log_type":"token"}	2024-05-07 08:06:25.882424+09	
00000000-0000-0000-0000-000000000000	8df58fe4-95d1-4d23-ab6b-c636decd936e	{"action":"token_revoked","actor_id":"fb799d7d-b779-4c1c-a8fe-660f5c11d8b2","actor_username":"chiha.tw@gmail.com","actor_via_sso":false,"log_type":"token"}	2024-05-07 08:06:25.887638+09	
00000000-0000-0000-0000-000000000000	d151a1a5-e500-4345-b4d1-d491c08f0b90	{"action":"token_refreshed","actor_id":"fb799d7d-b779-4c1c-a8fe-660f5c11d8b2","actor_username":"chiha.tw@gmail.com","actor_via_sso":false,"log_type":"token"}	2024-05-07 08:06:26.632052+09	
00000000-0000-0000-0000-000000000000	71b39a25-1195-4778-aa80-9f095710108c	{"action":"token_refreshed","actor_id":"fb799d7d-b779-4c1c-a8fe-660f5c11d8b2","actor_username":"chiha.tw@gmail.com","actor_via_sso":false,"log_type":"token"}	2024-05-07 08:06:26.692737+09	
00000000-0000-0000-0000-000000000000	24f9b739-f049-4f3f-8885-509f7d959ba5	{"action":"token_refreshed","actor_id":"fb799d7d-b779-4c1c-a8fe-660f5c11d8b2","actor_username":"chiha.tw@gmail.com","actor_via_sso":false,"log_type":"token"}	2024-05-07 08:06:26.902192+09	
00000000-0000-0000-0000-000000000000	580ebc23-2675-4036-a7ae-52fbaaaccb11	{"action":"token_refreshed","actor_id":"fb799d7d-b779-4c1c-a8fe-660f5c11d8b2","actor_username":"chiha.tw@gmail.com","actor_via_sso":false,"log_type":"token"}	2024-05-07 08:06:27.051212+09	
00000000-0000-0000-0000-000000000000	31afe403-d0b7-4fee-b377-2e0135136a94	{"action":"token_revoked","actor_id":"d830dab9-31dc-4634-9045-d70e05b93d81","actor_username":"lisan@gmail.com","actor_via_sso":false,"log_type":"token"}	2024-05-07 00:39:19.585652+09	
00000000-0000-0000-0000-000000000000	e26ba6bf-4423-406e-99cd-e55572a0bc3e	{"action":"token_refreshed","actor_id":"fb799d7d-b779-4c1c-a8fe-660f5c11d8b2","actor_username":"chiha.tw@gmail.com","actor_via_sso":false,"log_type":"token"}	2024-05-07 06:59:28.973832+09	
00000000-0000-0000-0000-000000000000	de2e77a1-c7f0-4c41-a3e7-aec262d0d56e	{"action":"token_revoked","actor_id":"fb799d7d-b779-4c1c-a8fe-660f5c11d8b2","actor_username":"chiha.tw@gmail.com","actor_via_sso":false,"log_type":"token"}	2024-05-07 06:59:28.97683+09	
00000000-0000-0000-0000-000000000000	e1c39cfa-3e8e-4369-b77d-44aca5807d06	{"action":"token_refreshed","actor_id":"fb799d7d-b779-4c1c-a8fe-660f5c11d8b2","actor_username":"chiha.tw@gmail.com","actor_via_sso":false,"log_type":"token"}	2024-05-07 06:59:30.374825+09	
00000000-0000-0000-0000-000000000000	b324c690-0ba9-4f7b-9c8c-3fb49aeb25a7	{"action":"token_refreshed","actor_id":"fb799d7d-b779-4c1c-a8fe-660f5c11d8b2","actor_username":"chiha.tw@gmail.com","actor_via_sso":false,"log_type":"token"}	2024-05-07 06:59:30.551121+09	
00000000-0000-0000-0000-000000000000	468d41db-ee7d-498e-aae3-887576df055b	{"action":"token_refreshed","actor_id":"fb799d7d-b779-4c1c-a8fe-660f5c11d8b2","actor_username":"chiha.tw@gmail.com","actor_via_sso":false,"log_type":"token"}	2024-05-07 06:59:30.617135+09	
00000000-0000-0000-0000-000000000000	c31a5a13-284c-482c-86af-0c847891fbcc	{"action":"token_refreshed","actor_id":"fb799d7d-b779-4c1c-a8fe-660f5c11d8b2","actor_username":"chiha.tw@gmail.com","actor_via_sso":false,"log_type":"token"}	2024-05-07 06:59:30.930847+09	
00000000-0000-0000-0000-000000000000	64b4ad45-0333-4287-9a75-f8b0efce1aed	{"action":"token_refreshed","actor_id":"fb799d7d-b779-4c1c-a8fe-660f5c11d8b2","actor_username":"chiha.tw@gmail.com","actor_via_sso":false,"log_type":"token"}	2024-05-08 10:28:47.699964+09	
00000000-0000-0000-0000-000000000000	db6dd166-81cf-49b4-9009-0108a0be3861	{"action":"token_revoked","actor_id":"fb799d7d-b779-4c1c-a8fe-660f5c11d8b2","actor_username":"chiha.tw@gmail.com","actor_via_sso":false,"log_type":"token"}	2024-05-08 10:28:47.720259+09	
00000000-0000-0000-0000-000000000000	895158c5-41d0-463d-87d7-55cb8e366e7d	{"action":"token_refreshed","actor_id":"fb799d7d-b779-4c1c-a8fe-660f5c11d8b2","actor_username":"chiha.tw@gmail.com","actor_via_sso":false,"log_type":"token"}	2024-05-08 10:28:48.002008+09	
00000000-0000-0000-0000-000000000000	4b9c5f3d-3901-4d22-9c34-1fd1f08d92ff	{"action":"token_refreshed","actor_id":"fb799d7d-b779-4c1c-a8fe-660f5c11d8b2","actor_username":"chiha.tw@gmail.com","actor_via_sso":false,"log_type":"token"}	2024-05-08 10:28:49.397426+09	
00000000-0000-0000-0000-000000000000	8c078382-349b-4c79-b07e-bf6c25a84af1	{"action":"token_refreshed","actor_id":"fb799d7d-b779-4c1c-a8fe-660f5c11d8b2","actor_username":"chiha.tw@gmail.com","actor_via_sso":false,"log_type":"token"}	2024-05-08 10:28:49.528743+09	
00000000-0000-0000-0000-000000000000	3770fcb7-7d3a-44ee-a4c3-7c2e6ab9e02e	{"action":"token_refreshed","actor_id":"fb799d7d-b779-4c1c-a8fe-660f5c11d8b2","actor_username":"chiha.tw@gmail.com","actor_via_sso":false,"log_type":"token"}	2024-05-08 10:28:49.597794+09	
00000000-0000-0000-0000-000000000000	1052fbe6-fb22-4a37-a5bc-ddd2d254080f	{"action":"token_refreshed","actor_id":"fb799d7d-b779-4c1c-a8fe-660f5c11d8b2","actor_username":"chiha.tw@gmail.com","actor_via_sso":false,"log_type":"token"}	2024-05-08 10:28:49.664428+09	
00000000-0000-0000-0000-000000000000	714ccdbf-2ca9-4948-8b37-4dec6abf150a	{"action":"token_refreshed","actor_id":"fb799d7d-b779-4c1c-a8fe-660f5c11d8b2","actor_username":"chiha.tw@gmail.com","actor_via_sso":false,"log_type":"token"}	2024-05-08 10:28:49.776806+09	
00000000-0000-0000-0000-000000000000	19cf5aa7-0498-4dee-89c6-9e7fd4f1d4cc	{"action":"token_refreshed","actor_id":"fb799d7d-b779-4c1c-a8fe-660f5c11d8b2","actor_username":"chiha.tw@gmail.com","actor_via_sso":false,"log_type":"token"}	2024-05-08 10:28:50.143058+09	
00000000-0000-0000-0000-000000000000	042189b3-d88b-4e3c-88fd-a499e73d8d4d	{"action":"token_refreshed","actor_id":"fb799d7d-b779-4c1c-a8fe-660f5c11d8b2","actor_username":"chiha.tw@gmail.com","actor_via_sso":false,"log_type":"token"}	2024-05-08 10:28:50.833729+09	
00000000-0000-0000-0000-000000000000	8c1f5894-26aa-47bb-aa16-925b8fda3278	{"action":"token_refreshed","actor_id":"fb799d7d-b779-4c1c-a8fe-660f5c11d8b2","actor_username":"chiha.tw@gmail.com","actor_via_sso":false,"log_type":"token"}	2024-05-08 10:28:50.98068+09	
00000000-0000-0000-0000-000000000000	d2a5ac09-69f0-444a-a409-80d8285d71b5	{"action":"token_refreshed","actor_id":"fb799d7d-b779-4c1c-a8fe-660f5c11d8b2","actor_username":"chiha.tw@gmail.com","actor_via_sso":false,"log_type":"token"}	2024-05-08 10:28:51.212063+09	
00000000-0000-0000-0000-000000000000	fa140a78-2a0b-43e8-9b6e-4dba048023c6	{"action":"token_refreshed","actor_id":"fb799d7d-b779-4c1c-a8fe-660f5c11d8b2","actor_username":"chiha.tw@gmail.com","actor_via_sso":false,"log_type":"token"}	2024-05-08 10:28:51.411159+09	
00000000-0000-0000-0000-000000000000	9f135e0e-edd1-4fbe-9329-0192f46610b2	{"action":"token_refreshed","actor_id":"b2d7045a-bfb9-4aa2-88ed-fdfbac324e72","actor_username":"kousan@gmail.com","actor_via_sso":false,"log_type":"token"}	2024-05-08 20:31:30.810524+09	
00000000-0000-0000-0000-000000000000	1947c728-cc2d-4e0f-b6ef-6ca2f70a955e	{"action":"token_revoked","actor_id":"b2d7045a-bfb9-4aa2-88ed-fdfbac324e72","actor_username":"kousan@gmail.com","actor_via_sso":false,"log_type":"token"}	2024-05-08 20:31:30.8139+09	
00000000-0000-0000-0000-000000000000	1b6389ef-ff9d-43bb-bf49-e6dd5b4c4df3	{"action":"token_refreshed","actor_id":"b2d7045a-bfb9-4aa2-88ed-fdfbac324e72","actor_username":"kousan@gmail.com","actor_via_sso":false,"log_type":"token"}	2024-05-08 20:31:31.636375+09	
00000000-0000-0000-0000-000000000000	ed780c75-4feb-421d-931b-f071d8e3ff76	{"action":"token_refreshed","actor_id":"b2d7045a-bfb9-4aa2-88ed-fdfbac324e72","actor_username":"kousan@gmail.com","actor_via_sso":false,"log_type":"token"}	2024-05-08 20:31:33.478281+09	
00000000-0000-0000-0000-000000000000	fa19bbb0-11ea-44b4-9ef3-b267576a9bfd	{"action":"token_refreshed","actor_id":"b2d7045a-bfb9-4aa2-88ed-fdfbac324e72","actor_username":"kousan@gmail.com","actor_via_sso":false,"log_type":"token"}	2024-05-08 20:31:33.548928+09	
00000000-0000-0000-0000-000000000000	ed357b40-6bf0-4132-ac13-53de9c1155ab	{"action":"token_refreshed","actor_id":"b2d7045a-bfb9-4aa2-88ed-fdfbac324e72","actor_username":"kousan@gmail.com","actor_via_sso":false,"log_type":"token"}	2024-05-08 20:31:33.817958+09	
00000000-0000-0000-0000-000000000000	31d5b5e5-d8eb-4930-9bf3-0342ea572f76	{"action":"token_refreshed","actor_id":"b2d7045a-bfb9-4aa2-88ed-fdfbac324e72","actor_username":"kousan@gmail.com","actor_via_sso":false,"log_type":"token"}	2024-05-08 20:31:33.832662+09	
00000000-0000-0000-0000-000000000000	a0e0c052-d7b6-4b5a-9b11-faf3a0ad1773	{"action":"token_refreshed","actor_id":"b2d7045a-bfb9-4aa2-88ed-fdfbac324e72","actor_username":"kousan@gmail.com","actor_via_sso":false,"log_type":"token"}	2024-05-08 20:31:34.058853+09	
00000000-0000-0000-0000-000000000000	ae172b35-2a91-40c5-98b6-fb4f913e1a14	{"action":"token_refreshed","actor_id":"b2d7045a-bfb9-4aa2-88ed-fdfbac324e72","actor_username":"kousan@gmail.com","actor_via_sso":false,"log_type":"token"}	2024-05-08 20:31:34.074768+09	
00000000-0000-0000-0000-000000000000	0c61204d-77c7-40dc-8ba8-17da18a23195	{"action":"token_refreshed","actor_id":"b2d7045a-bfb9-4aa2-88ed-fdfbac324e72","actor_username":"kousan@gmail.com","actor_via_sso":false,"log_type":"token"}	2024-05-08 20:31:34.33159+09	
00000000-0000-0000-0000-000000000000	3b7c6162-50e1-4f2f-af39-c29d0c78b239	{"action":"token_refreshed","actor_id":"b2d7045a-bfb9-4aa2-88ed-fdfbac324e72","actor_username":"kousan@gmail.com","actor_via_sso":false,"log_type":"token"}	2024-05-08 20:31:34.350664+09	
00000000-0000-0000-0000-000000000000	93c109c9-488a-4c14-bd9a-b16d06a5f9ba	{"action":"token_refreshed","actor_id":"b2d7045a-bfb9-4aa2-88ed-fdfbac324e72","actor_username":"kousan@gmail.com","actor_via_sso":false,"log_type":"token"}	2024-05-08 20:31:37.294151+09	
00000000-0000-0000-0000-000000000000	a3d3c07c-df03-47d3-bf5a-53a37d7a13f9	{"action":"token_refreshed","actor_id":"b2d7045a-bfb9-4aa2-88ed-fdfbac324e72","actor_username":"kousan@gmail.com","actor_via_sso":false,"log_type":"token"}	2024-05-08 20:31:37.659771+09	
00000000-0000-0000-0000-000000000000	8160dd4f-0918-470b-858a-9abe23a49098	{"action":"token_refreshed","actor_id":"b2d7045a-bfb9-4aa2-88ed-fdfbac324e72","actor_username":"kousan@gmail.com","actor_via_sso":false,"log_type":"token"}	2024-05-08 20:31:38.183405+09	
00000000-0000-0000-0000-000000000000	9b19d799-72f1-4562-9e08-db235937f97f	{"action":"token_refreshed","actor_id":"b2d7045a-bfb9-4aa2-88ed-fdfbac324e72","actor_username":"kousan@gmail.com","actor_via_sso":false,"log_type":"token"}	2024-05-08 20:31:38.205172+09	
00000000-0000-0000-0000-000000000000	e8bec3d5-a38e-4d21-8a7f-5e7d2c060c67	{"action":"token_refreshed","actor_id":"b2d7045a-bfb9-4aa2-88ed-fdfbac324e72","actor_username":"kousan@gmail.com","actor_via_sso":false,"log_type":"token"}	2024-05-08 20:31:38.328632+09	
00000000-0000-0000-0000-000000000000	39ae6108-647d-4ba0-940e-78b4fd18ff3e	{"action":"token_refreshed","actor_id":"b2d7045a-bfb9-4aa2-88ed-fdfbac324e72","actor_username":"kousan@gmail.com","actor_via_sso":false,"log_type":"token"}	2024-05-08 20:31:38.554743+09	
00000000-0000-0000-0000-000000000000	507fc094-74b5-4ac2-a794-636781cf1971	{"action":"token_refreshed","actor_id":"d830dab9-31dc-4634-9045-d70e05b93d81","actor_username":"lisan@gmail.com","actor_via_sso":false,"log_type":"token"}	2024-05-08 23:31:16.821114+09	
00000000-0000-0000-0000-000000000000	7ca5231a-6c76-4c19-9a64-51538d5e3319	{"action":"token_refreshed","actor_id":"d830dab9-31dc-4634-9045-d70e05b93d81","actor_username":"lisan@gmail.com","actor_via_sso":false,"log_type":"token"}	2024-05-08 23:31:17.078597+09	
00000000-0000-0000-0000-000000000000	e8d54cd3-5d50-4d3b-9d26-7a66957fd8ed	{"action":"token_refreshed","actor_id":"d830dab9-31dc-4634-9045-d70e05b93d81","actor_username":"lisan@gmail.com","actor_via_sso":false,"log_type":"token"}	2024-05-08 23:31:17.1203+09	
00000000-0000-0000-0000-000000000000	e4c7520d-6409-4d25-83cf-b0405709fc23	{"action":"token_refreshed","actor_id":"d830dab9-31dc-4634-9045-d70e05b93d81","actor_username":"lisan@gmail.com","actor_via_sso":false,"log_type":"token"}	2024-05-08 23:31:17.211758+09	
00000000-0000-0000-0000-000000000000	15d31c3e-186e-4762-8b59-ed03c082f55d	{"action":"token_refreshed","actor_id":"d830dab9-31dc-4634-9045-d70e05b93d81","actor_username":"lisan@gmail.com","actor_via_sso":false,"log_type":"token"}	2024-05-08 23:31:17.279664+09	
00000000-0000-0000-0000-000000000000	694ae1a1-fc49-408f-a3d2-527cae9372a4	{"action":"token_refreshed","actor_id":"d830dab9-31dc-4634-9045-d70e05b93d81","actor_username":"lisan@gmail.com","actor_via_sso":false,"log_type":"token"}	2024-05-09 00:29:38.795652+09	
00000000-0000-0000-0000-000000000000	a8c8658e-e7dc-4f3c-950e-c877b6825005	{"action":"token_revoked","actor_id":"d830dab9-31dc-4634-9045-d70e05b93d81","actor_username":"lisan@gmail.com","actor_via_sso":false,"log_type":"token"}	2024-05-09 00:29:38.800968+09	
00000000-0000-0000-0000-000000000000	0cc42e15-f9c5-4479-a792-0a90c9f77f59	{"action":"login","actor_id":"d830dab9-31dc-4634-9045-d70e05b93d81","actor_username":"lisan@gmail.com","actor_via_sso":false,"log_type":"account","traits":{"provider":"email"}}	2024-05-09 08:00:42.48077+09	
00000000-0000-0000-0000-000000000000	9c540d7b-542d-4355-8d40-4625b60c7b31	{"action":"token_refreshed","actor_id":"b2d7045a-bfb9-4aa2-88ed-fdfbac324e72","actor_username":"kousan@gmail.com","actor_via_sso":false,"log_type":"token"}	2024-05-08 20:31:38.335342+09	
00000000-0000-0000-0000-000000000000	b4103155-863a-484c-bf24-b3849cdde4fc	{"action":"token_refreshed","actor_id":"b2d7045a-bfb9-4aa2-88ed-fdfbac324e72","actor_username":"kousan@gmail.com","actor_via_sso":false,"log_type":"token"}	2024-05-08 20:31:38.345332+09	
00000000-0000-0000-0000-000000000000	da065e43-0653-48f2-855a-6637e7957634	{"action":"token_refreshed","actor_id":"b2d7045a-bfb9-4aa2-88ed-fdfbac324e72","actor_username":"kousan@gmail.com","actor_via_sso":false,"log_type":"token"}	2024-05-08 20:31:38.365407+09	
00000000-0000-0000-0000-000000000000	cd323be8-9e7a-4cb0-9835-4aef308b5a66	{"action":"token_refreshed","actor_id":"b2d7045a-bfb9-4aa2-88ed-fdfbac324e72","actor_username":"kousan@gmail.com","actor_via_sso":false,"log_type":"token"}	2024-05-08 20:31:38.54908+09	
00000000-0000-0000-0000-000000000000	1c10a62a-2425-410f-9c1e-2a5d352de77d	{"action":"token_refreshed","actor_id":"b2d7045a-bfb9-4aa2-88ed-fdfbac324e72","actor_username":"kousan@gmail.com","actor_via_sso":false,"log_type":"token"}	2024-05-08 21:30:11.987577+09	
00000000-0000-0000-0000-000000000000	982b9903-eb91-41a9-bc0c-e8cb78692403	{"action":"token_revoked","actor_id":"b2d7045a-bfb9-4aa2-88ed-fdfbac324e72","actor_username":"kousan@gmail.com","actor_via_sso":false,"log_type":"token"}	2024-05-08 21:30:11.994799+09	
00000000-0000-0000-0000-000000000000	6b82f6a7-76c1-4100-ae0e-6249685932f0	{"action":"login","actor_id":"b2d7045a-bfb9-4aa2-88ed-fdfbac324e72","actor_username":"kousan@gmail.com","actor_via_sso":false,"log_type":"account","traits":{"provider":"email"}}	2024-05-08 21:31:18.735142+09	
00000000-0000-0000-0000-000000000000	7df8be1f-bfc0-4c85-9d13-a87e377e40b3	{"action":"login","actor_id":"b2d7045a-bfb9-4aa2-88ed-fdfbac324e72","actor_username":"kousan@gmail.com","actor_via_sso":false,"log_type":"account","traits":{"provider":"email"}}	2024-05-08 22:09:34.130024+09	
00000000-0000-0000-0000-000000000000	b975debb-3c73-4506-8ec2-0989f8bb445e	{"action":"token_refreshed","actor_id":"b2d7045a-bfb9-4aa2-88ed-fdfbac324e72","actor_username":"kousan@gmail.com","actor_via_sso":false,"log_type":"token"}	2024-05-08 23:17:48.019505+09	
00000000-0000-0000-0000-000000000000	6bb673f9-5c0c-4167-a2b7-69907cb73f8a	{"action":"token_revoked","actor_id":"b2d7045a-bfb9-4aa2-88ed-fdfbac324e72","actor_username":"kousan@gmail.com","actor_via_sso":false,"log_type":"token"}	2024-05-08 23:17:48.021466+09	
00000000-0000-0000-0000-000000000000	d02f5b9c-50b1-4833-bbb1-8bedb6bf8c47	{"action":"token_refreshed","actor_id":"d830dab9-31dc-4634-9045-d70e05b93d81","actor_username":"lisan@gmail.com","actor_via_sso":false,"log_type":"token"}	2024-05-08 23:31:14.771989+09	
00000000-0000-0000-0000-000000000000	1a20d201-18e6-4073-9aa1-e9c5d711cf8f	{"action":"token_revoked","actor_id":"d830dab9-31dc-4634-9045-d70e05b93d81","actor_username":"lisan@gmail.com","actor_via_sso":false,"log_type":"token"}	2024-05-08 23:31:14.774171+09	
00000000-0000-0000-0000-000000000000	ea30b2a6-df95-4f16-b152-9e6692c1476b	{"action":"token_refreshed","actor_id":"d830dab9-31dc-4634-9045-d70e05b93d81","actor_username":"lisan@gmail.com","actor_via_sso":false,"log_type":"token"}	2024-05-08 23:31:16.48594+09	
00000000-0000-0000-0000-000000000000	d1c96b1a-937b-4e2d-b95b-8b3a530529e6	{"action":"token_refreshed","actor_id":"d830dab9-31dc-4634-9045-d70e05b93d81","actor_username":"lisan@gmail.com","actor_via_sso":false,"log_type":"token"}	2024-05-08 23:31:16.509854+09	
00000000-0000-0000-0000-000000000000	6abfeb30-e243-4d06-9d3a-18516a927baf	{"action":"token_refreshed","actor_id":"d830dab9-31dc-4634-9045-d70e05b93d81","actor_username":"lisan@gmail.com","actor_via_sso":false,"log_type":"token"}	2024-05-08 23:31:16.794852+09	
00000000-0000-0000-0000-000000000000	14cdd6df-128a-4436-bf79-7420167d2663	{"action":"logout","actor_id":"d830dab9-31dc-4634-9045-d70e05b93d81","actor_username":"lisan@gmail.com","actor_via_sso":false,"log_type":"account"}	2024-05-09 08:02:31.05681+09	
00000000-0000-0000-0000-000000000000	4f42b065-ce67-4110-8c5a-3904e471810e	{"action":"login","actor_id":"b2d7045a-bfb9-4aa2-88ed-fdfbac324e72","actor_username":"kousan@gmail.com","actor_via_sso":false,"log_type":"account","traits":{"provider":"email"}}	2024-05-09 08:02:39.929312+09	
00000000-0000-0000-0000-000000000000	30bdc5c9-c58e-4de2-b8af-14efafac2cd4	{"action":"login","actor_id":"d830dab9-31dc-4634-9045-d70e05b93d81","actor_username":"lisan@gmail.com","actor_via_sso":false,"log_type":"account","traits":{"provider":"email"}}	2024-05-09 12:46:15.68987+09	
00000000-0000-0000-0000-000000000000	7640ca58-b51e-421f-a7fc-e045c5c68757	{"action":"logout","actor_id":"d830dab9-31dc-4634-9045-d70e05b93d81","actor_username":"lisan@gmail.com","actor_via_sso":false,"log_type":"account"}	2024-05-09 12:46:59.40927+09	
00000000-0000-0000-0000-000000000000	a6f58fb0-4a0b-420d-aef2-9d1585eeb4f4	{"action":"login","actor_id":"d830dab9-31dc-4634-9045-d70e05b93d81","actor_username":"lisan@gmail.com","actor_via_sso":false,"log_type":"account","traits":{"provider":"email"}}	2024-05-09 18:05:35.751695+09	
00000000-0000-0000-0000-000000000000	6d6f2b86-4c3e-4fd4-96a9-d94e46872c54	{"action":"login","actor_id":"b2d7045a-bfb9-4aa2-88ed-fdfbac324e72","actor_username":"kousan@gmail.com","actor_via_sso":false,"log_type":"account","traits":{"provider":"email"}}	2024-05-09 18:06:12.189422+09	
00000000-0000-0000-0000-000000000000	b377e248-d855-43ff-9174-d2dde60e92cc	{"action":"token_refreshed","actor_id":"fb799d7d-b779-4c1c-a8fe-660f5c11d8b2","actor_username":"chiha.tw@gmail.com","actor_via_sso":false,"log_type":"token"}	2024-05-09 18:06:36.36545+09	
00000000-0000-0000-0000-000000000000	a8973438-269d-4d69-bfe3-70a6c73aba18	{"action":"token_revoked","actor_id":"fb799d7d-b779-4c1c-a8fe-660f5c11d8b2","actor_username":"chiha.tw@gmail.com","actor_via_sso":false,"log_type":"token"}	2024-05-09 18:06:36.36753+09	
00000000-0000-0000-0000-000000000000	1fd99cf4-3be9-4954-9edb-6cc3e7a42afc	{"action":"token_refreshed","actor_id":"fb799d7d-b779-4c1c-a8fe-660f5c11d8b2","actor_username":"chiha.tw@gmail.com","actor_via_sso":false,"log_type":"token"}	2024-05-09 18:06:36.753428+09	
00000000-0000-0000-0000-000000000000	c668ced9-1579-48ae-9fb1-50ccac70b40e	{"action":"token_refreshed","actor_id":"fb799d7d-b779-4c1c-a8fe-660f5c11d8b2","actor_username":"chiha.tw@gmail.com","actor_via_sso":false,"log_type":"token"}	2024-05-09 18:06:36.798734+09	
00000000-0000-0000-0000-000000000000	e27ba20a-08b6-419e-a898-e7463d034619	{"action":"token_refreshed","actor_id":"fb799d7d-b779-4c1c-a8fe-660f5c11d8b2","actor_username":"chiha.tw@gmail.com","actor_via_sso":false,"log_type":"token"}	2024-05-09 18:06:37.00661+09	
00000000-0000-0000-0000-000000000000	054aef79-7603-4a41-b6b1-4506f3035ba2	{"action":"token_refreshed","actor_id":"fb799d7d-b779-4c1c-a8fe-660f5c11d8b2","actor_username":"chiha.tw@gmail.com","actor_via_sso":false,"log_type":"token"}	2024-05-09 18:06:37.318143+09	
00000000-0000-0000-0000-000000000000	7fdfcff0-30aa-47de-93f4-2f38a9f4acf0	{"action":"login","actor_id":"d830dab9-31dc-4634-9045-d70e05b93d81","actor_username":"lisan@gmail.com","actor_via_sso":false,"log_type":"account","traits":{"provider":"email"}}	2024-05-09 18:15:00.398154+09	
00000000-0000-0000-0000-000000000000	5062f538-0a61-4024-96c2-4315892886c6	{"action":"login","actor_id":"b2d7045a-bfb9-4aa2-88ed-fdfbac324e72","actor_username":"kousan@gmail.com","actor_via_sso":false,"log_type":"account","traits":{"provider":"email"}}	2024-05-09 18:15:17.504384+09	
00000000-0000-0000-0000-000000000000	7d687773-11b8-4674-8b76-42841101af0e	{"action":"login","actor_id":"d830dab9-31dc-4634-9045-d70e05b93d81","actor_username":"lisan@gmail.com","actor_via_sso":false,"log_type":"account","traits":{"provider":"email"}}	2024-05-09 18:20:53.040216+09	
00000000-0000-0000-0000-000000000000	1a0ff480-e663-426c-956a-b46fe6f31cc3	{"action":"login","actor_id":"b2d7045a-bfb9-4aa2-88ed-fdfbac324e72","actor_username":"kousan@gmail.com","actor_via_sso":false,"log_type":"account","traits":{"provider":"email"}}	2024-05-09 18:32:51.72918+09	
00000000-0000-0000-0000-000000000000	7fb2db06-cba9-4782-a3d1-23ce8e2a26c5	{"action":"login","actor_id":"d830dab9-31dc-4634-9045-d70e05b93d81","actor_username":"lisan@gmail.com","actor_via_sso":false,"log_type":"account","traits":{"provider":"email"}}	2024-05-09 18:43:07.815562+09	
00000000-0000-0000-0000-000000000000	d5f3f60a-c9f6-4d3c-b17b-83cf2c434826	{"action":"login","actor_id":"d830dab9-31dc-4634-9045-d70e05b93d81","actor_username":"lisan@gmail.com","actor_via_sso":false,"log_type":"account","traits":{"provider":"email"}}	2024-05-09 18:53:01.918996+09	
00000000-0000-0000-0000-000000000000	f417583b-16f6-47d5-8ee4-c2f102ffcacd	{"action":"login","actor_id":"d830dab9-31dc-4634-9045-d70e05b93d81","actor_username":"lisan@gmail.com","actor_via_sso":false,"log_type":"account","traits":{"provider":"email"}}	2024-05-09 18:54:45.907944+09	
00000000-0000-0000-0000-000000000000	ebf10b37-1d6d-4d89-9ec1-a73cace13a33	{"action":"token_refreshed","actor_id":"b2d7045a-bfb9-4aa2-88ed-fdfbac324e72","actor_username":"kousan@gmail.com","actor_via_sso":false,"log_type":"token"}	2024-05-09 18:55:19.720131+09	
00000000-0000-0000-0000-000000000000	ef35d45c-4f7a-4299-bc61-dedd067f9ce9	{"action":"token_revoked","actor_id":"b2d7045a-bfb9-4aa2-88ed-fdfbac324e72","actor_username":"kousan@gmail.com","actor_via_sso":false,"log_type":"token"}	2024-05-09 18:55:19.720729+09	
00000000-0000-0000-0000-000000000000	4a8153bd-1a3f-48b5-ac12-4703b30720b4	{"action":"token_refreshed","actor_id":"b2d7045a-bfb9-4aa2-88ed-fdfbac324e72","actor_username":"kousan@gmail.com","actor_via_sso":false,"log_type":"token"}	2024-05-09 18:55:20.368251+09	
00000000-0000-0000-0000-000000000000	743f3cc8-c149-4369-b771-2f67e8eaf998	{"action":"token_refreshed","actor_id":"b2d7045a-bfb9-4aa2-88ed-fdfbac324e72","actor_username":"kousan@gmail.com","actor_via_sso":false,"log_type":"token"}	2024-05-09 18:55:20.919717+09	
00000000-0000-0000-0000-000000000000	04086235-b41a-4678-95b4-ec7a59ff4b80	{"action":"token_refreshed","actor_id":"b2d7045a-bfb9-4aa2-88ed-fdfbac324e72","actor_username":"kousan@gmail.com","actor_via_sso":false,"log_type":"token"}	2024-05-09 18:55:20.94729+09	
00000000-0000-0000-0000-000000000000	07a468be-5ede-40fc-853d-2f58ca91ca6b	{"action":"token_refreshed","actor_id":"b2d7045a-bfb9-4aa2-88ed-fdfbac324e72","actor_username":"kousan@gmail.com","actor_via_sso":false,"log_type":"token"}	2024-05-09 18:55:21.058168+09	
00000000-0000-0000-0000-000000000000	bd337226-0b33-4f16-b129-557915d357bf	{"action":"token_refreshed","actor_id":"b2d7045a-bfb9-4aa2-88ed-fdfbac324e72","actor_username":"kousan@gmail.com","actor_via_sso":false,"log_type":"token"}	2024-05-09 18:55:21.08065+09	
00000000-0000-0000-0000-000000000000	c1e601e1-83eb-44e7-a5f9-726b1ce1af0a	{"action":"token_refreshed","actor_id":"b2d7045a-bfb9-4aa2-88ed-fdfbac324e72","actor_username":"kousan@gmail.com","actor_via_sso":false,"log_type":"token"}	2024-05-09 18:55:21.173523+09	
00000000-0000-0000-0000-000000000000	519d73b7-21f2-46e9-b68e-722b43b53912	{"action":"token_refreshed","actor_id":"b2d7045a-bfb9-4aa2-88ed-fdfbac324e72","actor_username":"kousan@gmail.com","actor_via_sso":false,"log_type":"token"}	2024-05-09 18:55:21.181458+09	
00000000-0000-0000-0000-000000000000	42fa4c04-5e07-4c73-acd0-eec65bbdedf9	{"action":"token_refreshed","actor_id":"b2d7045a-bfb9-4aa2-88ed-fdfbac324e72","actor_username":"kousan@gmail.com","actor_via_sso":false,"log_type":"token"}	2024-05-09 18:55:21.276621+09	
00000000-0000-0000-0000-000000000000	22d1dea8-09fe-4429-86a5-d5408cb97277	{"action":"token_refreshed","actor_id":"b2d7045a-bfb9-4aa2-88ed-fdfbac324e72","actor_username":"kousan@gmail.com","actor_via_sso":false,"log_type":"token"}	2024-05-09 18:55:21.330529+09	
00000000-0000-0000-0000-000000000000	99ff5561-4447-43a4-baa8-57749444220a	{"action":"token_refreshed","actor_id":"fb799d7d-b779-4c1c-a8fe-660f5c11d8b2","actor_username":"chiha.tw@gmail.com","actor_via_sso":false,"log_type":"token"}	2024-05-09 19:04:52.890707+09	
00000000-0000-0000-0000-000000000000	7122e9b0-ea6e-4de9-8bb1-df1dc74d5b22	{"action":"token_revoked","actor_id":"fb799d7d-b779-4c1c-a8fe-660f5c11d8b2","actor_username":"chiha.tw@gmail.com","actor_via_sso":false,"log_type":"token"}	2024-05-09 19:04:52.892338+09	
00000000-0000-0000-0000-000000000000	9ed7fe7f-6129-42c8-a1b4-49d31c9eed35	{"action":"token_refreshed","actor_id":"b2d7045a-bfb9-4aa2-88ed-fdfbac324e72","actor_username":"kousan@gmail.com","actor_via_sso":false,"log_type":"token"}	2024-05-09 19:13:25.344111+09	
00000000-0000-0000-0000-000000000000	d4a20e90-eab7-4718-aeba-f85720c782a1	{"action":"token_revoked","actor_id":"b2d7045a-bfb9-4aa2-88ed-fdfbac324e72","actor_username":"kousan@gmail.com","actor_via_sso":false,"log_type":"token"}	2024-05-09 19:13:25.345493+09	
00000000-0000-0000-0000-000000000000	afcfd81f-ff1e-4b59-99f2-a2d8d9842033	{"action":"token_refreshed","actor_id":"d830dab9-31dc-4634-9045-d70e05b93d81","actor_username":"lisan@gmail.com","actor_via_sso":false,"log_type":"token"}	2024-05-09 19:19:14.921324+09	
00000000-0000-0000-0000-000000000000	58a07bdd-55ce-4cae-92d1-e70fb764b357	{"action":"token_revoked","actor_id":"d830dab9-31dc-4634-9045-d70e05b93d81","actor_username":"lisan@gmail.com","actor_via_sso":false,"log_type":"token"}	2024-05-09 19:19:14.923535+09	
00000000-0000-0000-0000-000000000000	f0a0f56a-04d1-4f02-a4f7-331b5f83e537	{"action":"token_refreshed","actor_id":"d830dab9-31dc-4634-9045-d70e05b93d81","actor_username":"lisan@gmail.com","actor_via_sso":false,"log_type":"token"}	2024-05-09 19:42:21.017811+09	
00000000-0000-0000-0000-000000000000	d21f5300-c94b-4efb-8eed-53119dbbc0e2	{"action":"token_revoked","actor_id":"d830dab9-31dc-4634-9045-d70e05b93d81","actor_username":"lisan@gmail.com","actor_via_sso":false,"log_type":"token"}	2024-05-09 19:42:21.020113+09	
00000000-0000-0000-0000-000000000000	fa86df88-2a3b-4459-8211-d774434ce817	{"action":"token_refreshed","actor_id":"b2d7045a-bfb9-4aa2-88ed-fdfbac324e72","actor_username":"kousan@gmail.com","actor_via_sso":false,"log_type":"token"}	2024-05-09 19:53:29.155447+09	
00000000-0000-0000-0000-000000000000	8bcdeccf-d577-49c6-b3a4-5f002eae0e7e	{"action":"token_revoked","actor_id":"b2d7045a-bfb9-4aa2-88ed-fdfbac324e72","actor_username":"kousan@gmail.com","actor_via_sso":false,"log_type":"token"}	2024-05-09 19:53:29.157351+09	
00000000-0000-0000-0000-000000000000	70fa7318-ef46-4997-acfa-fa62537360c1	{"action":"token_refreshed","actor_id":"fb799d7d-b779-4c1c-a8fe-660f5c11d8b2","actor_username":"chiha.tw@gmail.com","actor_via_sso":false,"log_type":"token"}	2024-05-09 20:02:53.016999+09	
00000000-0000-0000-0000-000000000000	22074f91-a2b8-481d-a8db-1aa24ff3bf3a	{"action":"token_revoked","actor_id":"fb799d7d-b779-4c1c-a8fe-660f5c11d8b2","actor_username":"chiha.tw@gmail.com","actor_via_sso":false,"log_type":"token"}	2024-05-09 20:02:53.020198+09	
00000000-0000-0000-0000-000000000000	cd69e22f-1a7a-4582-bd9d-df117a5da3c0	{"action":"token_refreshed","actor_id":"b2d7045a-bfb9-4aa2-88ed-fdfbac324e72","actor_username":"kousan@gmail.com","actor_via_sso":false,"log_type":"token"}	2024-05-09 20:11:37.727374+09	
00000000-0000-0000-0000-000000000000	8a2ea92d-47fd-4eba-bb06-9d37e714fc8e	{"action":"token_revoked","actor_id":"b2d7045a-bfb9-4aa2-88ed-fdfbac324e72","actor_username":"kousan@gmail.com","actor_via_sso":false,"log_type":"token"}	2024-05-09 20:11:37.730254+09	
00000000-0000-0000-0000-000000000000	0c60e43a-555e-45cf-953d-82678427f68a	{"action":"token_refreshed","actor_id":"d830dab9-31dc-4634-9045-d70e05b93d81","actor_username":"lisan@gmail.com","actor_via_sso":false,"log_type":"token"}	2024-05-09 20:29:39.697117+09	
00000000-0000-0000-0000-000000000000	07438c91-41ff-422a-acbd-ab69a04c54ee	{"action":"token_revoked","actor_id":"d830dab9-31dc-4634-9045-d70e05b93d81","actor_username":"lisan@gmail.com","actor_via_sso":false,"log_type":"token"}	2024-05-09 20:29:39.699515+09	
00000000-0000-0000-0000-000000000000	751adbca-b3d8-4ca8-847d-0f703d8e0873	{"action":"token_refreshed","actor_id":"d830dab9-31dc-4634-9045-d70e05b93d81","actor_username":"lisan@gmail.com","actor_via_sso":false,"log_type":"token"}	2024-05-09 23:12:11.420821+09	
00000000-0000-0000-0000-000000000000	7a9f8c52-9650-45b4-ac81-fa73d2b70ead	{"action":"token_revoked","actor_id":"d830dab9-31dc-4634-9045-d70e05b93d81","actor_username":"lisan@gmail.com","actor_via_sso":false,"log_type":"token"}	2024-05-09 23:12:11.42363+09	
00000000-0000-0000-0000-000000000000	74f35a15-922b-4755-ba99-5b83d2b0502a	{"action":"token_refreshed","actor_id":"d830dab9-31dc-4634-9045-d70e05b93d81","actor_username":"lisan@gmail.com","actor_via_sso":false,"log_type":"token"}	2024-05-10 04:04:30.940981+09	
00000000-0000-0000-0000-000000000000	737e4f01-faf3-47d6-9abb-7d82131e832f	{"action":"token_revoked","actor_id":"d830dab9-31dc-4634-9045-d70e05b93d81","actor_username":"lisan@gmail.com","actor_via_sso":false,"log_type":"token"}	2024-05-10 04:04:30.950816+09	
00000000-0000-0000-0000-000000000000	9afb4533-eeab-4b94-b471-e99048344be8	{"action":"token_refreshed","actor_id":"d830dab9-31dc-4634-9045-d70e05b93d81","actor_username":"lisan@gmail.com","actor_via_sso":false,"log_type":"token"}	2024-05-10 04:04:32.694317+09	
00000000-0000-0000-0000-000000000000	b0d5bafa-8e99-44dd-ae81-2aa115d464be	{"action":"token_refreshed","actor_id":"d830dab9-31dc-4634-9045-d70e05b93d81","actor_username":"lisan@gmail.com","actor_via_sso":false,"log_type":"token"}	2024-05-10 04:04:32.865071+09	
00000000-0000-0000-0000-000000000000	4bca362d-4e2d-4dc4-b0f1-393493b299ac	{"action":"token_refreshed","actor_id":"d830dab9-31dc-4634-9045-d70e05b93d81","actor_username":"lisan@gmail.com","actor_via_sso":false,"log_type":"token"}	2024-05-10 04:04:33.000476+09	
00000000-0000-0000-0000-000000000000	1385c429-77f7-4f37-8510-d83e0c72fa45	{"action":"token_refreshed","actor_id":"d830dab9-31dc-4634-9045-d70e05b93d81","actor_username":"lisan@gmail.com","actor_via_sso":false,"log_type":"token"}	2024-05-10 04:04:33.247954+09	
00000000-0000-0000-0000-000000000000	f3b87940-8111-49a7-b25c-0a00fec18eab	{"action":"token_refreshed","actor_id":"d830dab9-31dc-4634-9045-d70e05b93d81","actor_username":"lisan@gmail.com","actor_via_sso":false,"log_type":"token"}	2024-05-10 04:04:33.290901+09	
00000000-0000-0000-0000-000000000000	c8c545f5-fbf9-482f-b950-7f721bc16610	{"action":"token_refreshed","actor_id":"d830dab9-31dc-4634-9045-d70e05b93d81","actor_username":"lisan@gmail.com","actor_via_sso":false,"log_type":"token"}	2024-05-10 04:04:33.323671+09	
00000000-0000-0000-0000-000000000000	befe8833-74bf-4227-8253-f34ab5037e2a	{"action":"token_refreshed","actor_id":"d830dab9-31dc-4634-9045-d70e05b93d81","actor_username":"lisan@gmail.com","actor_via_sso":false,"log_type":"token"}	2024-05-10 04:04:33.509422+09	
00000000-0000-0000-0000-000000000000	dd3dca57-fb16-429c-a7cc-903a1586811c	{"action":"token_refreshed","actor_id":"d830dab9-31dc-4634-9045-d70e05b93d81","actor_username":"lisan@gmail.com","actor_via_sso":false,"log_type":"token"}	2024-05-10 04:04:33.533802+09	
00000000-0000-0000-0000-000000000000	45643b02-40c5-4c33-bfda-d871ab2dfc37	{"action":"token_refreshed","actor_id":"d830dab9-31dc-4634-9045-d70e05b93d81","actor_username":"lisan@gmail.com","actor_via_sso":false,"log_type":"token"}	2024-05-10 12:53:43.028258+09	
00000000-0000-0000-0000-000000000000	4a16aea7-df4b-4cc0-90a5-f79e76fbd200	{"action":"token_revoked","actor_id":"d830dab9-31dc-4634-9045-d70e05b93d81","actor_username":"lisan@gmail.com","actor_via_sso":false,"log_type":"token"}	2024-05-10 12:53:43.031286+09	
00000000-0000-0000-0000-000000000000	91a5e78c-77f3-421c-8dc6-c79552ac3597	{"action":"token_refreshed","actor_id":"d830dab9-31dc-4634-9045-d70e05b93d81","actor_username":"lisan@gmail.com","actor_via_sso":false,"log_type":"token"}	2024-05-10 12:53:43.471705+09	
00000000-0000-0000-0000-000000000000	8071a873-9a25-43f4-85d3-fd3b201ca33d	{"action":"token_refreshed","actor_id":"d830dab9-31dc-4634-9045-d70e05b93d81","actor_username":"lisan@gmail.com","actor_via_sso":false,"log_type":"token"}	2024-05-10 12:53:43.484256+09	
00000000-0000-0000-0000-000000000000	e2e481bb-be6c-4569-b6ab-913d0de311ea	{"action":"token_refreshed","actor_id":"d830dab9-31dc-4634-9045-d70e05b93d81","actor_username":"lisan@gmail.com","actor_via_sso":false,"log_type":"token"}	2024-05-10 12:53:43.648993+09	
00000000-0000-0000-0000-000000000000	270a6fdb-99c7-4404-85f3-a67711cac60f	{"action":"token_refreshed","actor_id":"d830dab9-31dc-4634-9045-d70e05b93d81","actor_username":"lisan@gmail.com","actor_via_sso":false,"log_type":"token"}	2024-05-10 12:53:43.662163+09	
00000000-0000-0000-0000-000000000000	527efc69-cdfd-4732-9cf7-77b08aa87624	{"action":"token_refreshed","actor_id":"fb799d7d-b779-4c1c-a8fe-660f5c11d8b2","actor_username":"chiha.tw@gmail.com","actor_via_sso":false,"log_type":"token"}	2024-05-10 20:56:49.879933+09	
00000000-0000-0000-0000-000000000000	df073983-6de3-4e8c-a04f-dc797f861a90	{"action":"token_revoked","actor_id":"fb799d7d-b779-4c1c-a8fe-660f5c11d8b2","actor_username":"chiha.tw@gmail.com","actor_via_sso":false,"log_type":"token"}	2024-05-10 20:56:49.893832+09	
00000000-0000-0000-0000-000000000000	0ca3f42a-8a4d-482a-ba97-955b7e1b7892	{"action":"token_refreshed","actor_id":"fb799d7d-b779-4c1c-a8fe-660f5c11d8b2","actor_username":"chiha.tw@gmail.com","actor_via_sso":false,"log_type":"token"}	2024-05-10 20:56:51.459205+09	
00000000-0000-0000-0000-000000000000	deed0c63-d42f-4964-a7d3-10b5065ea3c9	{"action":"token_refreshed","actor_id":"fb799d7d-b779-4c1c-a8fe-660f5c11d8b2","actor_username":"chiha.tw@gmail.com","actor_via_sso":false,"log_type":"token"}	2024-05-10 20:56:51.470439+09	
00000000-0000-0000-0000-000000000000	2025ae18-d1e3-4cf8-9653-c1172887a82f	{"action":"token_refreshed","actor_id":"fb799d7d-b779-4c1c-a8fe-660f5c11d8b2","actor_username":"chiha.tw@gmail.com","actor_via_sso":false,"log_type":"token"}	2024-05-10 20:56:51.740433+09	
00000000-0000-0000-0000-000000000000	8e77dc1e-5bc5-4870-a5fb-1c8baca2c056	{"action":"token_refreshed","actor_id":"fb799d7d-b779-4c1c-a8fe-660f5c11d8b2","actor_username":"chiha.tw@gmail.com","actor_via_sso":false,"log_type":"token"}	2024-05-10 20:56:52.240387+09	
00000000-0000-0000-0000-000000000000	1fa844e4-a59c-4bcd-be40-75bea7447b84	{"action":"login","actor_id":"d830dab9-31dc-4634-9045-d70e05b93d81","actor_username":"lisan@gmail.com","actor_via_sso":false,"log_type":"account","traits":{"provider":"email"}}	2024-05-10 20:58:21.6339+09	
00000000-0000-0000-0000-000000000000	4c9d6c6e-dd78-4762-98f9-53f64bf6127b	{"action":"token_refreshed","actor_id":"b2d7045a-bfb9-4aa2-88ed-fdfbac324e72","actor_username":"kousan@gmail.com","actor_via_sso":false,"log_type":"token"}	2024-05-10 22:51:05.330167+09	
00000000-0000-0000-0000-000000000000	742914aa-10ba-409e-a594-50c6e01a9fcf	{"action":"token_revoked","actor_id":"b2d7045a-bfb9-4aa2-88ed-fdfbac324e72","actor_username":"kousan@gmail.com","actor_via_sso":false,"log_type":"token"}	2024-05-10 22:51:05.331795+09	
00000000-0000-0000-0000-000000000000	1b4a2a24-4bd4-4b54-bf5e-85be73fa203b	{"action":"token_refreshed","actor_id":"b2d7045a-bfb9-4aa2-88ed-fdfbac324e72","actor_username":"kousan@gmail.com","actor_via_sso":false,"log_type":"token"}	2024-05-10 22:51:06.019052+09	
00000000-0000-0000-0000-000000000000	0079668e-03f2-418c-8e05-06df66f7c3c5	{"action":"token_refreshed","actor_id":"b2d7045a-bfb9-4aa2-88ed-fdfbac324e72","actor_username":"kousan@gmail.com","actor_via_sso":false,"log_type":"token"}	2024-05-10 22:51:07.891692+09	
00000000-0000-0000-0000-000000000000	7f98c346-5c07-4837-9351-a7a974e25500	{"action":"token_refreshed","actor_id":"b2d7045a-bfb9-4aa2-88ed-fdfbac324e72","actor_username":"kousan@gmail.com","actor_via_sso":false,"log_type":"token"}	2024-05-10 22:51:08.055394+09	
00000000-0000-0000-0000-000000000000	be5271fb-9074-459d-836f-cb1b9f9b6fa7	{"action":"token_refreshed","actor_id":"b2d7045a-bfb9-4aa2-88ed-fdfbac324e72","actor_username":"kousan@gmail.com","actor_via_sso":false,"log_type":"token"}	2024-05-10 22:51:08.345717+09	
00000000-0000-0000-0000-000000000000	98f7bec6-e001-4364-9eda-cd8bc557ee01	{"action":"token_refreshed","actor_id":"b2d7045a-bfb9-4aa2-88ed-fdfbac324e72","actor_username":"kousan@gmail.com","actor_via_sso":false,"log_type":"token"}	2024-05-10 22:51:08.373359+09	
00000000-0000-0000-0000-000000000000	8c05edee-8ae7-4cce-a853-7668e718c584	{"action":"token_refreshed","actor_id":"b2d7045a-bfb9-4aa2-88ed-fdfbac324e72","actor_username":"kousan@gmail.com","actor_via_sso":false,"log_type":"token"}	2024-05-10 22:51:08.52055+09	
00000000-0000-0000-0000-000000000000	10ae648c-d4b6-48ad-838a-1808534de6c3	{"action":"token_refreshed","actor_id":"b2d7045a-bfb9-4aa2-88ed-fdfbac324e72","actor_username":"kousan@gmail.com","actor_via_sso":false,"log_type":"token"}	2024-05-10 22:51:08.536618+09	
00000000-0000-0000-0000-000000000000	a86ce5e7-3f04-479f-9e32-ae1ad7f71782	{"action":"token_refreshed","actor_id":"b2d7045a-bfb9-4aa2-88ed-fdfbac324e72","actor_username":"kousan@gmail.com","actor_via_sso":false,"log_type":"token"}	2024-05-10 22:51:08.60715+09	
00000000-0000-0000-0000-000000000000	873cb999-bc8d-4b3c-8d51-d8cd3419f1c2	{"action":"token_refreshed","actor_id":"b2d7045a-bfb9-4aa2-88ed-fdfbac324e72","actor_username":"kousan@gmail.com","actor_via_sso":false,"log_type":"token"}	2024-05-10 22:51:08.72912+09	
00000000-0000-0000-0000-000000000000	58062d43-91ef-48d1-8d53-17a1bde253ac	{"action":"token_refreshed","actor_id":"d830dab9-31dc-4634-9045-d70e05b93d81","actor_username":"lisan@gmail.com","actor_via_sso":false,"log_type":"token"}	2024-05-12 00:05:35.361531+09	
00000000-0000-0000-0000-000000000000	cd4352c2-2820-435b-944f-d802a23586b4	{"action":"token_revoked","actor_id":"d830dab9-31dc-4634-9045-d70e05b93d81","actor_username":"lisan@gmail.com","actor_via_sso":false,"log_type":"token"}	2024-05-12 00:05:35.372307+09	
00000000-0000-0000-0000-000000000000	8db0e81b-8bce-4f07-8f49-27b971a8b126	{"action":"token_refreshed","actor_id":"d830dab9-31dc-4634-9045-d70e05b93d81","actor_username":"lisan@gmail.com","actor_via_sso":false,"log_type":"token"}	2024-05-12 00:05:36.031179+09	
00000000-0000-0000-0000-000000000000	7ed96da8-df4f-4d86-9570-eb5d9d0fef71	{"action":"token_refreshed","actor_id":"d830dab9-31dc-4634-9045-d70e05b93d81","actor_username":"lisan@gmail.com","actor_via_sso":false,"log_type":"token"}	2024-05-12 00:05:37.870381+09	
00000000-0000-0000-0000-000000000000	60bfaf8e-e410-43e5-9403-309f5010c124	{"action":"token_refreshed","actor_id":"d830dab9-31dc-4634-9045-d70e05b93d81","actor_username":"lisan@gmail.com","actor_via_sso":false,"log_type":"token"}	2024-05-12 00:05:38.045806+09	
00000000-0000-0000-0000-000000000000	1b45362e-3b5b-4270-b855-dd526bc860b7	{"action":"token_refreshed","actor_id":"d830dab9-31dc-4634-9045-d70e05b93d81","actor_username":"lisan@gmail.com","actor_via_sso":false,"log_type":"token"}	2024-05-12 00:05:38.204773+09	
00000000-0000-0000-0000-000000000000	c2ef998f-4c0d-4060-b271-50972f9198ff	{"action":"token_refreshed","actor_id":"d830dab9-31dc-4634-9045-d70e05b93d81","actor_username":"lisan@gmail.com","actor_via_sso":false,"log_type":"token"}	2024-05-12 00:05:38.419838+09	
00000000-0000-0000-0000-000000000000	ca357667-d683-469d-ac70-df21540d3d17	{"action":"token_refreshed","actor_id":"d830dab9-31dc-4634-9045-d70e05b93d81","actor_username":"lisan@gmail.com","actor_via_sso":false,"log_type":"token"}	2024-05-12 00:05:38.445359+09	
00000000-0000-0000-0000-000000000000	3ab1f99d-8a1f-4603-a251-cc306509a09c	{"action":"token_refreshed","actor_id":"d830dab9-31dc-4634-9045-d70e05b93d81","actor_username":"lisan@gmail.com","actor_via_sso":false,"log_type":"token"}	2024-05-12 00:05:38.458217+09	
00000000-0000-0000-0000-000000000000	56753367-5e6c-4b8b-b2ab-553529cee86d	{"action":"token_refreshed","actor_id":"d830dab9-31dc-4634-9045-d70e05b93d81","actor_username":"lisan@gmail.com","actor_via_sso":false,"log_type":"token"}	2024-05-12 00:05:38.648107+09	
00000000-0000-0000-0000-000000000000	cd9cb910-0394-41f9-8ec7-9409c0d298a9	{"action":"token_refreshed","actor_id":"d830dab9-31dc-4634-9045-d70e05b93d81","actor_username":"lisan@gmail.com","actor_via_sso":false,"log_type":"token"}	2024-05-12 00:05:38.672605+09	
00000000-0000-0000-0000-000000000000	8149fbd4-9539-4c0b-8ef5-f79814ef83e1	{"action":"token_refreshed","actor_id":"fb799d7d-b779-4c1c-a8fe-660f5c11d8b2","actor_username":"chiha.tw@gmail.com","actor_via_sso":false,"log_type":"token"}	2024-05-12 10:03:33.288664+09	
00000000-0000-0000-0000-000000000000	b7311d6e-38a4-4f04-b42f-bfb1967db3fa	{"action":"token_revoked","actor_id":"fb799d7d-b779-4c1c-a8fe-660f5c11d8b2","actor_username":"chiha.tw@gmail.com","actor_via_sso":false,"log_type":"token"}	2024-05-12 10:03:33.297544+09	
00000000-0000-0000-0000-000000000000	45d94007-c01f-4482-9f3c-883be77bbb1a	{"action":"token_refreshed","actor_id":"fb799d7d-b779-4c1c-a8fe-660f5c11d8b2","actor_username":"chiha.tw@gmail.com","actor_via_sso":false,"log_type":"token"}	2024-05-12 10:03:34.790027+09	
00000000-0000-0000-0000-000000000000	01bd65a6-5c1f-491a-89f3-ef2501d50003	{"action":"token_refreshed","actor_id":"fb799d7d-b779-4c1c-a8fe-660f5c11d8b2","actor_username":"chiha.tw@gmail.com","actor_via_sso":false,"log_type":"token"}	2024-05-12 10:03:34.955809+09	
00000000-0000-0000-0000-000000000000	acf5847f-b1ef-42c3-9505-860af8f5b876	{"action":"token_refreshed","actor_id":"fb799d7d-b779-4c1c-a8fe-660f5c11d8b2","actor_username":"chiha.tw@gmail.com","actor_via_sso":false,"log_type":"token"}	2024-05-12 10:03:35.15026+09	
00000000-0000-0000-0000-000000000000	e344a1b9-3fff-45dd-a3bb-293d16ac3a9c	{"action":"token_refreshed","actor_id":"fb799d7d-b779-4c1c-a8fe-660f5c11d8b2","actor_username":"chiha.tw@gmail.com","actor_via_sso":false,"log_type":"token"}	2024-05-12 10:03:35.415974+09	
\.


--
-- Data for Name: flow_state; Type: TABLE DATA; Schema: auth; Owner: supabase_auth_admin
--

COPY auth.flow_state (id, user_id, auth_code, code_challenge_method, code_challenge, provider_type, provider_access_token, provider_refresh_token, created_at, updated_at, authentication_method, auth_code_issued_at) FROM stdin;
\.


--
-- Data for Name: identities; Type: TABLE DATA; Schema: auth; Owner: supabase_auth_admin
--

COPY auth.identities (provider_id, user_id, identity_data, provider, last_sign_in_at, created_at, updated_at, id) FROM stdin;
fb799d7d-b779-4c1c-a8fe-660f5c11d8b2	fb799d7d-b779-4c1c-a8fe-660f5c11d8b2	{"sub": "fb799d7d-b779-4c1c-a8fe-660f5c11d8b2", "email": "chiha.tw@gmail.com", "email_verified": false, "phone_verified": false}	email	2024-04-16 14:48:34.230659+09	2024-04-16 14:48:34.230721+09	2024-04-16 14:48:34.230721+09	2ed0364e-7648-42c7-8d7d-3cd4014612fe
594d9b95-665c-4a9e-9b61-cdac61c99883	594d9b95-665c-4a9e-9b61-cdac61c99883	{"sub": "594d9b95-665c-4a9e-9b61-cdac61c99883", "email": "go@gmail.com", "email_verified": false, "phone_verified": false}	email	2024-04-21 20:04:00.447904+09	2024-04-21 20:04:00.44797+09	2024-04-21 20:04:00.44797+09	5d31f0fc-7fcd-454c-b9d7-c58b88175d56
c049d5c9-66ba-4986-94f3-48c99d893457	c049d5c9-66ba-4986-94f3-48c99d893457	{"sub": "c049d5c9-66ba-4986-94f3-48c99d893457", "email": "test@gmail.com", "email_verified": false, "phone_verified": false}	email	2024-04-27 12:55:10.721236+09	2024-04-27 12:55:10.721303+09	2024-04-27 12:55:10.721303+09	3fbfee23-bdb9-40e0-930c-54071d66de7a
d830dab9-31dc-4634-9045-d70e05b93d81	d830dab9-31dc-4634-9045-d70e05b93d81	{"sub": "d830dab9-31dc-4634-9045-d70e05b93d81", "email": "lisan@gmail.com", "email_verified": false, "phone_verified": false}	email	2024-04-29 06:14:06.710024+09	2024-04-29 06:14:06.710078+09	2024-04-29 06:14:06.710078+09	bfbc0294-9ef0-45e6-a79c-e6a98134f404
b2d7045a-bfb9-4aa2-88ed-fdfbac324e72	b2d7045a-bfb9-4aa2-88ed-fdfbac324e72	{"sub": "b2d7045a-bfb9-4aa2-88ed-fdfbac324e72", "email": "kousan@gmail.com", "email_verified": false, "phone_verified": false}	email	2024-04-29 06:14:22.01652+09	2024-04-29 06:14:22.016573+09	2024-04-29 06:14:22.016573+09	1ee568bb-fbc3-45f4-ae55-a0fa250dac39
\.


--
-- Data for Name: instances; Type: TABLE DATA; Schema: auth; Owner: supabase_auth_admin
--

COPY auth.instances (id, uuid, raw_base_config, created_at, updated_at) FROM stdin;
\.


--
-- Data for Name: mfa_amr_claims; Type: TABLE DATA; Schema: auth; Owner: supabase_auth_admin
--

COPY auth.mfa_amr_claims (session_id, created_at, updated_at, authentication_method, id) FROM stdin;
2a130701-e02e-4a08-9334-90277fd2c4cb	2024-05-05 08:48:04.260078+09	2024-05-05 08:48:04.260078+09	password	13335842-362c-49d2-ae4e-72b9fce73400
6b8bbb61-e0e1-4f91-a80e-28c6a5c38153	2024-05-05 18:03:32.680047+09	2024-05-05 18:03:32.680047+09	password	2610ee6a-37ce-478b-8dee-e0f09dada195
8dc564e7-aa3a-48ad-9bab-5f96c0c5eecb	2024-05-06 15:23:17.268857+09	2024-05-06 15:23:17.268857+09	password	7ae439b0-95f4-4de2-a583-3ae0af0b4604
8702fc3c-a7a0-45a1-b9d6-c4846c5c106f	2024-05-06 22:56:15.498852+09	2024-05-06 22:56:15.498852+09	password	2fa9e815-6aa8-488e-9c5b-176e50ada3e4
2f9e3f7a-10e3-4822-951d-c3dfcbf1ba5a	2024-05-08 21:31:18.746184+09	2024-05-08 21:31:18.746184+09	password	333562be-c35f-4753-b375-f35be20b96b2
dd95e18d-e1c9-40c7-9813-426ed96595b2	2024-05-08 22:09:34.135495+09	2024-05-08 22:09:34.135495+09	password	78aa581e-e9a2-4af9-9ab2-9244dfe49296
3e3d8032-68c9-4f60-9606-021bfafe86ed	2024-05-09 08:02:39.938346+09	2024-05-09 08:02:39.938346+09	password	42596b58-b72b-4abb-9794-3222363483ee
98c211c6-f08c-4bdd-a14e-18bd4e388424	2024-05-09 18:05:35.768078+09	2024-05-09 18:05:35.768078+09	password	7cc60757-8b00-4d38-8300-0d795735a179
4674fc48-6a88-4fbe-85aa-8326e6f98a14	2024-05-09 18:06:12.194381+09	2024-05-09 18:06:12.194381+09	password	418b2fda-33f4-4b6a-b40f-e96e2bd827d5
ca726b13-1881-4f3e-a617-9274a70d71ce	2024-05-09 18:15:00.404793+09	2024-05-09 18:15:00.404793+09	password	c4c0531d-d50d-41fe-83b9-3832d9f5a71a
3d4e9e22-ddb9-4672-8274-9063a7c927aa	2024-05-09 18:15:17.509369+09	2024-05-09 18:15:17.509369+09	password	473d3eea-e684-4ac5-80bd-44d3ac35db31
bd4eeb8e-01b7-417e-91dc-27e2c4b9a4ab	2024-05-09 18:20:53.047618+09	2024-05-09 18:20:53.047618+09	password	c71159e4-9bf7-4973-8b75-55fd83e62150
457e79a1-9d7e-4ef8-9ae3-e724ebd037e5	2024-05-09 18:32:51.737352+09	2024-05-09 18:32:51.737352+09	password	e8cffdc8-0d05-4bb6-8d6a-4526e6f88f94
84cde24b-4f52-499a-9242-314c07d012fe	2024-05-09 18:43:07.823585+09	2024-05-09 18:43:07.823585+09	password	3ae76178-4f60-4918-9db1-461a4efb31fe
5a6f8926-5c14-410d-994f-98354142ddd9	2024-05-09 18:53:01.923671+09	2024-05-09 18:53:01.923671+09	password	efa90799-9acd-4d9f-a8db-eaae61b81e70
9b6ff505-55a1-4d45-afd3-618c487b5529	2024-05-09 18:54:45.912083+09	2024-05-09 18:54:45.912083+09	password	2982561c-c605-4762-acb9-b730ded70f34
1b9a06dc-3550-4477-824f-9440d7bcb488	2024-05-10 20:58:21.664201+09	2024-05-10 20:58:21.664201+09	password	53e119a0-49f1-4e8f-b3bd-8db470835781
\.


--
-- Data for Name: mfa_challenges; Type: TABLE DATA; Schema: auth; Owner: supabase_auth_admin
--

COPY auth.mfa_challenges (id, factor_id, created_at, verified_at, ip_address) FROM stdin;
\.


--
-- Data for Name: mfa_factors; Type: TABLE DATA; Schema: auth; Owner: supabase_auth_admin
--

COPY auth.mfa_factors (id, user_id, friendly_name, factor_type, status, created_at, updated_at, secret) FROM stdin;
\.


--
-- Data for Name: refresh_tokens; Type: TABLE DATA; Schema: auth; Owner: supabase_auth_admin
--

COPY auth.refresh_tokens (instance_id, id, token, user_id, revoked, created_at, updated_at, parent, session_id) FROM stdin;
00000000-0000-0000-0000-000000000000	135	YsndkT-gFFKFMS5wENq-jw	fb799d7d-b779-4c1c-a8fe-660f5c11d8b2	t	2024-05-06 14:27:06.874376+09	2024-05-06 15:35:17.078652+09	bLOUI5uRONvofPro-cjFFQ	2a130701-e02e-4a08-9334-90277fd2c4cb
00000000-0000-0000-0000-000000000000	141	k0M3fA0cpYAv9WcQjB2abA	fb799d7d-b779-4c1c-a8fe-660f5c11d8b2	t	2024-05-06 15:35:17.082319+09	2024-05-07 06:59:28.977411+09	YsndkT-gFFKFMS5wENq-jw	2a130701-e02e-4a08-9334-90277fd2c4cb
00000000-0000-0000-0000-000000000000	138	KfMO5qMmE265L2Y6c5TIiQ	fb799d7d-b779-4c1c-a8fe-660f5c11d8b2	t	2024-05-06 15:20:57.583086+09	2024-05-07 08:06:25.889309+09	ioGlCXrlXqeOqJbqL5JVXg	6b8bbb61-e0e1-4f91-a80e-28c6a5c38153
00000000-0000-0000-0000-000000000000	147	_O-AgC_wLdah3EBscAEi6Q	fb799d7d-b779-4c1c-a8fe-660f5c11d8b2	t	2024-05-07 08:06:25.89464+09	2024-05-08 10:28:47.722725+09	KfMO5qMmE265L2Y6c5TIiQ	6b8bbb61-e0e1-4f91-a80e-28c6a5c38153
00000000-0000-0000-0000-000000000000	148	y2CElxRiRQachErU2u2iwQ	fb799d7d-b779-4c1c-a8fe-660f5c11d8b2	f	2024-05-08 10:28:47.7441+09	2024-05-08 10:28:47.7441+09	_O-AgC_wLdah3EBscAEi6Q	6b8bbb61-e0e1-4f91-a80e-28c6a5c38153
00000000-0000-0000-0000-000000000000	143	hALDtCxN3Opn3SA3JkaUnQ	b2d7045a-bfb9-4aa2-88ed-fdfbac324e72	t	2024-05-06 22:56:15.495466+09	2024-05-08 20:31:30.815497+09	\N	8702fc3c-a7a0-45a1-b9d6-c4846c5c106f
00000000-0000-0000-0000-000000000000	149	ZjaTq-bpvsEVV2201WtHfQ	b2d7045a-bfb9-4aa2-88ed-fdfbac324e72	t	2024-05-08 20:31:30.817835+09	2024-05-08 21:30:11.996124+09	hALDtCxN3Opn3SA3JkaUnQ	8702fc3c-a7a0-45a1-b9d6-c4846c5c106f
00000000-0000-0000-0000-000000000000	151	jsuUA0D_Zl2y2c9n1IyZaA	b2d7045a-bfb9-4aa2-88ed-fdfbac324e72	f	2024-05-08 21:31:18.744381+09	2024-05-08 21:31:18.744381+09	\N	2f9e3f7a-10e3-4822-951d-c3dfcbf1ba5a
00000000-0000-0000-0000-000000000000	152	tY1srMS75pQLiSBiitAoVA	b2d7045a-bfb9-4aa2-88ed-fdfbac324e72	t	2024-05-08 22:09:34.133133+09	2024-05-08 23:17:48.022815+09	\N	dd95e18d-e1c9-40c7-9813-426ed96595b2
00000000-0000-0000-0000-000000000000	157	Q4K8i7J3sTJv_gx4sZN6fA	b2d7045a-bfb9-4aa2-88ed-fdfbac324e72	f	2024-05-09 08:02:39.932947+09	2024-05-09 08:02:39.932947+09	\N	3e3d8032-68c9-4f60-9606-021bfafe86ed
00000000-0000-0000-0000-000000000000	159	rnWme5z4ENUlqyIj5qI4bQ	d830dab9-31dc-4634-9045-d70e05b93d81	f	2024-05-09 18:05:35.761448+09	2024-05-09 18:05:35.761448+09	\N	98c211c6-f08c-4bdd-a14e-18bd4e388424
00000000-0000-0000-0000-000000000000	160	PQ1p_3N3Rx7mPLWfh-QyYQ	b2d7045a-bfb9-4aa2-88ed-fdfbac324e72	f	2024-05-09 18:06:12.192704+09	2024-05-09 18:06:12.192704+09	\N	4674fc48-6a88-4fbe-85aa-8326e6f98a14
00000000-0000-0000-0000-000000000000	146	8HjekMlYDH9H0Ainx5g-QQ	fb799d7d-b779-4c1c-a8fe-660f5c11d8b2	t	2024-05-07 06:59:28.98496+09	2024-05-09 18:06:36.368058+09	k0M3fA0cpYAv9WcQjB2abA	2a130701-e02e-4a08-9334-90277fd2c4cb
00000000-0000-0000-0000-000000000000	162	ijkXppTdc-g7-13UBXBOrw	d830dab9-31dc-4634-9045-d70e05b93d81	f	2024-05-09 18:15:00.401253+09	2024-05-09 18:15:00.401253+09	\N	ca726b13-1881-4f3e-a617-9274a70d71ce
00000000-0000-0000-0000-000000000000	165	8a996FnC-S-qruit7c_5Sg	b2d7045a-bfb9-4aa2-88ed-fdfbac324e72	f	2024-05-09 18:32:51.73453+09	2024-05-09 18:32:51.73453+09	\N	457e79a1-9d7e-4ef8-9ae3-e724ebd037e5
00000000-0000-0000-0000-000000000000	153	5H0bTu3H2-sz4izd3Nz3qA	b2d7045a-bfb9-4aa2-88ed-fdfbac324e72	t	2024-05-08 23:17:48.023608+09	2024-05-09 18:55:19.721295+09	tY1srMS75pQLiSBiitAoVA	dd95e18d-e1c9-40c7-9813-426ed96595b2
00000000-0000-0000-0000-000000000000	161	Wkjm0QhF8tWaV1yXwhhJ-g	fb799d7d-b779-4c1c-a8fe-660f5c11d8b2	t	2024-05-09 18:06:36.373154+09	2024-05-09 19:04:52.89327+09	8HjekMlYDH9H0Ainx5g-QQ	2a130701-e02e-4a08-9334-90277fd2c4cb
00000000-0000-0000-0000-000000000000	126	IlEdVOTwXUWV0fGdL3S9wg	fb799d7d-b779-4c1c-a8fe-660f5c11d8b2	t	2024-05-05 08:48:04.256213+09	2024-05-06 08:39:13.254251+09	\N	2a130701-e02e-4a08-9334-90277fd2c4cb
00000000-0000-0000-0000-000000000000	131	L9Ges9IwXjDCaAbQVDcyIg	fb799d7d-b779-4c1c-a8fe-660f5c11d8b2	t	2024-05-06 08:39:13.27423+09	2024-05-06 09:40:14.728248+09	IlEdVOTwXUWV0fGdL3S9wg	2a130701-e02e-4a08-9334-90277fd2c4cb
00000000-0000-0000-0000-000000000000	163	21CBVaDWUhBdn_sfaeMP8Q	b2d7045a-bfb9-4aa2-88ed-fdfbac324e72	t	2024-05-09 18:15:17.507909+09	2024-05-09 19:13:25.348472+09	\N	3d4e9e22-ddb9-4672-8274-9063a7c927aa
00000000-0000-0000-0000-000000000000	132	vnmHkBorJzX2t7KreFz_8A	fb799d7d-b779-4c1c-a8fe-660f5c11d8b2	t	2024-05-06 09:40:14.730018+09	2024-05-06 11:34:08.504968+09	L9Ges9IwXjDCaAbQVDcyIg	2a130701-e02e-4a08-9334-90277fd2c4cb
00000000-0000-0000-0000-000000000000	133	R7Vr8qbTdnRNLZe72JEjfw	fb799d7d-b779-4c1c-a8fe-660f5c11d8b2	t	2024-05-06 11:34:08.505906+09	2024-05-06 12:43:07.881936+09	vnmHkBorJzX2t7KreFz_8A	2a130701-e02e-4a08-9334-90277fd2c4cb
00000000-0000-0000-0000-000000000000	164	vIoyWme_jbpnjl1JYgvGCQ	d830dab9-31dc-4634-9045-d70e05b93d81	t	2024-05-09 18:20:53.044613+09	2024-05-09 19:19:14.924352+09	\N	bd4eeb8e-01b7-417e-91dc-27e2c4b9a4ab
00000000-0000-0000-0000-000000000000	172	2h7CVo9utJx1hSoph6IOzw	d830dab9-31dc-4634-9045-d70e05b93d81	f	2024-05-09 19:19:14.925675+09	2024-05-09 19:19:14.925675+09	vIoyWme_jbpnjl1JYgvGCQ	bd4eeb8e-01b7-417e-91dc-27e2c4b9a4ab
00000000-0000-0000-0000-000000000000	166	cIJSvnvEJegdmfKHE76WfA	d830dab9-31dc-4634-9045-d70e05b93d81	t	2024-05-09 18:43:07.820927+09	2024-05-09 19:42:21.021186+09	\N	84cde24b-4f52-499a-9242-314c07d012fe
00000000-0000-0000-0000-000000000000	134	bLOUI5uRONvofPro-cjFFQ	fb799d7d-b779-4c1c-a8fe-660f5c11d8b2	t	2024-05-06 12:43:07.884006+09	2024-05-06 14:27:06.868937+09	R7Vr8qbTdnRNLZe72JEjfw	2a130701-e02e-4a08-9334-90277fd2c4cb
00000000-0000-0000-0000-000000000000	169	8SKSqadb3Qb9RGmD54vVxA	b2d7045a-bfb9-4aa2-88ed-fdfbac324e72	t	2024-05-09 18:55:19.722108+09	2024-05-09 19:53:29.158718+09	5H0bTu3H2-sz4izd3Nz3qA	dd95e18d-e1c9-40c7-9813-426ed96595b2
00000000-0000-0000-0000-000000000000	174	qPgwpY7SxTbgS0ton3l1mg	b2d7045a-bfb9-4aa2-88ed-fdfbac324e72	f	2024-05-09 19:53:29.160601+09	2024-05-09 19:53:29.160601+09	8SKSqadb3Qb9RGmD54vVxA	dd95e18d-e1c9-40c7-9813-426ed96595b2
00000000-0000-0000-0000-000000000000	170	8kYvMYFfhIZOUQg9FblCEg	fb799d7d-b779-4c1c-a8fe-660f5c11d8b2	t	2024-05-09 19:04:52.895155+09	2024-05-09 20:02:53.020746+09	Wkjm0QhF8tWaV1yXwhhJ-g	2a130701-e02e-4a08-9334-90277fd2c4cb
00000000-0000-0000-0000-000000000000	130	ioGlCXrlXqeOqJbqL5JVXg	fb799d7d-b779-4c1c-a8fe-660f5c11d8b2	t	2024-05-05 18:03:32.668815+09	2024-05-06 15:20:57.579334+09	\N	6b8bbb61-e0e1-4f91-a80e-28c6a5c38153
00000000-0000-0000-0000-000000000000	140	zYzU2vhgd3DtZZrOXhJJOg	b2d7045a-bfb9-4aa2-88ed-fdfbac324e72	f	2024-05-06 15:23:17.26769+09	2024-05-06 15:23:17.26769+09	\N	8dc564e7-aa3a-48ad-9bab-5f96c0c5eecb
00000000-0000-0000-0000-000000000000	171	yqzypt2froSVm5HACIxKtQ	b2d7045a-bfb9-4aa2-88ed-fdfbac324e72	t	2024-05-09 19:13:25.349849+09	2024-05-09 20:11:37.730803+09	21CBVaDWUhBdn_sfaeMP8Q	3d4e9e22-ddb9-4672-8274-9063a7c927aa
00000000-0000-0000-0000-000000000000	176	EwOQksjp3GGKOahtFTleuQ	b2d7045a-bfb9-4aa2-88ed-fdfbac324e72	f	2024-05-09 20:11:37.732626+09	2024-05-09 20:11:37.732626+09	yqzypt2froSVm5HACIxKtQ	3d4e9e22-ddb9-4672-8274-9063a7c927aa
00000000-0000-0000-0000-000000000000	167	xT1Z7Y6zemZ__NJ6VsXf8g	d830dab9-31dc-4634-9045-d70e05b93d81	t	2024-05-09 18:53:01.921988+09	2024-05-09 20:29:39.700012+09	\N	5a6f8926-5c14-410d-994f-98354142ddd9
00000000-0000-0000-0000-000000000000	177	f8chaj5jJ0rjoaWldKo57w	d830dab9-31dc-4634-9045-d70e05b93d81	f	2024-05-09 20:29:39.701336+09	2024-05-09 20:29:39.701336+09	xT1Z7Y6zemZ__NJ6VsXf8g	5a6f8926-5c14-410d-994f-98354142ddd9
00000000-0000-0000-0000-000000000000	173	qJZUYZLg63UwK7ZRi5zONQ	d830dab9-31dc-4634-9045-d70e05b93d81	t	2024-05-09 19:42:21.023329+09	2024-05-09 23:12:11.424222+09	cIJSvnvEJegdmfKHE76WfA	84cde24b-4f52-499a-9242-314c07d012fe
00000000-0000-0000-0000-000000000000	168	HmrCgeiJlJghURRXhZavgw	d830dab9-31dc-4634-9045-d70e05b93d81	t	2024-05-09 18:54:45.910917+09	2024-05-10 04:04:30.953097+09	\N	9b6ff505-55a1-4d45-afd3-618c487b5529
00000000-0000-0000-0000-000000000000	179	OwUpw387Jg5-AGt48YI6nQ	d830dab9-31dc-4634-9045-d70e05b93d81	t	2024-05-10 04:04:30.96704+09	2024-05-10 12:53:43.033925+09	HmrCgeiJlJghURRXhZavgw	9b6ff505-55a1-4d45-afd3-618c487b5529
00000000-0000-0000-0000-000000000000	180	Fm9Wkkb8WO82SYPoljcTaQ	d830dab9-31dc-4634-9045-d70e05b93d81	f	2024-05-10 12:53:43.036589+09	2024-05-10 12:53:43.036589+09	OwUpw387Jg5-AGt48YI6nQ	9b6ff505-55a1-4d45-afd3-618c487b5529
00000000-0000-0000-0000-000000000000	175	PbkbdxUzTJMvQXsDZKJfuw	fb799d7d-b779-4c1c-a8fe-660f5c11d8b2	t	2024-05-09 20:02:53.022044+09	2024-05-10 20:56:49.896734+09	8kYvMYFfhIZOUQg9FblCEg	2a130701-e02e-4a08-9334-90277fd2c4cb
00000000-0000-0000-0000-000000000000	182	5SML9rwnebBx1z_fYq1u8g	d830dab9-31dc-4634-9045-d70e05b93d81	f	2024-05-10 20:58:21.652175+09	2024-05-10 20:58:21.652175+09	\N	1b9a06dc-3550-4477-824f-9440d7bcb488
00000000-0000-0000-0000-000000000000	150	ubf6ClS0zePQpeAAQKIEcg	b2d7045a-bfb9-4aa2-88ed-fdfbac324e72	t	2024-05-08 21:30:11.999729+09	2024-05-10 22:51:05.333056+09	ZjaTq-bpvsEVV2201WtHfQ	8702fc3c-a7a0-45a1-b9d6-c4846c5c106f
00000000-0000-0000-0000-000000000000	183	Mi35ZYn7F_pcYuxqR6kNog	b2d7045a-bfb9-4aa2-88ed-fdfbac324e72	f	2024-05-10 22:51:05.338171+09	2024-05-10 22:51:05.338171+09	ubf6ClS0zePQpeAAQKIEcg	8702fc3c-a7a0-45a1-b9d6-c4846c5c106f
00000000-0000-0000-0000-000000000000	178	cMwrQNHNNAgcPi2aRi46VA	d830dab9-31dc-4634-9045-d70e05b93d81	t	2024-05-09 23:12:11.425329+09	2024-05-12 00:05:35.373982+09	qJZUYZLg63UwK7ZRi5zONQ	84cde24b-4f52-499a-9242-314c07d012fe
00000000-0000-0000-0000-000000000000	184	LrNZuX98-fRGLu0YV5SF2g	d830dab9-31dc-4634-9045-d70e05b93d81	f	2024-05-12 00:05:35.390333+09	2024-05-12 00:05:35.390333+09	cMwrQNHNNAgcPi2aRi46VA	84cde24b-4f52-499a-9242-314c07d012fe
00000000-0000-0000-0000-000000000000	181	Yf3YYQ574qltpz2dvFrtYA	fb799d7d-b779-4c1c-a8fe-660f5c11d8b2	t	2024-05-10 20:56:49.912138+09	2024-05-12 10:03:33.298531+09	PbkbdxUzTJMvQXsDZKJfuw	2a130701-e02e-4a08-9334-90277fd2c4cb
00000000-0000-0000-0000-000000000000	185	DI3EsWp0v1H33viA5mRkgQ	fb799d7d-b779-4c1c-a8fe-660f5c11d8b2	f	2024-05-12 10:03:33.304928+09	2024-05-12 10:03:33.304928+09	Yf3YYQ574qltpz2dvFrtYA	2a130701-e02e-4a08-9334-90277fd2c4cb
\.


--
-- Data for Name: saml_providers; Type: TABLE DATA; Schema: auth; Owner: supabase_auth_admin
--

COPY auth.saml_providers (id, sso_provider_id, entity_id, metadata_xml, metadata_url, attribute_mapping, created_at, updated_at, name_id_format) FROM stdin;
\.


--
-- Data for Name: saml_relay_states; Type: TABLE DATA; Schema: auth; Owner: supabase_auth_admin
--

COPY auth.saml_relay_states (id, sso_provider_id, request_id, for_email, redirect_to, created_at, updated_at, flow_state_id) FROM stdin;
\.


--
-- Data for Name: schema_migrations; Type: TABLE DATA; Schema: auth; Owner: supabase_auth_admin
--

COPY auth.schema_migrations (version) FROM stdin;
20171026211738
20171026211808
20171026211834
20180103212743
20180108183307
20180119214651
20180125194653
00
20210710035447
20210722035447
20210730183235
20210909172000
20210927181326
20211122151130
20211124214934
20211202183645
20220114185221
20220114185340
20220224000811
20220323170000
20220429102000
20220531120530
20220614074223
20220811173540
20221003041349
20221003041400
20221011041400
20221020193600
20221021073300
20221021082433
20221027105023
20221114143122
20221114143410
20221125140132
20221208132122
20221215195500
20221215195800
20221215195900
20230116124310
20230116124412
20230131181311
20230322519590
20230402418590
20230411005111
20230508135423
20230523124323
20230818113222
20230914180801
20231027141322
20231114161723
20231117164230
20240115144230
20240214120130
20240306115329
20240314092811
\.


--
-- Data for Name: sessions; Type: TABLE DATA; Schema: auth; Owner: supabase_auth_admin
--

COPY auth.sessions (id, user_id, created_at, updated_at, factor_id, aal, not_after, refreshed_at, user_agent, ip, tag) FROM stdin;
3d4e9e22-ddb9-4672-8274-9063a7c927aa	b2d7045a-bfb9-4aa2-88ed-fdfbac324e72	2024-05-09 18:15:17.506876+09	2024-05-09 20:11:37.734937+09	\N	aal1	\N	2024-05-09 11:11:37.734864	Mozilla/5.0 (Macintosh; Intel Mac OS X 10_15_7) AppleWebKit/537.36 (KHTML, like Gecko) Chrome/124.0.0.0 Safari/537.36	180.146.51.212	\N
5a6f8926-5c14-410d-994f-98354142ddd9	d830dab9-31dc-4634-9045-d70e05b93d81	2024-05-09 18:53:01.920348+09	2024-05-09 20:29:39.703674+09	\N	aal1	\N	2024-05-09 11:29:39.703602	Mozilla/5.0 (iPhone; CPU iPhone OS 17_4_1 like Mac OS X) AppleWebKit/605.1.15 (KHTML, like Gecko) Mobile/15E148 Safari Line/14.6.3	114.140.112.153	\N
8dc564e7-aa3a-48ad-9bab-5f96c0c5eecb	b2d7045a-bfb9-4aa2-88ed-fdfbac324e72	2024-05-06 15:23:17.265229+09	2024-05-06 15:23:17.265229+09	\N	aal1	\N	\N	node	35.77.230.125	\N
2f9e3f7a-10e3-4822-951d-c3dfcbf1ba5a	b2d7045a-bfb9-4aa2-88ed-fdfbac324e72	2024-05-08 21:31:18.737509+09	2024-05-08 21:31:18.737509+09	\N	aal1	\N	\N	node	35.78.213.254	\N
84cde24b-4f52-499a-9242-314c07d012fe	d830dab9-31dc-4634-9045-d70e05b93d81	2024-05-09 18:43:07.818682+09	2024-05-12 00:05:38.673691+09	\N	aal1	\N	2024-05-11 15:05:38.673611	node	43.207.46.84	\N
2a130701-e02e-4a08-9334-90277fd2c4cb	fb799d7d-b779-4c1c-a8fe-660f5c11d8b2	2024-05-05 08:48:04.255099+09	2024-05-12 10:03:35.417123+09	\N	aal1	\N	2024-05-12 01:03:35.417037	node	3.112.131.8	\N
9b6ff505-55a1-4d45-afd3-618c487b5529	d830dab9-31dc-4634-9045-d70e05b93d81	2024-05-09 18:54:45.910122+09	2024-05-10 12:53:43.663298+09	\N	aal1	\N	2024-05-10 03:53:43.663203	Vercel Edge Functions	2a06:98c0:3600::103	\N
1b9a06dc-3550-4477-824f-9440d7bcb488	d830dab9-31dc-4634-9045-d70e05b93d81	2024-05-10 20:58:21.642397+09	2024-05-10 20:58:21.642397+09	\N	aal1	\N	\N	node	43.207.105.117	\N
3e3d8032-68c9-4f60-9606-021bfafe86ed	b2d7045a-bfb9-4aa2-88ed-fdfbac324e72	2024-05-09 08:02:39.929987+09	2024-05-09 08:02:39.929987+09	\N	aal1	\N	\N	node	54.65.208.184	\N
98c211c6-f08c-4bdd-a14e-18bd4e388424	d830dab9-31dc-4634-9045-d70e05b93d81	2024-05-09 18:05:35.756326+09	2024-05-09 18:05:35.756326+09	\N	aal1	\N	\N	node	43.206.129.227	\N
4674fc48-6a88-4fbe-85aa-8326e6f98a14	b2d7045a-bfb9-4aa2-88ed-fdfbac324e72	2024-05-09 18:06:12.191309+09	2024-05-09 18:06:12.191309+09	\N	aal1	\N	\N	node	43.206.129.227	\N
8702fc3c-a7a0-45a1-b9d6-c4846c5c106f	b2d7045a-bfb9-4aa2-88ed-fdfbac324e72	2024-05-06 22:56:15.494116+09	2024-05-10 22:51:08.730298+09	\N	aal1	\N	2024-05-10 13:51:08.730205	node	3.112.58.202	\N
ca726b13-1881-4f3e-a617-9274a70d71ce	d830dab9-31dc-4634-9045-d70e05b93d81	2024-05-09 18:15:00.400653+09	2024-05-09 18:15:00.400653+09	\N	aal1	\N	\N	node	52.194.236.201	\N
6b8bbb61-e0e1-4f91-a80e-28c6a5c38153	fb799d7d-b779-4c1c-a8fe-660f5c11d8b2	2024-05-05 18:03:32.662447+09	2024-05-08 10:28:51.414164+09	\N	aal1	\N	2024-05-08 01:28:51.414088	node	3.112.32.255	\N
457e79a1-9d7e-4ef8-9ae3-e724ebd037e5	b2d7045a-bfb9-4aa2-88ed-fdfbac324e72	2024-05-09 18:32:51.730971+09	2024-05-09 18:32:51.730971+09	\N	aal1	\N	\N	node	52.197.104.216	\N
bd4eeb8e-01b7-417e-91dc-27e2c4b9a4ab	d830dab9-31dc-4634-9045-d70e05b93d81	2024-05-09 18:20:53.04325+09	2024-05-09 19:19:14.92788+09	\N	aal1	\N	2024-05-09 10:19:14.927809	Mozilla/5.0 (Macintosh; Intel Mac OS X 10_15_7) AppleWebKit/537.36 (KHTML, like Gecko) Chrome/124.0.0.0 Safari/537.36	180.146.51.212	\N
dd95e18d-e1c9-40c7-9813-426ed96595b2	b2d7045a-bfb9-4aa2-88ed-fdfbac324e72	2024-05-08 22:09:34.131937+09	2024-05-09 19:53:29.163763+09	\N	aal1	\N	2024-05-09 10:53:29.163693	Mozilla/5.0 (iPhone; CPU iPhone OS 17_4_1 like Mac OS X) AppleWebKit/605.1.15 (KHTML, like Gecko) Version/17.4.1 Mobile/15E148 Safari/604.1	1.170.157.222	\N
\.


--
-- Data for Name: sso_domains; Type: TABLE DATA; Schema: auth; Owner: supabase_auth_admin
--

COPY auth.sso_domains (id, sso_provider_id, domain, created_at, updated_at) FROM stdin;
\.


--
-- Data for Name: sso_providers; Type: TABLE DATA; Schema: auth; Owner: supabase_auth_admin
--

COPY auth.sso_providers (id, resource_id, created_at, updated_at) FROM stdin;
\.


--
-- Data for Name: users; Type: TABLE DATA; Schema: auth; Owner: supabase_auth_admin
--

COPY auth.users (instance_id, id, aud, role, email, encrypted_password, email_confirmed_at, invited_at, confirmation_token, confirmation_sent_at, recovery_token, recovery_sent_at, email_change_token_new, email_change, email_change_sent_at, last_sign_in_at, raw_app_meta_data, raw_user_meta_data, is_super_admin, created_at, updated_at, phone, phone_confirmed_at, phone_change, phone_change_token, phone_change_sent_at, email_change_token_current, email_change_confirm_status, banned_until, reauthentication_token, reauthentication_sent_at, is_sso_user, deleted_at, is_anonymous) FROM stdin;
00000000-0000-0000-0000-000000000000	b2d7045a-bfb9-4aa2-88ed-fdfbac324e72	authenticated	authenticated	kousan@gmail.com	$2a$10$ALSdEnGOgkTS0nLSWg8oGeEJedW0INHQEEu7sD54dE5tn/MUbYNru	2024-04-29 06:14:22.01876+09	\N		\N		\N			\N	2024-05-09 18:32:51.730889+09	{"provider": "email", "providers": ["email"]}	{}	\N	2024-04-29 06:14:22.01477+09	2024-05-10 22:51:05.339266+09	\N	\N			\N		0	\N		\N	f	\N	f
00000000-0000-0000-0000-000000000000	d830dab9-31dc-4634-9045-d70e05b93d81	authenticated	authenticated	lisan@gmail.com	$2a$10$e60bxJGLiJkSF9yugkpOjuhl30siT3xCibji7TzgaqytQ3RZ4DE6.	2024-04-29 06:14:06.712601+09	\N		\N		\N			\N	2024-05-10 20:58:21.640298+09	{"provider": "email", "providers": ["email"]}	{}	\N	2024-04-29 06:14:06.704473+09	2024-05-12 00:05:35.398237+09	\N	\N			\N		0	\N		\N	f	\N	f
00000000-0000-0000-0000-000000000000	fb799d7d-b779-4c1c-a8fe-660f5c11d8b2	authenticated	authenticated	chiha.tw@gmail.com	$2a$10$irbJi0hPWRwJN2om6ycsiu3P9fGm53MMqmoT8dzDwh9yYRwpEOkBW	2024-04-16 14:48:34.234543+09	\N		\N		\N			\N	2024-05-05 18:03:32.660674+09	{"provider": "email", "providers": ["email"]}	{}	\N	2024-04-16 14:48:34.226116+09	2024-05-12 10:03:33.309122+09	\N	\N			\N		0	\N		\N	f	\N	f
00000000-0000-0000-0000-000000000000	c049d5c9-66ba-4986-94f3-48c99d893457	authenticated	authenticated	test@gmail.com	$2a$10$S11flqZ0YhwQeN8mociwF.N.FXTRbE3rfE5QqezGZR9DlAyTUuyNq	2024-04-27 12:55:10.739375+09	\N		\N		\N			\N	2024-04-27 13:03:57.323275+09	{"provider": "email", "providers": ["email"]}	{}	\N	2024-04-27 12:55:10.700415+09	2024-05-02 10:03:51.625819+09	\N	\N			\N		0	\N		\N	f	\N	f
00000000-0000-0000-0000-000000000000	594d9b95-665c-4a9e-9b61-cdac61c99883	authenticated	authenticated	go@gmail.com	$2a$10$M3UsKvoN91X.whZlrl6bjeOOMJeVideqw58umWIHf1zL9LLqgknt2	2024-04-21 20:04:00.452807+09	\N		\N		\N			\N	2024-05-04 21:02:55.717826+09	{"provider": "email", "providers": ["email"]}	{}	\N	2024-04-21 20:04:00.43849+09	2024-05-04 21:02:55.719489+09	\N	\N			\N		0	\N		\N	f	\N	f
\.


--
-- Data for Name: key; Type: TABLE DATA; Schema: pgsodium; Owner: supabase_admin
--

COPY pgsodium.key (id, status, created, expires, key_type, key_id, key_context, name, associated_data, raw_key, raw_key_nonce, parent_key, comment, user_data) FROM stdin;
\.


--
-- Data for Name: article_marks; Type: TABLE DATA; Schema: public; Owner: postgres
--

COPY public.article_marks (id, "articleId", start, "end", line, created_at) FROM stdin;
9	3	0.7	1.7	0	2024-04-29 11:48:55.835257+09
10	3	2.4	5	1	2024-04-29 11:48:55.835257+09
11	3	5.7	10.5	2	2024-04-29 11:48:55.835257+09
12	3	11.2	16.1	3	2024-04-29 11:48:55.835257+09
13	3	16.9	22.1	4	2024-04-29 11:48:55.835257+09
14	3	22.8	30.4	5	2024-04-29 11:48:55.835257+09
15	3	31.1	38.7	6	2024-04-29 11:48:55.835257+09
16	3	39.4	42.9	7	2024-04-29 11:48:55.835257+09
17	2	0.7	2	0	2024-04-29 12:18:12.066312+09
18	2	2.7	8.9	1	2024-04-29 12:18:12.066312+09
19	2	9.6	16.2	2	2024-04-29 12:18:12.066312+09
20	2	16.9	21	3	2024-04-29 12:18:12.066312+09
21	2	21.7	27.8	4	2024-04-29 12:18:12.066312+09
22	2	28.6	33.8	5	2024-04-29 12:18:12.066312+09
23	2	34.6	40.7	6	2024-04-29 12:18:12.066312+09
24	2	41.4	47.9	7	2024-04-29 12:18:12.066312+09
25	2	48.6	55	8	2024-04-29 12:18:12.066312+09
26	4	0.7	1.9	0	2024-05-06 14:38:33.207502+09
27	4	2.7	5.1	1	2024-05-06 14:38:33.207502+09
28	4	5.8	10	2	2024-05-06 14:38:33.207502+09
29	4	10.7	19.3	3	2024-05-06 14:38:33.207502+09
30	4	20	23.7	4	2024-05-06 14:38:33.207502+09
31	4	24.4	29	5	2024-05-06 14:38:33.207502+09
32	4	29.7	31.6	6	2024-05-06 14:38:33.207502+09
33	5	0.7	3.1	0	2024-05-06 14:49:13.790162+09
34	5	3.8	8.2	1	2024-05-06 14:49:13.790162+09
35	5	8.9	14.4	2	2024-05-06 14:49:13.790162+09
36	5	15.1	24.1	3	2024-05-06 14:49:13.790162+09
37	5	24.9	38.2	4	2024-05-06 14:49:13.790162+09
38	5	38.9	46.4	5	2024-05-06 14:49:13.790162+09
39	5	47.2	55	6	2024-05-06 14:49:13.790162+09
40	5	55.8	63.4	7	2024-05-06 14:49:13.790162+09
41	5	64.1	69.1	8	2024-05-06 14:49:13.790162+09
\.


--
-- Data for Name: article_pitch_quiz_answer_rows; Type: TABLE DATA; Schema: public; Owner: postgres
--

COPY public.article_pitch_quiz_answer_rows (id, "answerId", line, "pitchStr", created_at) FROM stdin;
114	15	0		2024-05-06 23:00:26.285244+09
115	15	1		2024-05-06 23:00:26.285244+09
116	15	2		2024-05-06 23:00:26.285244+09
117	15	3		2024-05-06 23:00:26.285244+09
118	15	4		2024-05-06 23:00:26.285244+09
119	15	5		2024-05-06 23:00:26.285244+09
120	15	6		2024-05-06 23:00:26.285244+09
121	15	7		2024-05-06 23:00:26.285244+09
122	15	8		2024-05-06 23:00:26.285244+09
123	16	0		2024-05-06 23:16:14.966287+09
124	16	1		2024-05-06 23:16:14.966287+09
125	16	2		2024-05-06 23:16:14.966287+09
126	16	3		2024-05-06 23:16:14.966287+09
127	16	4		2024-05-06 23:16:14.966287+09
128	16	5		2024-05-06 23:16:14.966287+09
129	16	6		2024-05-06 23:16:14.966287+09
130	17	0		2024-05-06 23:23:20.745218+09
131	17	1		2024-05-06 23:23:20.745218+09
132	17	2		2024-05-06 23:23:20.745218+09
133	17	3		2024-05-06 23:23:20.745218+09
134	17	4		2024-05-06 23:23:20.745218+09
135	17	5		2024-05-06 23:23:20.745218+09
136	17	6		2024-05-06 23:23:20.745218+09
137	18	0		2024-05-12 00:15:04.47417+09
138	18	1		2024-05-12 00:15:04.47417+09
139	18	2		2024-05-12 00:15:04.47417+09
140	18	3		2024-05-12 00:15:04.47417+09
141	18	4		2024-05-12 00:15:04.47417+09
142	18	5		2024-05-12 00:15:04.47417+09
143	18	6		2024-05-12 00:15:04.47417+09
\.


--
-- Data for Name: article_pitch_quiz_answers; Type: TABLE DATA; Schema: public; Owner: postgres
--

COPY public.article_pitch_quiz_answers (id, "quizId", created_at) FROM stdin;
15	4	2024-05-06 23:00:26.195497+09
16	3	2024-05-06 23:16:14.781774+09
17	3	2024-05-06 23:23:20.649127+09
18	5	2024-05-12 00:15:04.389821+09
\.


--
-- Data for Name: article_pitch_quiz_questions; Type: TABLE DATA; Schema: public; Owner: postgres
--

COPY public.article_pitch_quiz_questions (id, line, "lockedIndexes", "quizId", created_at) FROM stdin;
18	0	{}	3	2024-05-06 14:49:30.277125+09
19	1	{}	3	2024-05-06 14:49:30.277125+09
20	2	{}	3	2024-05-06 14:49:30.277125+09
21	3	{}	3	2024-05-06 14:49:30.277125+09
22	4	{0}	3	2024-05-06 14:49:30.277125+09
23	5	{}	3	2024-05-06 14:49:30.277125+09
24	6	{}	3	2024-05-06 14:49:30.277125+09
25	0	{0}	4	2024-05-06 14:51:30.247147+09
26	1	{2}	4	2024-05-06 14:51:30.247147+09
27	2	{6}	4	2024-05-06 14:51:30.247147+09
28	3	{0}	4	2024-05-06 14:51:30.247147+09
29	4	{2,14,15}	4	2024-05-06 14:51:30.247147+09
30	5	{1,2,3}	4	2024-05-06 14:51:30.247147+09
31	6	{2,6,7}	4	2024-05-06 14:51:30.247147+09
32	7	{4,5,8}	4	2024-05-06 14:51:30.247147+09
33	8	{2,4}	4	2024-05-06 14:51:30.247147+09
34	0	{}	5	2024-05-10 20:57:41.114134+09
35	1	{}	5	2024-05-10 20:57:41.114134+09
36	2	{}	5	2024-05-10 20:57:41.114134+09
37	3	{}	5	2024-05-10 20:57:41.114134+09
38	4	{0}	5	2024-05-10 20:57:41.114134+09
39	5	{}	5	2024-05-10 20:57:41.114134+09
40	6	{}	5	2024-05-10 20:57:41.114134+09
\.


--
-- Data for Name: article_pitch_quizzes; Type: TABLE DATA; Schema: public; Owner: postgres
--

COPY public.article_pitch_quizzes (id, title, "hasAudio", "articleId", created_at, "isDev") FROM stdin;
4	 - 	f	5	2024-05-06 14:51:30.179387+09	f
3	 - 	t	4	2024-05-06 14:49:30.21251+09	t
5	 - 	t	4	2024-05-10 20:57:41.012397+09	f
\.


--
-- Data for Name: article_recorded_assignments; Type: TABLE DATA; Schema: public; Owner: postgres
--

COPY public.article_recorded_assignments (id, "articleId", line, "audioPath", created_at) FROM stdin;
3	3	0	assignments/3/0.mp3	2024-05-05 00:25:57.915173+09
4	3	1	assignments/3/1.mp3	2024-05-05 00:26:22.406956+09
5	3	2	assignments/3/2.mp3	2024-05-05 00:26:59.152209+09
6	3	3	assignments/3/3.mp3	2024-05-05 00:27:54.202872+09
7	3	4	assignments/3/4.mp3	2024-05-05 00:29:04.08976+09
8	3	5	assignments/3/5.mp3	2024-05-05 00:30:52.3489+09
9	3	6	assignments/3/6.mp3	2024-05-05 00:32:03.79158+09
10	3	7	assignments/3/7.mp3	2024-05-05 00:33:06.733697+09
11	2	0	assignments/2/0.mp3	2024-05-05 12:42:18.081527+09
12	2	1	assignments/2/1.mp3	2024-05-05 12:43:02.348451+09
13	2	2	assignments/2/2.mp3	2024-05-05 12:43:36.129537+09
14	2	3	assignments/2/3.mp3	2024-05-05 12:45:21.163864+09
15	2	4	assignments/2/4.mp3	2024-05-05 12:46:28.516779+09
16	2	5	assignments/2/5.mp3	2024-05-05 12:49:15.19411+09
17	2	6	assignments/2/6.mp3	2024-05-05 12:50:17.456759+09
18	2	7	assignments/2/7.mp3	2024-05-05 12:50:59.774788+09
19	2	8	assignments/2/8.mp3	2024-05-05 12:51:55.678762+09
20	5	0	assignments/5/0.mp3	2024-05-10 22:51:49.48619+09
21	5	1	assignments/5/1.mp3	2024-05-10 23:30:10.203927+09
22	5	2	assignments/5/2.mp3	2024-05-10 23:31:16.761703+09
23	5	3	assignments/5/3.mp3	2024-05-10 23:32:31.192601+09
24	5	4	assignments/5/4.mp3	2024-05-10 23:34:29.368229+09
25	5	5	assignments/5/5.mp3	2024-05-10 23:35:36.197813+09
26	5	6	assignments/5/6.mp3	2024-05-10 23:37:28.772391+09
27	5	7	assignments/5/7.mp3	2024-05-10 23:38:18.919534+09
28	5	8	assignments/5/8.mp3	2024-05-10 23:39:07.145845+09
29	4	0	assignments/4/0.mp3	2024-05-12 00:06:00.319734+09
30	4	1	assignments/4/1.mp3	2024-05-12 00:06:20.478559+09
31	4	2	assignments/4/2.mp3	2024-05-12 00:06:50.699358+09
32	4	3	assignments/4/3.mp3	2024-05-12 00:08:15.959531+09
33	4	4	assignments/4/4.mp3	2024-05-12 00:09:13.385532+09
34	4	5	assignments/4/5.mp3	2024-05-12 00:10:08.716033+09
35	4	6	assignments/4/6.mp3	2024-05-12 00:10:26.977929+09
\.


--
-- Data for Name: articles; Type: TABLE DATA; Schema: public; Owner: postgres
--

COPY public.articles (id, uid, date, title, "audioPath", "isShowAccents", created_at, "isArchived") FROM stdin;
3	d830dab9-31dc-4634-9045-d70e05b93d81	2024/5/2		articles/3.mp3	t	2024-04-29 10:55:40.943512+09	t
2	b2d7045a-bfb9-4aa2-88ed-fdfbac324e72	2024/5/2		articles/2.mp3	t	2024-04-29 09:10:57.47134+09	t
5	b2d7045a-bfb9-4aa2-88ed-fdfbac324e72	2024/5/9		articles/5.mp3	t	2024-05-06 11:35:02.543463+09	f
4	d830dab9-31dc-4634-9045-d70e05b93d81	2024/5/9		articles/4.mp3	t	2024-05-06 09:16:37.628407+09	f
\.


--
-- Data for Name: betterread; Type: TABLE DATA; Schema: public; Owner: postgres
--

COPY public.betterread (id, uid, created_at, "articleId") FROM stdin;
4	d830dab9-31dc-4634-9045-d70e05b93d81	2024-05-06 15:22:48.72776+09	5
5	b2d7045a-bfb9-4aa2-88ed-fdfbac324e72	2024-05-06 15:23:35.205393+09	4
\.


--
-- Data for Name: betterread_image_paths; Type: TABLE DATA; Schema: public; Owner: postgres
--

COPY public.betterread_image_paths (id, "betterreadId", index, "imagePath", created_at) FROM stdin;
25	5	2	5/2.jpg	2024-05-08 22:10:28.37224+09
26	5	3	5/3.jpg	2024-05-08 22:11:31.123315+09
27	5	4	5/4.jpg	2024-05-08 22:14:28.490463+09
28	5	5	5/5.jpg	2024-05-08 22:15:14.512223+09
29	5	1	5/1.jpg	2024-05-08 22:16:25.023708+09
30	4	1	4/1.jpg	2024-05-09 00:03:20.367182+09
31	4	2	4/2.jpg	2024-05-09 00:03:32.773037+09
32	4	3	4/3.jpg	2024-05-09 00:03:52.930661+09
33	4	4	4/4.jpg	2024-05-09 00:04:11.340421+09
34	4	5	4/5.jpg	2024-05-09 00:04:28.564674+09
35	4	6	4/6.jpg	2024-05-09 00:04:41.084877+09
36	4	7	4/7.jpg	2024-05-09 00:04:55.218456+09
\.


--
-- Data for Name: canvas; Type: TABLE DATA; Schema: public; Owner: postgres
--

COPY public.canvas (id, x, y, label, color) FROM stdin;
1	238	100	hello	green
\.


--
-- Data for Name: note; Type: TABLE DATA; Schema: public; Owner: postgres
--

COPY public.note (id, text) FROM stdin;
1	\n\n
\.


--
-- Data for Name: note_audio_paths; Type: TABLE DATA; Schema: public; Owner: postgres
--

COPY public.note_audio_paths (id, index, "audioPath") FROM stdin;
2	1	anon/90480.89999999106.mp3
\.


--
-- Data for Name: page_states; Type: TABLE DATA; Schema: public; Owner: postgres
--

COPY public.page_states (uid, "pageState", "isOpen") FROM stdin;
b2d7045a-bfb9-4aa2-88ed-fdfbac324e72	betterread	f
d830dab9-31dc-4634-9045-d70e05b93d81	betterread	f
594d9b95-665c-4a9e-9b61-cdac61c99883	blank	f
\.


--
-- Data for Name: paper_cup_params; Type: TABLE DATA; Schema: public; Owner: postgres
--

COPY public.paper_cup_params (id, created_at, params, cue) FROM stdin;
1	2024-05-01 17:16:50.544018+09	abcdefghj	
\.


--
-- Data for Name: pathname_logs; Type: TABLE DATA; Schema: public; Owner: postgres
--

COPY public.pathname_logs (id, uid, pathname, created_at, removed_at) FROM stdin;
47	anon	/login	2024-05-04 20:32:53.035228+09	\N
46	d830dab9-31dc-4634-9045-d70e05b93d81	/	2024-05-04 20:32:45.519262+09	2024-05-04 20:32:53.061803+09
48	anon	/login	2024-05-04 20:36:49.09682+09	\N
49	anon	/login	2024-05-04 20:36:51.516502+09	\N
50	anon	/login	2024-05-04 20:36:51.845113+09	\N
51	anon	/login	2024-05-04 20:38:04.533259+09	\N
53	594d9b95-665c-4a9e-9b61-cdac61c99883	/login	2024-05-04 20:38:39.686888+09	\N
52	anon	/login	2024-05-04 20:38:22.012307+09	2024-05-04 20:38:39.692669+09
55	anon	/login	2024-05-04 20:41:17.410129+09	\N
54	594d9b95-665c-4a9e-9b61-cdac61c99883	/	2024-05-04 20:38:50.349312+09	2024-05-04 20:41:17.420248+09
56	anon	/login	2024-05-04 21:00:25.959681+09	\N
57	anon	/login	2024-05-04 21:02:23.314422+09	\N
58	anon	/login	2024-05-04 21:02:25.373187+09	\N
60	anon	/login	2024-05-04 21:05:33.552944+09	\N
59	594d9b95-665c-4a9e-9b61-cdac61c99883	/	2024-05-04 21:02:57.040142+09	2024-05-04 21:05:33.611015+09
61	anon	/login	2024-05-04 21:10:52.803799+09	\N
62	anon	/login	2024-05-05 00:25:00.018564+09	2024-05-05 00:25:27.024278+09
63	d830dab9-31dc-4634-9045-d70e05b93d81	/login	2024-05-05 00:25:27.009819+09	2024-05-05 00:25:44.467586+09
64	d830dab9-31dc-4634-9045-d70e05b93d81	/article/3	2024-05-05 00:25:44.384372+09	2024-05-05 00:33:46.587106+09
65	d830dab9-31dc-4634-9045-d70e05b93d81	/	2024-05-05 00:33:46.599881+09	2024-05-05 00:33:49.142488+09
66	d830dab9-31dc-4634-9045-d70e05b93d81	/quiz/1	2024-05-05 00:33:49.142609+09	2024-05-05 00:37:57.674354+09
67	d830dab9-31dc-4634-9045-d70e05b93d81	/answer/9	2024-05-05 00:37:57.886161+09	2024-05-05 00:38:05.052603+09
68	d830dab9-31dc-4634-9045-d70e05b93d81	/	2024-05-05 00:38:05.627637+09	2024-05-05 00:38:08.267072+09
69	d830dab9-31dc-4634-9045-d70e05b93d81	/workout/3	2024-05-05 00:38:09.122622+09	2024-05-05 00:39:23.191686+09
70	d830dab9-31dc-4634-9045-d70e05b93d81	/	2024-05-05 00:39:23.494725+09	2024-05-05 00:39:25.398655+09
23	anon	/login	2024-05-04 16:18:08.466386+09	\N
24	anon	/login	2024-05-04 16:18:17.704109+09	\N
26	anon	/login	2024-05-04 16:19:22.528059+09	2024-05-04 16:19:32.056714+09
25	anon	/login	2024-05-04 16:19:12.130109+09	2024-05-04 16:19:48.162406+09
28	anon	/login	2024-05-04 16:19:58.337215+09	\N
27	594d9b95-665c-4a9e-9b61-cdac61c99883	/login	2024-05-04 16:19:48.559998+09	2024-05-04 16:19:58.387556+09
29	anon	/login	2024-05-04 16:20:14.358192+09	2024-05-04 16:20:21.396767+09
30	594d9b95-665c-4a9e-9b61-cdac61c99883	/login	2024-05-04 16:20:21.816572+09	\N
31	594d9b95-665c-4a9e-9b61-cdac61c99883	/	2024-05-04 16:20:33.422362+09	2024-05-04 16:22:57.543506+09
32	anon	/login	2024-05-04 16:22:57.547902+09	2024-05-04 16:23:12.684085+09
33	d830dab9-31dc-4634-9045-d70e05b93d81	/	2024-05-04 16:23:13.07499+09	2024-05-04 16:23:20.38892+09
34	anon	/login	2024-05-04 16:23:20.386347+09	2024-05-04 16:23:31.617349+09
35	b2d7045a-bfb9-4aa2-88ed-fdfbac324e72	/	2024-05-04 16:23:31.998014+09	2024-05-04 16:23:38.409282+09
36	anon	/login	2024-05-04 16:23:38.420895+09	\N
37	anon	/login	2024-05-04 20:25:55.973996+09	2024-05-04 20:25:59.662751+09
38	anon	/login	2024-05-04 20:27:42.668433+09	2024-05-04 20:27:49.739204+09
39	594d9b95-665c-4a9e-9b61-cdac61c99883	/login	2024-05-04 20:27:50.009199+09	\N
40	594d9b95-665c-4a9e-9b61-cdac61c99883	/	2024-05-04 20:28:32.870213+09	2024-05-04 20:29:01.735745+09
41	anon	/login	2024-05-04 20:29:01.748004+09	\N
42	anon	/login	2024-05-04 20:29:10.796739+09	2024-05-04 20:29:14.593616+09
43	594d9b95-665c-4a9e-9b61-cdac61c99883	/login	2024-05-04 20:29:14.883399+09	2024-05-04 20:32:24.619947+09
44	anon	/login	2024-05-04 20:32:24.609016+09	2024-05-04 20:32:34.60002+09
45	d830dab9-31dc-4634-9045-d70e05b93d81	/	2024-05-04 20:32:34.891816+09	\N
71	d830dab9-31dc-4634-9045-d70e05b93d81	/workout/3	2024-05-05 00:39:25.885275+09	2024-05-05 00:39:59.6474+09
72	d830dab9-31dc-4634-9045-d70e05b93d81	/	2024-05-05 00:39:59.644505+09	2024-05-05 00:40:18.759324+09
73	d830dab9-31dc-4634-9045-d70e05b93d81	/workout/4	2024-05-05 00:40:18.763942+09	2024-05-05 00:43:46.568199+09
74	d830dab9-31dc-4634-9045-d70e05b93d81	/	2024-05-05 00:43:46.907886+09	2024-05-05 00:43:48.862972+09
75	d830dab9-31dc-4634-9045-d70e05b93d81	/workout/4	2024-05-05 00:43:49.258506+09	2024-05-05 00:44:49.286554+09
76	d830dab9-31dc-4634-9045-d70e05b93d81	/	2024-05-05 00:44:49.691763+09	\N
77	anon	/login	2024-05-05 06:27:23.245822+09	2024-05-05 06:27:56.367147+09
78	anon	/login	2024-05-05 06:28:46.568437+09	2024-05-05 06:29:04.757984+09
79	anon	/login	2024-05-05 07:49:46.088025+09	\N
80	anon	/login	2024-05-05 07:49:55.709438+09	\N
81	anon	/login	2024-05-05 08:46:29.569526+09	\N
82	anon	/login	2024-05-05 08:48:01.497746+09	2024-05-05 08:48:05.396934+09
83	anon	/login	2024-05-05 12:04:57.267911+09	2024-05-05 12:05:38.758082+09
84	b2d7045a-bfb9-4aa2-88ed-fdfbac324e72	/	2024-05-05 12:05:38.601476+09	2024-05-05 12:09:35.073284+09
85	b2d7045a-bfb9-4aa2-88ed-fdfbac324e72	/article/2	2024-05-05 12:09:35.244518+09	2024-05-05 12:52:02.66437+09
86	b2d7045a-bfb9-4aa2-88ed-fdfbac324e72	/	2024-05-05 12:52:02.681926+09	2024-05-05 12:52:05.849032+09
87	b2d7045a-bfb9-4aa2-88ed-fdfbac324e72	/workout/1	2024-05-05 12:52:05.865905+09	\N
88	b2d7045a-bfb9-4aa2-88ed-fdfbac324e72	/workout/1	2024-05-05 12:53:36.867049+09	\N
89	b2d7045a-bfb9-4aa2-88ed-fdfbac324e72	/workout/1	2024-05-05 12:54:04.12741+09	\N
90	b2d7045a-bfb9-4aa2-88ed-fdfbac324e72	/workout/1	2024-05-05 12:57:35.709837+09	2024-05-05 12:58:48.41574+09
91	b2d7045a-bfb9-4aa2-88ed-fdfbac324e72	/	2024-05-05 12:58:48.715965+09	2024-05-05 12:58:51.104388+09
92	b2d7045a-bfb9-4aa2-88ed-fdfbac324e72	/workout/2	2024-05-05 12:58:51.572058+09	\N
93	b2d7045a-bfb9-4aa2-88ed-fdfbac324e72	/workout/2	2024-05-05 13:00:56.846171+09	2024-05-05 13:02:07.170834+09
94	b2d7045a-bfb9-4aa2-88ed-fdfbac324e72	/	2024-05-05 13:02:07.39701+09	\N
95	anon	/login	2024-05-05 18:03:07.788994+09	2024-05-05 18:03:33.550839+09
96	anon	/login	2024-05-06 07:16:52.581491+09	\N
97	anon	/login	2024-05-06 15:02:03.530322+09	\N
99	d830dab9-31dc-4634-9045-d70e05b93d81	/login	2024-05-06 15:02:29.676016+09	\N
98	anon	/login	2024-05-06 15:02:21.858504+09	2024-05-06 15:02:29.73993+09
100	d830dab9-31dc-4634-9045-d70e05b93d81	/	2024-05-06 15:02:57.352627+09	\N
101	d830dab9-31dc-4634-9045-d70e05b93d81	/	2024-05-06 15:03:19.000112+09	2024-05-06 15:04:08.787899+09
102	d830dab9-31dc-4634-9045-d70e05b93d81	/quiz/3	2024-05-06 15:04:09.734658+09	2024-05-06 15:04:15.262304+09
103	d830dab9-31dc-4634-9045-d70e05b93d81	/answer/12	2024-05-06 15:04:15.508573+09	2024-05-06 15:04:20.135184+09
104	d830dab9-31dc-4634-9045-d70e05b93d81	/	2024-05-06 15:04:20.564893+09	\N
105	d830dab9-31dc-4634-9045-d70e05b93d81	/	2024-05-06 15:04:39.974874+09	\N
106	anon	/login	2024-05-06 15:19:34.701489+09	\N
107	anon	/login	2024-05-06 15:19:37.599584+09	2024-05-06 15:19:53.574593+09
108	b2d7045a-bfb9-4aa2-88ed-fdfbac324e72	/	2024-05-06 15:19:53.521549+09	2024-05-06 15:19:58.268441+09
109	b2d7045a-bfb9-4aa2-88ed-fdfbac324e72	/quiz/4	2024-05-06 15:19:58.288204+09	2024-05-06 15:20:02.463537+09
110	b2d7045a-bfb9-4aa2-88ed-fdfbac324e72	/answer/13	2024-05-06 15:20:02.710173+09	2024-05-06 15:20:20.488517+09
111	b2d7045a-bfb9-4aa2-88ed-fdfbac324e72	/	2024-05-06 15:20:20.896051+09	\N
112	anon	/login	2024-05-06 15:20:52.894937+09	\N
113	b2d7045a-bfb9-4aa2-88ed-fdfbac324e72	/	2024-05-06 15:21:13.973181+09	2024-05-06 15:21:41.960246+09
114	anon	/login	2024-05-06 15:21:41.947487+09	2024-05-06 15:21:50.435285+09
115	d830dab9-31dc-4634-9045-d70e05b93d81	/	2024-05-06 15:21:50.74832+09	\N
116	d830dab9-31dc-4634-9045-d70e05b93d81	/	2024-05-06 15:22:53.614805+09	2024-05-06 15:22:56.486627+09
117	d830dab9-31dc-4634-9045-d70e05b93d81	/betterread/4	2024-05-06 15:22:57.124661+09	2024-05-06 15:23:07.171907+09
118	anon	/login	2024-05-06 15:23:07.158549+09	2024-05-06 15:23:17.915643+09
119	b2d7045a-bfb9-4aa2-88ed-fdfbac324e72	/	2024-05-06 15:23:18.227489+09	\N
123	anon	/login	2024-05-06 15:36:37.413998+09	2024-05-06 15:36:47.085431+09
120	b2d7045a-bfb9-4aa2-88ed-fdfbac324e72	/	2024-05-06 15:23:38.158321+09	2024-05-06 15:23:39.882639+09
121	b2d7045a-bfb9-4aa2-88ed-fdfbac324e72	/betterread/5	2024-05-06 15:23:40.193856+09	2024-05-06 15:24:41.170836+09
122	b2d7045a-bfb9-4aa2-88ed-fdfbac324e72	/	2024-05-06 15:24:41.175601+09	\N
124	d830dab9-31dc-4634-9045-d70e05b93d81	/	2024-05-06 15:36:47.039415+09	2024-05-06 15:36:53.036679+09
125	d830dab9-31dc-4634-9045-d70e05b93d81	/quiz/3	2024-05-06 15:36:53.031505+09	2024-05-06 15:36:58.351854+09
126	d830dab9-31dc-4634-9045-d70e05b93d81	/answer/14	2024-05-06 15:36:58.678846+09	2024-05-06 15:37:00.009869+09
127	d830dab9-31dc-4634-9045-d70e05b93d81	/	2024-05-06 15:37:00.475727+09	\N
129	b2d7045a-bfb9-4aa2-88ed-fdfbac324e72	/login	2024-05-06 22:56:20.993585+09	2024-05-06 22:57:34.417851+09
128	anon	/login	2024-05-06 22:54:44.143317+09	2024-05-06 22:56:21.01112+09
130	b2d7045a-bfb9-4aa2-88ed-fdfbac324e72	/quiz/4	2024-05-06 22:57:34.513673+09	2024-05-06 23:00:32.453626+09
131	b2d7045a-bfb9-4aa2-88ed-fdfbac324e72	/answer/15	2024-05-06 23:00:32.564093+09	2024-05-06 23:01:05.92269+09
132	b2d7045a-bfb9-4aa2-88ed-fdfbac324e72	/	2024-05-06 23:01:07.618058+09	\N
133	anon	/login	2024-05-06 23:09:52.138383+09	\N
134	anon	/login	2024-05-06 23:09:54.995704+09	2024-05-06 23:10:22.12817+09
135	d830dab9-31dc-4634-9045-d70e05b93d81	/login	2024-05-06 23:10:22.01859+09	2024-05-06 23:10:28.233431+09
136	d830dab9-31dc-4634-9045-d70e05b93d81	/article/4	2024-05-06 23:10:28.155274+09	2024-05-06 23:10:31.084418+09
137	d830dab9-31dc-4634-9045-d70e05b93d81	/login	2024-05-06 23:10:31.103211+09	2024-05-06 23:10:32.946504+09
138	d830dab9-31dc-4634-9045-d70e05b93d81	/quiz/3	2024-05-06 23:10:33.031397+09	2024-05-06 23:16:18.047765+09
139	d830dab9-31dc-4634-9045-d70e05b93d81	/answer/16	2024-05-06 23:16:18.225936+09	2024-05-06 23:18:01.64432+09
140	d830dab9-31dc-4634-9045-d70e05b93d81	/	2024-05-06 23:18:02.326396+09	2024-05-06 23:18:04.371024+09
141	d830dab9-31dc-4634-9045-d70e05b93d81	/quiz/3	2024-05-06 23:18:05.177946+09	2024-05-06 23:23:23.681622+09
142	d830dab9-31dc-4634-9045-d70e05b93d81	/answer/17	2024-05-06 23:23:23.864085+09	\N
143	anon	/login	2024-05-07 08:02:50.973241+09	\N
144	anon	/login	2024-05-07 08:04:05.847239+09	\N
145	anon	/login	2024-05-07 08:06:18.001023+09	\N
146	anon	/login	2024-05-07 08:06:18.349435+09	\N
147	b2d7045a-bfb9-4aa2-88ed-fdfbac324e72	/	2024-05-08 20:31:39.812101+09	2024-05-08 20:47:10.271574+09
148	b2d7045a-bfb9-4aa2-88ed-fdfbac324e72	/workout/7	2024-05-08 20:47:11.599197+09	\N
149	b2d7045a-bfb9-4aa2-88ed-fdfbac324e72	/workout/7	2024-05-08 21:30:35.193676+09	\N
150	anon	/login	2024-05-08 21:31:06.668685+09	2024-05-08 21:31:21.612681+09
151	b2d7045a-bfb9-4aa2-88ed-fdfbac324e72	/login	2024-05-08 21:31:21.602245+09	2024-05-08 21:31:30.940174+09
152	b2d7045a-bfb9-4aa2-88ed-fdfbac324e72	/workout/7	2024-05-08 21:31:30.958909+09	\N
154	b2d7045a-bfb9-4aa2-88ed-fdfbac324e72	/workout/7	2024-05-08 21:35:44.558407+09	2024-05-08 21:37:35.13705+09
153	b2d7045a-bfb9-4aa2-88ed-fdfbac324e72	/workout/7	2024-05-08 21:34:09.928622+09	2024-05-08 21:37:41.180264+09
156	b2d7045a-bfb9-4aa2-88ed-fdfbac324e72	/	2024-05-08 21:37:41.089101+09	2024-05-08 21:37:44.399091+09
157	b2d7045a-bfb9-4aa2-88ed-fdfbac324e72	/workout/8	2024-05-08 21:37:50.155787+09	2024-05-08 21:38:12.665255+09
159	b2d7045a-bfb9-4aa2-88ed-fdfbac324e72	/workout/8	2024-05-08 21:38:13.397185+09	\N
158	b2d7045a-bfb9-4aa2-88ed-fdfbac324e72	/	2024-05-08 21:38:12.685957+09	2024-05-08 21:38:13.479009+09
155	b2d7045a-bfb9-4aa2-88ed-fdfbac324e72	/	2024-05-08 21:37:35.403041+09	2024-05-08 21:39:01.338916+09
160	b2d7045a-bfb9-4aa2-88ed-fdfbac324e72	/workout/8	2024-05-08 21:39:05.888943+09	\N
161	b2d7045a-bfb9-4aa2-88ed-fdfbac324e72	/workout/8	2024-05-08 21:40:18.160615+09	2024-05-08 21:41:32.336204+09
162	b2d7045a-bfb9-4aa2-88ed-fdfbac324e72	/	2024-05-08 21:41:34.122388+09	2024-05-08 21:41:37.478476+09
163	b2d7045a-bfb9-4aa2-88ed-fdfbac324e72	/betterread/5	2024-05-08 21:41:38.294088+09	\N
164	anon	/login	2024-05-08 22:09:26.924243+09	2024-05-08 22:09:36.550305+09
165	b2d7045a-bfb9-4aa2-88ed-fdfbac324e72	/login	2024-05-08 22:09:36.465882+09	2024-05-08 22:09:39.168611+09
167	b2d7045a-bfb9-4aa2-88ed-fdfbac324e72	/	2024-05-08 22:16:50.475695+09	\N
166	b2d7045a-bfb9-4aa2-88ed-fdfbac324e72	/betterread/5	2024-05-08 22:09:39.157613+09	2024-05-08 22:16:50.490423+09
168	b2d7045a-bfb9-4aa2-88ed-fdfbac324e72	/betterread/5	2024-05-08 22:18:52.284961+09	\N
169	b2d7045a-bfb9-4aa2-88ed-fdfbac324e72	/betterread/5	2024-05-08 22:20:38.540833+09	\N
170	d830dab9-31dc-4634-9045-d70e05b93d81	/	2024-05-08 23:31:18.300748+09	2024-05-08 23:31:37.472584+09
171	d830dab9-31dc-4634-9045-d70e05b93d81	/betterread/4	2024-05-08 23:31:37.918466+09	2024-05-09 00:05:41.205225+09
172	d830dab9-31dc-4634-9045-d70e05b93d81	/	2024-05-09 00:05:41.213756+09	2024-05-09 00:05:52.33626+09
173	d830dab9-31dc-4634-9045-d70e05b93d81	/article/4	2024-05-09 00:05:53.720099+09	2024-05-09 00:14:15.166946+09
174	d830dab9-31dc-4634-9045-d70e05b93d81	/	2024-05-09 00:14:14.99734+09	2024-05-09 00:14:16.473647+09
175	d830dab9-31dc-4634-9045-d70e05b93d81	/workout/5	2024-05-09 00:14:17.697109+09	2024-05-09 00:16:09.723412+09
176	d830dab9-31dc-4634-9045-d70e05b93d81	/	2024-05-09 00:16:10.001391+09	2024-05-09 00:17:35.498657+09
177	d830dab9-31dc-4634-9045-d70e05b93d81	/workout/6	2024-05-09 00:17:36.154546+09	2024-05-09 00:31:52.201357+09
178	d830dab9-31dc-4634-9045-d70e05b93d81	/	2024-05-09 00:31:52.406663+09	2024-05-09 00:32:01.461313+09
179	d830dab9-31dc-4634-9045-d70e05b93d81	/betterread/4	2024-05-09 00:32:01.861739+09	\N
180	anon	/login	2024-05-09 08:00:32.137487+09	2024-05-09 08:00:44.011686+09
181	d830dab9-31dc-4634-9045-d70e05b93d81	/login	2024-05-09 08:00:43.967172+09	2024-05-09 08:01:30.699319+09
182	d830dab9-31dc-4634-9045-d70e05b93d81	/betterread/4	2024-05-09 08:01:30.730261+09	2024-05-09 08:02:31.929174+09
183	anon	/login	2024-05-09 08:02:31.922808+09	2024-05-09 08:02:40.704611+09
184	b2d7045a-bfb9-4aa2-88ed-fdfbac324e72	/	2024-05-09 08:02:40.989602+09	2024-05-09 08:03:28.998406+09
185	b2d7045a-bfb9-4aa2-88ed-fdfbac324e72	/betterread/5	2024-05-09 08:03:29.648668+09	\N
186	anon	/login	2024-05-09 12:45:51.861579+09	2024-05-09 12:46:17.0382+09
187	d830dab9-31dc-4634-9045-d70e05b93d81	/login	2024-05-09 12:46:17.009993+09	2024-05-09 12:46:57.502793+09
189	anon	/login	2024-05-09 12:47:00.30848+09	\N
188	d830dab9-31dc-4634-9045-d70e05b93d81	/	2024-05-09 12:46:57.502798+09	2024-05-09 12:47:00.38265+09
191	d830dab9-31dc-4634-9045-d70e05b93d81	/	2024-05-09 18:05:36.704914+09	\N
190	anon	/login	2024-05-09 18:05:27.872649+09	2024-05-09 18:05:36.74846+09
192	d830dab9-31dc-4634-9045-d70e05b93d81	/	2024-05-09 18:05:50.856921+09	\N
194	b2d7045a-bfb9-4aa2-88ed-fdfbac324e72	/login	2024-05-09 18:06:13.200917+09	\N
193	anon	/login	2024-05-09 18:06:04.057099+09	2024-05-09 18:06:13.276601+09
195	anon	/login	2024-05-09 18:14:48.516849+09	2024-05-09 18:15:01.697465+09
198	b2d7045a-bfb9-4aa2-88ed-fdfbac324e72	/login	2024-05-09 18:15:18.386359+09	\N
197	anon	/login	2024-05-09 18:15:10.063055+09	2024-05-09 18:15:18.417851+09
196	d830dab9-31dc-4634-9045-d70e05b93d81	/login	2024-05-09 18:15:01.68449+09	2024-05-09 18:18:33.451865+09
199	d830dab9-31dc-4634-9045-d70e05b93d81	/betterread/4	2024-05-09 18:18:33.4569+09	\N
200	d830dab9-31dc-4634-9045-d70e05b93d81	/	2024-05-09 18:20:04.982819+09	\N
201	b2d7045a-bfb9-4aa2-88ed-fdfbac324e72	/betterread/5	2024-05-09 18:20:23.459712+09	2024-05-09 18:20:32.471011+09
202	b2d7045a-bfb9-4aa2-88ed-fdfbac324e72	/	2024-05-09 18:20:32.809685+09	\N
203	anon	/login	2024-05-09 18:20:44.570281+09	2024-05-09 18:20:53.868894+09
204	d830dab9-31dc-4634-9045-d70e05b93d81	/	2024-05-09 18:20:53.821088+09	2024-05-09 18:23:21.299921+09
205	d830dab9-31dc-4634-9045-d70e05b93d81	/article/4	2024-05-09 18:23:21.307688+09	2024-05-09 18:24:07.971621+09
206	d830dab9-31dc-4634-9045-d70e05b93d81	/	2024-05-09 18:24:07.971512+09	2024-05-09 18:24:18.137718+09
208	d830dab9-31dc-4634-9045-d70e05b93d81	/	2024-05-09 18:24:21.254296+09	\N
207	d830dab9-31dc-4634-9045-d70e05b93d81	/article/4	2024-05-09 18:24:18.140786+09	2024-05-09 18:24:21.274568+09
210	b2d7045a-bfb9-4aa2-88ed-fdfbac324e72	/login	2024-05-09 18:32:53.87778+09	\N
209	anon	/login	2024-05-09 18:32:17.616401+09	2024-05-09 18:32:53.910798+09
212	d830dab9-31dc-4634-9045-d70e05b93d81	/login	2024-05-09 18:43:09.41501+09	\N
211	anon	/login	2024-05-09 18:39:14.8104+09	2024-05-09 18:43:09.42854+09
214	d830dab9-31dc-4634-9045-d70e05b93d81	/login	2024-05-09 18:53:04.339962+09	\N
213	anon	/login	2024-05-09 18:52:46.620999+09	2024-05-09 18:53:04.742592+09
215	anon	/login	2024-05-09 18:53:49.049168+09	2024-05-09 18:54:48.98821+09
217	b2d7045a-bfb9-4aa2-88ed-fdfbac324e72	/	2024-05-09 18:55:22.670632+09	\N
216	d830dab9-31dc-4634-9045-d70e05b93d81	/login	2024-05-09 18:54:48.397009+09	2024-05-09 19:24:30.671575+09
219	anon	/login	2024-05-09 19:01:53.025072+09	\N
220	b2d7045a-bfb9-4aa2-88ed-fdfbac324e72	/	2024-05-09 19:01:55.050511+09	\N
221	b2d7045a-bfb9-4aa2-88ed-fdfbac324e72	/	2024-05-09 19:02:34.271024+09	\N
218	d830dab9-31dc-4634-9045-d70e05b93d81	/	2024-05-09 18:56:11.232582+09	2024-05-09 19:02:46.59371+09
222	d830dab9-31dc-4634-9045-d70e05b93d81	/workout/5	2024-05-09 19:02:47.446015+09	2024-05-09 19:22:43.364439+09
223	d830dab9-31dc-4634-9045-d70e05b93d81	/	2024-05-09 19:22:43.532576+09	\N
224	d830dab9-31dc-4634-9045-d70e05b93d81	/betterread/4	2024-05-09 19:24:30.755289+09	\N
225	b2d7045a-bfb9-4aa2-88ed-fdfbac324e72	/	2024-05-09 19:24:33.351028+09	\N
226	b2d7045a-bfb9-4aa2-88ed-fdfbac324e72	/	2024-05-09 19:34:37.52276+09	\N
228	d830dab9-31dc-4634-9045-d70e05b93d81	/betterread/4	2024-05-09 19:34:52.208912+09	\N
229	d830dab9-31dc-4634-9045-d70e05b93d81	/betterread/4	2024-05-09 19:36:35.027966+09	2024-05-09 19:36:41.329807+09
230	d830dab9-31dc-4634-9045-d70e05b93d81	/	2024-05-09 19:36:41.893664+09	\N
231	d830dab9-31dc-4634-9045-d70e05b93d81	/	2024-05-09 19:37:08.63451+09	2024-05-09 19:37:12.633123+09
232	d830dab9-31dc-4634-9045-d70e05b93d81	/betterread/4	2024-05-09 19:37:13.158945+09	\N
233	d830dab9-31dc-4634-9045-d70e05b93d81	/	2024-05-09 19:41:37.519852+09	\N
227	b2d7045a-bfb9-4aa2-88ed-fdfbac324e72	/	2024-05-09 19:34:42.873506+09	2024-05-09 19:41:48.226931+09
234	b2d7045a-bfb9-4aa2-88ed-fdfbac324e72	/betterread/5	2024-05-09 19:41:48.627406+09	\N
235	anon	/login	2024-05-10 09:26:30.298728+09	\N
236	d830dab9-31dc-4634-9045-d70e05b93d81	/	2024-05-10 12:53:43.42171+09	\N
238	d830dab9-31dc-4634-9045-d70e05b93d81	/login	2024-05-10 20:58:22.629772+09	\N
237	anon	/login	2024-05-10 20:58:14.121812+09	2024-05-10 20:58:22.68591+09
239	d830dab9-31dc-4634-9045-d70e05b93d81	/	2024-05-10 20:59:50.316552+09	\N
240	b2d7045a-bfb9-4aa2-88ed-fdfbac324e72	/	2024-05-10 22:51:09.558965+09	2024-05-10 22:51:15.08632+09
241	b2d7045a-bfb9-4aa2-88ed-fdfbac324e72	/article/5	2024-05-10 22:51:15.853849+09	\N
242	b2d7045a-bfb9-4aa2-88ed-fdfbac324e72	/article/5	2024-05-10 22:51:50.182686+09	2024-05-10 22:51:50.25789+09
243	b2d7045a-bfb9-4aa2-88ed-fdfbac324e72	/article/5	2024-05-10 23:29:37.005234+09	\N
244	b2d7045a-bfb9-4aa2-88ed-fdfbac324e72	/article/5	2024-05-10 23:30:11.071215+09	2024-05-10 23:30:12.016638+09
245	d830dab9-31dc-4634-9045-d70e05b93d81	/	2024-05-12 00:05:39.454193+09	2024-05-12 00:05:43.494796+09
246	d830dab9-31dc-4634-9045-d70e05b93d81	/article/4	2024-05-12 00:05:44.393669+09	2024-05-12 00:06:01.081096+09
247	d830dab9-31dc-4634-9045-d70e05b93d81	/article/4	2024-05-12 00:06:01.1461+09	2024-05-12 00:11:20.884759+09
248	d830dab9-31dc-4634-9045-d70e05b93d81	/	2024-05-12 00:11:20.801757+09	2024-05-12 00:11:23.191349+09
249	d830dab9-31dc-4634-9045-d70e05b93d81	/quiz/5	2024-05-12 00:11:23.205377+09	2024-05-12 00:15:07.312157+09
250	d830dab9-31dc-4634-9045-d70e05b93d81	/answer/18	2024-05-12 00:15:07.489782+09	2024-05-12 00:15:12.508048+09
251	d830dab9-31dc-4634-9045-d70e05b93d81	/	2024-05-12 00:15:13.24778+09	2024-05-12 00:15:16.045846+09
252	d830dab9-31dc-4634-9045-d70e05b93d81	/workout/5	2024-05-12 00:15:16.74887+09	2024-05-12 00:17:51.783775+09
253	d830dab9-31dc-4634-9045-d70e05b93d81	/	2024-05-12 00:17:52.080922+09	2024-05-12 00:17:54.912967+09
254	d830dab9-31dc-4634-9045-d70e05b93d81	/workout/6	2024-05-12 00:17:55.374584+09	2024-05-12 00:19:08.201727+09
255	d830dab9-31dc-4634-9045-d70e05b93d81	/	2024-05-12 00:19:08.276049+09	2024-05-12 00:19:09.996332+09
256	d830dab9-31dc-4634-9045-d70e05b93d81	/workout/6	2024-05-12 00:19:10.522683+09	2024-05-12 00:20:02.495872+09
257	d830dab9-31dc-4634-9045-d70e05b93d81	/	2024-05-12 00:20:03.487+09	2024-05-12 00:20:45.133942+09
258	d830dab9-31dc-4634-9045-d70e05b93d81	/workout/6	2024-05-12 00:20:45.621055+09	2024-05-12 00:38:31.347204+09
259	d830dab9-31dc-4634-9045-d70e05b93d81	/	2024-05-12 00:38:31.702808+09	2024-05-12 00:38:34.930528+09
260	d830dab9-31dc-4634-9045-d70e05b93d81	/workout/6	2024-05-12 00:38:35.467424+09	2024-05-12 00:43:30.021841+09
261	d830dab9-31dc-4634-9045-d70e05b93d81	/	2024-05-12 00:43:30.401698+09	2024-05-12 00:43:33.387897+09
262	d830dab9-31dc-4634-9045-d70e05b93d81	/workout/6	2024-05-12 00:43:33.89418+09	2024-05-12 00:45:17.156571+09
263	d830dab9-31dc-4634-9045-d70e05b93d81	/	2024-05-12 00:45:17.551852+09	\N
\.


--
-- Data for Name: pitches; Type: TABLE DATA; Schema: public; Owner: postgres
--

COPY public.pitches (id, "pitchStr", japanese) FROM stdin;
1		
\.


--
-- Data for Name: pitches_user; Type: TABLE DATA; Schema: public; Owner: postgres
--

COPY public.pitches_user (id, "pitchStr") FROM stdin;
1	
\.


--
-- Data for Name: record_params; Type: TABLE DATA; Schema: public; Owner: postgres
--

COPY public.record_params (id, title, "pitchStr", created_at) FROM stdin;
1			2024-05-02 14:46:30.631859+09
\.


--
-- Data for Name: records; Type: TABLE DATA; Schema: public; Owner: postgres
--

COPY public.records (id, path, title, "pitchStr", created_at) FROM stdin;
\.


--
-- Data for Name: remote_login_trigger; Type: TABLE DATA; Schema: public; Owner: postgres
--

COPY public.remote_login_trigger (id, updated_at) FROM stdin;
1	2024-05-04 21:02:55.017126+09
\.


--
-- Data for Name: sentences; Type: TABLE DATA; Schema: public; Owner: postgres
--

COPY public.sentences (id, line, "articleId", chinese, japanese, "pitchStr", original, created_at) FROM stdin;
9	0	2					2024-04-29 09:18:33.413942+09
10	1	2					2024-04-29 09:18:33.413942+09
11	2	2					2024-04-29 09:18:33.413942+09
12	3	2					2024-04-29 09:18:33.413942+09
13	4	2					2024-04-29 09:18:33.413942+09
14	5	2					2024-04-29 09:18:33.413942+09
15	6	2					2024-04-29 09:18:33.413942+09
16	7	2					2024-04-29 09:18:33.413942+09
17	8	2		BGM		BGM	2024-04-29 09:18:33.413942+09
18	0	3					2024-04-29 11:00:33.192924+09
19	1	3					2024-04-29 11:00:33.192924+09
20	2	3					2024-04-29 11:00:33.192924+09
21	3	3	,22 	22		22	2024-04-29 11:00:33.192924+09
22	4	3	,skechers				2024-04-29 11:00:33.192924+09
23	5	3	, 				2024-04-29 11:00:33.192924+09
24	6	3	, skechers,				2024-04-29 11:00:33.192924+09
25	7	3	,				2024-04-29 11:00:33.192924+09
33	0	5					2024-05-06 11:47:47.081918+09
34	1	5					2024-05-06 11:47:47.081918+09
35	2	5					2024-05-06 11:47:47.081918+09
36	3	5					2024-05-06 11:47:47.081918+09
37	4	5					2024-05-06 11:47:47.081918+09
38	5	5	PETPET	PETPET		PETPET	2024-05-06 11:47:47.081918+09
39	6	5	50	501		501	2024-05-06 11:47:47.081918+09
40	7	5					2024-05-06 11:47:47.081918+09
41	8	5					2024-05-06 11:47:47.081918+09
42	0	4					2024-05-06 14:29:13.422405+09
43	1	4					2024-05-06 14:29:13.422405+09
44	2	4	,				2024-05-06 14:29:13.422405+09
45	3	4	   	4		4	2024-05-06 14:29:13.422405+09
46	4	4					2024-05-06 14:29:13.422405+09
47	5	4					2024-05-06 14:29:13.422405+09
48	6	4				!	2024-05-06 14:29:13.422405+09
\.


--
-- Data for Name: speed_workout; Type: TABLE DATA; Schema: public; Owner: postgres
--

COPY public.speed_workout (id, "selectedId", "isRunning", "selectedItemId", "isOpen") FROM stdin;
2	8	f	\N	f
\.


--
-- Data for Name: todos; Type: TABLE DATA; Schema: public; Owner: postgres
--

COPY public.todos (id, created_at, title, completed, created_by) FROM stdin;
1	2024-01-24 17:21:46.561755+09	hello	f	f5fe9a30-1a26-4a97-83b0-4ef556038b79
4	2024-01-31 10:37:32.419605+09	chinese-pot	t	f5fe9a30-1a26-4a97-83b0-4ef556038b79
\.


--
-- Data for Name: users; Type: TABLE DATA; Schema: public; Owner: postgres
--

COPY public.users (uid, display, created_at) FROM stdin;
fb799d7d-b779-4c1c-a8fe-660f5c11d8b2		2024-04-16 14:52:41.426594+09
d830dab9-31dc-4634-9045-d70e05b93d81		2024-04-29 09:10:17.948952+09
b2d7045a-bfb9-4aa2-88ed-fdfbac324e72		2024-04-29 09:10:31.673188+09
594d9b95-665c-4a9e-9b61-cdac61c99883		2024-05-04 08:36:50.278854+09
\.


--
-- Data for Name: workout_items; Type: TABLE DATA; Schema: public; Owner: postgres
--

COPY public.workout_items (id, created_at, index, japanese, "pitchStr", chinese, "workoutId") FROM stdin;
67	2024-05-06 12:26:37.127526+09	0				7
68	2024-05-06 12:26:37.127526+09	1				7
69	2024-05-06 12:26:37.127526+09	2				7
70	2024-05-06 12:26:37.127526+09	3				7
71	2024-05-06 12:26:37.127526+09	4				7
72	2024-05-06 12:26:37.127526+09	5				7
49	2024-05-06 09:28:48.062656+09	0				5
50	2024-05-06 09:28:48.062656+09	1				5
51	2024-05-06 09:28:48.062656+09	2				5
52	2024-05-06 09:28:48.062656+09	3				5
53	2024-05-06 09:28:48.062656+09	4				5
54	2024-05-06 09:28:48.062656+09	5				5
61	2024-05-06 09:45:57.584482+09	0				6
62	2024-05-06 09:45:57.584482+09	1				6
63	2024-05-06 09:45:57.584482+09	2				6
64	2024-05-06 09:45:57.584482+09	3				6
65	2024-05-06 09:45:57.584482+09	4				6
66	2024-05-06 09:45:57.584482+09	5				6
73	2024-05-06 12:54:11.557499+09	0				8
74	2024-05-06 12:54:11.557499+09	1				8
75	2024-05-06 12:54:11.557499+09	2				8
76	2024-05-06 12:54:11.557499+09	3				8
77	2024-05-06 12:54:11.557499+09	4				8
78	2024-05-06 12:54:11.557499+09	5				8
\.


--
-- Data for Name: workout_record_rows; Type: TABLE DATA; Schema: public; Owner: postgres
--

COPY public.workout_record_rows (id, "workoutRecordId", index, "workoutItemId", created_at) FROM stdin;
139	18	0	52	2024-05-12 00:17:50.775623+09
140	18	1	53	2024-05-12 00:17:50.775623+09
141	18	2	50	2024-05-12 00:17:50.775623+09
142	18	3	49	2024-05-12 00:17:50.775623+09
143	18	4	54	2024-05-12 00:17:50.775623+09
144	18	5	51	2024-05-12 00:17:50.775623+09
145	18	6	49	2024-05-12 00:17:50.775623+09
146	18	7	50	2024-05-12 00:17:50.775623+09
147	18	8	52	2024-05-12 00:17:50.775623+09
148	18	9	53	2024-05-12 00:17:50.775623+09
149	18	10	54	2024-05-12 00:17:50.775623+09
150	18	11	51	2024-05-12 00:17:50.775623+09
175	21	0	66	2024-05-12 00:45:15.256616+09
176	21	1	64	2024-05-12 00:45:15.256616+09
177	21	2	65	2024-05-12 00:45:15.256616+09
178	21	3	61	2024-05-12 00:45:15.256616+09
179	21	4	63	2024-05-12 00:45:15.256616+09
180	21	5	62	2024-05-12 00:45:15.256616+09
181	21	6	64	2024-05-12 00:45:15.256616+09
182	21	7	61	2024-05-12 00:45:15.256616+09
183	21	8	66	2024-05-12 00:45:15.256616+09
184	21	9	65	2024-05-12 00:45:15.256616+09
185	21	10	62	2024-05-12 00:45:15.256616+09
186	21	11	63	2024-05-12 00:45:15.256616+09
\.


--
-- Data for Name: workout_records; Type: TABLE DATA; Schema: public; Owner: postgres
--

COPY public.workout_records (id, "workoutId", bpm, "audioPath", created_at) FROM stdin;
18	5	190	workout/5.mp3	2024-05-12 00:17:50.699095+09
21	6	183	workout/6.mp3	2024-05-12 00:45:15.190204+09
\.


--
-- Data for Name: workouts; Type: TABLE DATA; Schema: public; Owner: postgres
--

COPY public.workouts (id, uid, title, "isDev", created_at, "isReview", "targetBPM") FROM stdin;
8	b2d7045a-bfb9-4aa2-88ed-fdfbac324e72		f	2024-05-06 12:43:22.167011+09	t	160
7	b2d7045a-bfb9-4aa2-88ed-fdfbac324e72		f	2024-05-06 11:48:35.394722+09	t	160
6	d830dab9-31dc-4634-9045-d70e05b93d81		f	2024-05-06 09:37:29.282579+09	t	160
5	d830dab9-31dc-4634-9045-d70e05b93d81		f	2024-05-06 09:19:28.601258+09	t	160
\.


--
-- Data for Name: broadcasts; Type: TABLE DATA; Schema: realtime; Owner: supabase_realtime_admin
--

COPY realtime.broadcasts (id, channel_id, inserted_at, updated_at) FROM stdin;
\.


--
-- Data for Name: channels; Type: TABLE DATA; Schema: realtime; Owner: supabase_realtime_admin
--

COPY realtime.channels (id, name, inserted_at, updated_at) FROM stdin;
\.


--
-- Data for Name: presences; Type: TABLE DATA; Schema: realtime; Owner: supabase_realtime_admin
--

COPY realtime.presences (id, channel_id, inserted_at, updated_at) FROM stdin;
\.


--
-- Data for Name: schema_migrations; Type: TABLE DATA; Schema: realtime; Owner: supabase_admin
--

COPY realtime.schema_migrations (version, inserted_at) FROM stdin;
20211116024918	2024-04-11 07:53:49
20211116045059	2024-04-11 07:53:49
20211116050929	2024-04-11 07:53:50
20211116051442	2024-04-11 07:53:51
20211116212300	2024-04-11 07:53:52
20211116213355	2024-04-11 07:53:52
20211116213934	2024-04-11 07:53:53
20211116214523	2024-04-11 07:53:54
20211122062447	2024-04-11 07:53:55
20211124070109	2024-04-11 07:53:56
20211202204204	2024-04-11 07:53:56
20211202204605	2024-04-11 07:53:57
20211210212804	2024-04-11 07:53:59
20211228014915	2024-04-11 07:54:00
20220107221237	2024-04-11 07:54:01
20220228202821	2024-04-11 07:54:01
20220312004840	2024-04-11 07:54:02
20220603231003	2024-04-11 07:54:03
20220603232444	2024-04-11 07:54:04
20220615214548	2024-04-11 07:54:05
20220712093339	2024-04-11 07:54:05
20220908172859	2024-04-11 07:54:06
20220916233421	2024-04-11 07:54:07
20230119133233	2024-04-11 07:54:07
20230128025114	2024-04-11 07:54:08
20230128025212	2024-04-11 07:54:09
20230227211149	2024-04-11 07:54:10
20230228184745	2024-04-11 07:54:11
20230308225145	2024-04-11 07:54:11
20230328144023	2024-04-11 07:54:12
20231018144023	2024-04-11 07:54:13
20231204144023	2024-04-11 07:54:14
20231204144024	2024-04-11 07:54:15
20231204144025	2024-04-11 07:54:15
20240108234812	2024-04-11 07:54:16
20240109165339	2024-04-11 07:54:17
20240227174441	2024-04-11 07:54:18
20240311171622	2024-04-11 07:54:19
20240321100241	2024-04-11 07:54:20
20240401105812	2024-04-11 07:54:22
20240418121054	2024-04-20 06:49:46
\.


--
-- Data for Name: subscription; Type: TABLE DATA; Schema: realtime; Owner: supabase_admin
--

COPY realtime.subscription (id, subscription_id, entity, filters, claims, created_at) FROM stdin;
\.


--
-- Data for Name: buckets; Type: TABLE DATA; Schema: storage; Owner: supabase_storage_admin
--

COPY storage.buckets (id, name, owner, created_at, updated_at, public, avif_autodetection, file_size_limit, allowed_mime_types, owner_id) FROM stdin;
audio	audio	\N	2024-04-12 16:05:07.890543+09	2024-04-12 16:05:07.890543+09	f	f	\N	\N	\N
image	image	\N	2024-04-27 12:57:14.00382+09	2024-04-27 12:57:14.00382+09	f	f	\N	\N	\N
\.


--
-- Data for Name: migrations; Type: TABLE DATA; Schema: storage; Owner: supabase_storage_admin
--

COPY storage.migrations (id, name, hash, executed_at) FROM stdin;
0	create-migrations-table	e18db593bcde2aca2a408c4d1100f6abba2195df	2024-03-08 06:32:38.711236
1	initialmigration	6ab16121fbaa08bbd11b712d05f358f9b555d777	2024-03-08 06:32:38.779659
2	storage-schema	5c7968fd083fcea04050c1b7f6253c9771b99011	2024-03-08 06:32:38.847421
3	pathtoken-column	2cb1b0004b817b29d5b0a971af16bafeede4b70d	2024-03-08 06:32:38.926829
4	add-migrations-rls	427c5b63fe1c5937495d9c635c263ee7a5905058	2024-03-08 06:32:39.01275
5	add-size-functions	79e081a1455b63666c1294a440f8ad4b1e6a7f84	2024-03-08 06:32:39.084254
6	change-column-name-in-get-size	f93f62afdf6613ee5e7e815b30d02dc990201044	2024-03-08 06:32:39.151419
7	add-rls-to-buckets	e7e7f86adbc51049f341dfe8d30256c1abca17aa	2024-03-08 06:32:39.176767
8	add-public-to-buckets	fd670db39ed65f9d08b01db09d6202503ca2bab3	2024-03-08 06:32:39.252161
9	fix-search-function	3a0af29f42e35a4d101c259ed955b67e1bee6825	2024-03-08 06:32:39.319134
10	search-files-search-function	68dc14822daad0ffac3746a502234f486182ef6e	2024-03-08 06:32:39.344191
11	add-trigger-to-auto-update-updated_at-column	7425bdb14366d1739fa8a18c83100636d74dcaa2	2024-03-08 06:32:39.411158
12	add-automatic-avif-detection-flag	8e92e1266eb29518b6a4c5313ab8f29dd0d08df9	2024-03-08 06:32:39.479287
13	add-bucket-custom-limits	cce962054138135cd9a8c4bcd531598684b25e7d	2024-03-08 06:32:39.547848
14	use-bytes-for-max-size	941c41b346f9802b411f06f30e972ad4744dad27	2024-03-08 06:32:39.61929
15	add-can-insert-object-function	934146bc38ead475f4ef4b555c524ee5d66799e5	2024-03-08 06:32:39.661307
16	add-version	76debf38d3fd07dcfc747ca49096457d95b1221b	2024-03-08 06:32:39.736568
17	drop-owner-foreign-key	f1cbb288f1b7a4c1eb8c38504b80ae2a0153d101	2024-03-08 06:32:39.803109
18	add_owner_id_column_deprecate_owner	e7a511b379110b08e2f214be852c35414749fe66	2024-03-08 06:32:39.870867
19	alter-default-value-objects-id	02e5e22a78626187e00d173dc45f58fa66a4f043	2024-03-08 06:32:39.938904
20	list-objects-with-delimiter	cd694ae708e51ba82bf012bba00caf4f3b6393b7	2024-04-16 02:47:17.991185
21	s3-multipart-uploads	8c804d4a566c40cd1e4cc5b3725a664a9303657f	2024-04-16 02:47:18.073837
22	s3-multipart-uploads-big-ints	9737dc258d2397953c9953d9b86920b8be0cdb73	2024-04-16 02:47:18.17173
23	optimize-search-function	9d7e604cddc4b56a5422dc68c9313f4a1b6f132c	2024-04-16 02:47:18.264038
\.


--
-- Data for Name: objects; Type: TABLE DATA; Schema: storage; Owner: supabase_storage_admin
--

COPY storage.objects (id, bucket_id, name, owner, created_at, updated_at, last_accessed_at, metadata, version, owner_id) FROM stdin;
e6c2ef12-703b-4019-9c38-b916ecc8cc05	audio	assignments/2/0.mp3	b2d7045a-bfb9-4aa2-88ed-fdfbac324e72	2024-05-05 12:42:14.980075+09	2024-05-05 12:42:14.980075+09	2024-05-05 12:42:14.980075+09	{"eTag": "\\"3c11959bfd5018fd69b0c219d85042b2\\"", "size": 53678, "mimetype": "audio/mp4", "cacheControl": "max-age=3600", "lastModified": "2024-05-05T03:42:15.000Z", "contentLength": 53678, "httpStatusCode": 200}	81d00752-3c5d-4297-8432-364511ffe14d	b2d7045a-bfb9-4aa2-88ed-fdfbac324e72
162f2ba4-4d1d-4680-86fe-5f5eece17716	audio	.emptyFolderPlaceholder	\N	2024-04-12 16:05:53.72745+09	2024-04-12 16:05:53.72745+09	2024-04-12 16:05:53.72745+09	{"eTag": "\\"d41d8cd98f00b204e9800998ecf8427e\\"", "size": 0, "mimetype": "application/octet-stream", "cacheControl": "max-age=3600", "lastModified": "2024-04-12T07:05:54.000Z", "contentLength": 0, "httpStatusCode": 200}	464f0424-f6d6-4176-a689-76a17df86b98	\N
9926ff13-d8f8-43c5-a307-afa351fa8401	audio	assignments/2/1.mp3	b2d7045a-bfb9-4aa2-88ed-fdfbac324e72	2024-05-05 12:43:01.141862+09	2024-05-05 12:43:01.141862+09	2024-05-05 12:43:01.141862+09	{"eTag": "\\"cac0eab56df877fdacb63707d5644574\\"", "size": 148051, "mimetype": "audio/mp4", "cacheControl": "max-age=3600", "lastModified": "2024-05-05T03:43:01.000Z", "contentLength": 148051, "httpStatusCode": 200}	316c1dab-9bf8-49ee-9ccc-80fa6571ffa4	b2d7045a-bfb9-4aa2-88ed-fdfbac324e72
04851119-c9e2-4d56-9589-92f0e6dd6a17	audio	assignments/.emptyFolderPlaceholder	\N	2024-04-12 16:06:39.263156+09	2024-04-12 16:06:39.263156+09	2024-04-12 16:06:39.263156+09	{"eTag": "\\"d41d8cd98f00b204e9800998ecf8427e\\"", "size": 0, "mimetype": "application/octet-stream", "cacheControl": "max-age=3600", "lastModified": "2024-04-12T07:06:40.000Z", "contentLength": 0, "httpStatusCode": 200}	631530d0-265b-496c-b975-d3a7ce670088	\N
482a5b2d-5ca2-4857-bf59-4a62356f0b4c	audio	articles/.emptyFolderPlaceholder	\N	2024-04-12 16:07:10.077845+09	2024-04-12 16:07:10.077845+09	2024-04-12 16:07:10.077845+09	{"eTag": "\\"d41d8cd98f00b204e9800998ecf8427e\\"", "size": 0, "mimetype": "application/octet-stream", "cacheControl": "max-age=3600", "lastModified": "2024-04-12T07:07:11.000Z", "contentLength": 0, "httpStatusCode": 200}	af56fb03-a6e9-45f5-a87d-d1e9d4cb3cc4	\N
3c4888ce-d6af-4ee1-8df5-34242d8cfe1c	audio	articles/1.mp3	fb799d7d-b779-4c1c-a8fe-660f5c11d8b2	2024-04-16 14:59:01.543482+09	2024-04-16 14:59:01.543482+09	2024-04-16 14:59:01.543482+09	{"eTag": "\\"5bab696257e7750058de4888d6d2657d\\"", "size": 641566, "mimetype": "audio/mpeg", "cacheControl": "max-age=3600", "lastModified": "2024-04-16T05:59:02.000Z", "contentLength": 641566, "httpStatusCode": 200}	ce5a0d19-bb92-4a8e-9358-c1081d038c9a	fb799d7d-b779-4c1c-a8fe-660f5c11d8b2
2636d555-c7c1-4c49-994c-846941732178	audio	assignments/1/0.mp3	fb799d7d-b779-4c1c-a8fe-660f5c11d8b2	2024-04-16 15:01:08.566637+09	2024-04-16 15:01:08.566637+09	2024-04-16 15:01:08.566637+09	{"eTag": "\\"59804a1b2fc76e8d2516e035f76d1b23\\"", "size": 26396, "mimetype": "audio/webm", "cacheControl": "max-age=3600", "lastModified": "2024-04-16T06:01:09.000Z", "contentLength": 26396, "httpStatusCode": 200}	be8783bf-6346-4abb-ba66-3ce29d7bbc93	fb799d7d-b779-4c1c-a8fe-660f5c11d8b2
7753c7c8-3bd3-49f6-aeec-1f62855499b1	image	3/2.jpg	b2d7045a-bfb9-4aa2-88ed-fdfbac324e72	2024-05-01 22:28:01.854904+09	2024-05-01 22:28:01.854904+09	2024-05-01 22:28:01.854904+09	{"eTag": "\\"dd1128f65efb89226b5a0aca5bb78908\\"", "size": 1734086, "mimetype": "image/jpeg", "cacheControl": "max-age=3600", "lastModified": "2024-05-01T13:28:02.000Z", "contentLength": 1734086, "httpStatusCode": 200}	8060a99e-2a4b-45e5-bbe3-7f658e2325fc	b2d7045a-bfb9-4aa2-88ed-fdfbac324e72
5be7282b-845a-4a20-87c7-9a28383f4c6f	image	3/1.jpg	b2d7045a-bfb9-4aa2-88ed-fdfbac324e72	2024-05-01 22:28:23.237839+09	2024-05-01 22:28:23.237839+09	2024-05-01 22:28:23.237839+09	{"eTag": "\\"32352274c7afb3aeba42b8d387174437\\"", "size": 1721181, "mimetype": "image/jpeg", "cacheControl": "max-age=3600", "lastModified": "2024-05-01T13:28:23.000Z", "contentLength": 1721181, "httpStatusCode": 200}	efb775be-cff3-4826-b59c-af0e568357ea	b2d7045a-bfb9-4aa2-88ed-fdfbac324e72
1c394a27-3e65-4b3b-8d70-860763fee621	image	3/3.jpg	b2d7045a-bfb9-4aa2-88ed-fdfbac324e72	2024-05-01 22:29:16.453533+09	2024-05-01 22:29:16.453533+09	2024-05-01 22:29:16.453533+09	{"eTag": "\\"fcd61bd258ca961061f155a816edfc63\\"", "size": 1798729, "mimetype": "image/jpeg", "cacheControl": "max-age=3600", "lastModified": "2024-05-01T13:29:17.000Z", "contentLength": 1798729, "httpStatusCode": 200}	99cc3b62-de94-4e0b-8e2f-c1c5e704e883	b2d7045a-bfb9-4aa2-88ed-fdfbac324e72
cb57b1e8-407b-4c6e-a447-a7874528933e	image	3/4.jpg	b2d7045a-bfb9-4aa2-88ed-fdfbac324e72	2024-05-01 22:34:15.771844+09	2024-05-01 22:34:15.771844+09	2024-05-01 22:34:15.771844+09	{"eTag": "\\"d2aaab4672fca7116d0c433dc5752d61\\"", "size": 1706147, "mimetype": "image/jpeg", "cacheControl": "max-age=3600", "lastModified": "2024-05-01T13:34:16.000Z", "contentLength": 1706147, "httpStatusCode": 200}	89a58609-0c38-402a-8ac4-b69770270035	b2d7045a-bfb9-4aa2-88ed-fdfbac324e72
76299c4d-f619-4066-980d-ab89d236071f	image	3/5.jpg	b2d7045a-bfb9-4aa2-88ed-fdfbac324e72	2024-05-01 22:37:52.946125+09	2024-05-01 22:37:52.946125+09	2024-05-01 22:37:52.946125+09	{"eTag": "\\"4e5ba9540d886e6408965af47c73422c\\"", "size": 1914719, "mimetype": "image/jpeg", "cacheControl": "max-age=3600", "lastModified": "2024-05-01T13:37:53.000Z", "contentLength": 1914719, "httpStatusCode": 200}	7fa0c30c-1d16-4ba5-ad06-0b0a42702718	b2d7045a-bfb9-4aa2-88ed-fdfbac324e72
a2d8ce8c-87fd-4fc0-bcae-edfe5890f0d2	image	1/1.png	c049d5c9-66ba-4986-94f3-48c99d893457	2024-04-27 13:08:34.917512+09	2024-04-27 13:08:34.917512+09	2024-04-27 13:08:34.917512+09	{"eTag": "\\"aa23b122723393ae24d6e78964a37c2c\\"", "size": 70277, "mimetype": "image/png", "cacheControl": "max-age=3600", "lastModified": "2024-04-27T04:08:35.000Z", "contentLength": 70277, "httpStatusCode": 200}	c5a637ab-35f3-4e57-a28b-b8fc2fed270d	c049d5c9-66ba-4986-94f3-48c99d893457
88ba3574-96e2-446d-a365-28b4ee6f71e4	audio	articles/3.mp3	fb799d7d-b779-4c1c-a8fe-660f5c11d8b2	2024-04-29 11:32:03.479884+09	2024-04-29 11:32:03.479884+09	2024-04-29 11:32:03.479884+09	{"eTag": "\\"bc1fc0b9ccc7163c46651878e590e413\\"", "size": 703424, "mimetype": "audio/mpeg", "cacheControl": "max-age=3600", "lastModified": "2024-04-29T02:32:04.000Z", "contentLength": 703424, "httpStatusCode": 200}	0a06a009-895c-43d8-a43d-a80c6abff7bf	fb799d7d-b779-4c1c-a8fe-660f5c11d8b2
f25b6419-70fe-4465-8262-16822016f7e4	audio	articles/2.mp3	fb799d7d-b779-4c1c-a8fe-660f5c11d8b2	2024-04-29 12:17:42.696093+09	2024-04-29 12:17:42.696093+09	2024-04-29 12:17:42.696093+09	{"eTag": "\\"ecc2961714e1018f59add3d0c8c42e5f\\"", "size": 897775, "mimetype": "audio/mpeg", "cacheControl": "max-age=3600", "lastModified": "2024-04-29T03:17:43.000Z", "contentLength": 897775, "httpStatusCode": 200}	59df304f-921b-49c0-a06c-c2673ef5dc54	fb799d7d-b779-4c1c-a8fe-660f5c11d8b2
6cb32c0c-c0e6-467d-951e-1aa50de9c1ed	image	3/6.jpg	b2d7045a-bfb9-4aa2-88ed-fdfbac324e72	2024-05-01 22:44:40.891811+09	2024-05-01 22:44:40.891811+09	2024-05-01 22:44:40.891811+09	{"eTag": "\\"2777ac4060c0463cd183459a613ad12c\\"", "size": 2018693, "mimetype": "image/jpeg", "cacheControl": "max-age=3600", "lastModified": "2024-05-01T13:44:41.000Z", "contentLength": 2018693, "httpStatusCode": 200}	2f7a50ef-9dd6-4f15-8409-4a8af7db29d7	b2d7045a-bfb9-4aa2-88ed-fdfbac324e72
01013972-c754-4073-89b7-4b0cd637564a	audio	assignments/2/2.mp3	b2d7045a-bfb9-4aa2-88ed-fdfbac324e72	2024-05-05 12:43:35.06613+09	2024-05-05 12:43:35.06613+09	2024-05-05 12:43:35.06613+09	{"eTag": "\\"88e21285491214c17f4e9a7c0eb51d49\\"", "size": 166396, "mimetype": "audio/mp4", "cacheControl": "max-age=3600", "lastModified": "2024-05-05T03:43:35.000Z", "contentLength": 166396, "httpStatusCode": 200}	51b6f849-d261-4bd4-bc17-6910481e5379	b2d7045a-bfb9-4aa2-88ed-fdfbac324e72
4317a02d-d7e4-41d6-ac30-a0817920a4ff	audio	assignments/2/3.mp3	b2d7045a-bfb9-4aa2-88ed-fdfbac324e72	2024-05-05 12:45:19.377367+09	2024-05-05 12:45:19.377367+09	2024-05-05 12:45:19.377367+09	{"eTag": "\\"60ed31bddfa0423865adf94579d13008\\"", "size": 101613, "mimetype": "audio/mp4", "cacheControl": "max-age=3600", "lastModified": "2024-05-05T03:45:20.000Z", "contentLength": 101613, "httpStatusCode": 200}	8573285d-0738-41e9-90f0-0f079e0bc282	b2d7045a-bfb9-4aa2-88ed-fdfbac324e72
22279ac8-4c60-4829-8614-e3db976c7e7f	audio	assignments/2/4.mp3	b2d7045a-bfb9-4aa2-88ed-fdfbac324e72	2024-05-05 12:46:27.377024+09	2024-05-05 12:46:27.377024+09	2024-05-05 12:46:27.377024+09	{"eTag": "\\"899d7b192d1e435bc874560f7b6fc496\\"", "size": 160414, "mimetype": "audio/mp4", "cacheControl": "max-age=3600", "lastModified": "2024-05-05T03:46:28.000Z", "contentLength": 160414, "httpStatusCode": 200}	28a0816a-3e11-4d74-90f8-e3dc79a0afb5	b2d7045a-bfb9-4aa2-88ed-fdfbac324e72
64e2ea4c-8d2f-4373-bf98-2a940b46ffd0	audio	workout/1.mp3	b2d7045a-bfb9-4aa2-88ed-fdfbac324e72	2024-05-05 12:58:46.00634+09	2024-05-05 12:58:46.00634+09	2024-05-05 12:58:46.00634+09	{"eTag": "\\"82a770974b60a44dea0e8a279c4bfc09\\"", "size": 348778, "mimetype": "audio/mp4", "cacheControl": "max-age=3600", "lastModified": "2024-05-05T03:58:46.000Z", "contentLength": 348778, "httpStatusCode": 200}	ef8cc2dd-5f45-4b71-8ea7-40d3e6c957f5	b2d7045a-bfb9-4aa2-88ed-fdfbac324e72
1769bb9b-93f7-450c-9221-a576e469ece9	audio	articles/5.mp3	fb799d7d-b779-4c1c-a8fe-660f5c11d8b2	2024-05-06 14:48:37.962091+09	2024-05-06 14:48:37.962091+09	2024-05-06 14:48:37.962091+09	{"eTag": "\\"fdadcb9c334d5a4ca61e179c8ef8c16f\\"", "size": 1123891, "mimetype": "audio/mpeg", "cacheControl": "max-age=3600", "lastModified": "2024-05-06T05:48:38.000Z", "contentLength": 1123891, "httpStatusCode": 200}	5d6584fa-e70a-4b6f-8430-77a5f4376b46	fb799d7d-b779-4c1c-a8fe-660f5c11d8b2
4289fe80-eafc-455d-a677-34778b6ea96c	image	5/2.jpg	b2d7045a-bfb9-4aa2-88ed-fdfbac324e72	2024-05-08 22:10:27.507481+09	2024-05-08 22:10:27.507481+09	2024-05-08 22:10:27.507481+09	{"eTag": "\\"41d5ed1ff7b8c241f01105c15d297d3e\\"", "size": 2664671, "mimetype": "image/jpeg", "cacheControl": "max-age=3600", "lastModified": "2024-05-08T13:10:28.000Z", "contentLength": 2664671, "httpStatusCode": 200}	9423e2ac-1ada-4ca6-b4eb-34aeecc743bf	b2d7045a-bfb9-4aa2-88ed-fdfbac324e72
980de42d-0011-48a8-a2b5-4864b5b53bf3	image	5/3.jpg	b2d7045a-bfb9-4aa2-88ed-fdfbac324e72	2024-05-08 22:11:30.297263+09	2024-05-08 22:11:30.297263+09	2024-05-08 22:11:30.297263+09	{"eTag": "\\"22892cf46a090b62366d6946b4224b5c\\"", "size": 2471005, "mimetype": "image/jpeg", "cacheControl": "max-age=3600", "lastModified": "2024-05-08T13:11:31.000Z", "contentLength": 2471005, "httpStatusCode": 200}	547e9f99-f7f6-4fc7-90a3-480ab7a87839	b2d7045a-bfb9-4aa2-88ed-fdfbac324e72
b20e69d1-7518-4e50-b5aa-26bd18aa0393	audio	assignments/5/1.mp3	b2d7045a-bfb9-4aa2-88ed-fdfbac324e72	2024-05-10 23:30:08.7716+09	2024-05-10 23:30:08.7716+09	2024-05-10 23:30:08.7716+09	{"eTag": "\\"5e8fa18c90e8f184f1f05ae57f8e0743\\"", "size": 117665, "mimetype": "audio/mp4", "cacheControl": "max-age=3600", "lastModified": "2024-05-10T14:30:09.000Z", "contentLength": 117665, "httpStatusCode": 200}	22a116ed-7562-4810-b221-943c980e3022	b2d7045a-bfb9-4aa2-88ed-fdfbac324e72
ee5b3c5f-988a-4970-8829-1ebc2bcc6cf5	audio	assignments/5/2.mp3	b2d7045a-bfb9-4aa2-88ed-fdfbac324e72	2024-05-10 23:31:15.410597+09	2024-05-10 23:31:15.410597+09	2024-05-10 23:31:15.410597+09	{"eTag": "\\"d4460fab9b321ab317afc7337c5558da\\"", "size": 144267, "mimetype": "audio/mp4", "cacheControl": "max-age=3600", "lastModified": "2024-05-10T14:31:16.000Z", "contentLength": 144267, "httpStatusCode": 200}	a3b2dfe6-94da-4c03-815c-529ff2937145	b2d7045a-bfb9-4aa2-88ed-fdfbac324e72
3883247d-d4e8-4334-a4e7-2d527860442d	audio	assignments/5/3.mp3	b2d7045a-bfb9-4aa2-88ed-fdfbac324e72	2024-05-10 23:32:30.169562+09	2024-05-10 23:32:30.169562+09	2024-05-10 23:32:30.169562+09	{"eTag": "\\"ec5d37d7acdf26c797b433b4692aa4f9\\"", "size": 222751, "mimetype": "audio/mp4", "cacheControl": "max-age=3600", "lastModified": "2024-05-10T14:32:31.000Z", "contentLength": 222751, "httpStatusCode": 200}	e3d441e8-6817-4a44-9f66-ea88497582c1	b2d7045a-bfb9-4aa2-88ed-fdfbac324e72
e5e98c80-3afc-46af-a161-1aa4e2b9a151	audio	assignments/5/4.mp3	b2d7045a-bfb9-4aa2-88ed-fdfbac324e72	2024-05-10 23:34:27.641575+09	2024-05-10 23:34:27.641575+09	2024-05-10 23:34:27.641575+09	{"eTag": "\\"acb6b848aaf8a161ce1da085e18e9e23\\"", "size": 332667, "mimetype": "audio/mp4", "cacheControl": "max-age=3600", "lastModified": "2024-05-10T14:34:28.000Z", "contentLength": 332667, "httpStatusCode": 200}	6f83d251-1fa6-41d1-adfa-2ae118dfb9b7	b2d7045a-bfb9-4aa2-88ed-fdfbac324e72
7e8c3728-3ee9-4a83-b05c-cddb9082c760	audio	assignments/5/5.mp3	b2d7045a-bfb9-4aa2-88ed-fdfbac324e72	2024-05-10 23:35:35.100688+09	2024-05-10 23:35:35.100688+09	2024-05-10 23:35:35.100688+09	{"eTag": "\\"b167e74bb6c2bf201dd19d8475d2f35d\\"", "size": 189267, "mimetype": "audio/mp4", "cacheControl": "max-age=3600", "lastModified": "2024-05-10T14:35:35.000Z", "contentLength": 189267, "httpStatusCode": 200}	05402ed6-0b1b-421c-ac44-d81f0976008b	b2d7045a-bfb9-4aa2-88ed-fdfbac324e72
bb2de9e9-dcc8-4835-ba51-3e6479c06194	audio	assignments/5/6.mp3	b2d7045a-bfb9-4aa2-88ed-fdfbac324e72	2024-05-10 23:37:27.307002+09	2024-05-10 23:37:27.307002+09	2024-05-10 23:37:27.307002+09	{"eTag": "\\"13b47d8f021a7af44f16a01d62cb5cbd\\"", "size": 206945, "mimetype": "audio/mp4", "cacheControl": "max-age=3600", "lastModified": "2024-05-10T14:37:28.000Z", "contentLength": 206945, "httpStatusCode": 200}	af7ab0a4-a2d6-473d-afbd-83b04f2a3f5e	b2d7045a-bfb9-4aa2-88ed-fdfbac324e72
ad573b57-8403-40d7-8624-ee72c2921dc8	image	3/7.jpg	b2d7045a-bfb9-4aa2-88ed-fdfbac324e72	2024-05-01 22:46:58.817457+09	2024-05-01 22:46:58.817457+09	2024-05-01 22:46:58.817457+09	{"eTag": "\\"66441cc701b11296d198ebc830037dc2\\"", "size": 1670207, "mimetype": "image/jpeg", "cacheControl": "max-age=3600", "lastModified": "2024-05-01T13:46:59.000Z", "contentLength": 1670207, "httpStatusCode": 200}	316a879e-c312-4d4c-a8d6-8ec4d55388c7	b2d7045a-bfb9-4aa2-88ed-fdfbac324e72
a74240c7-e0b6-4c8d-80a3-bfa61cab6f4b	audio	assignments/2/5.mp3	b2d7045a-bfb9-4aa2-88ed-fdfbac324e72	2024-05-05 12:49:13.63935+09	2024-05-05 12:49:13.63935+09	2024-05-05 12:49:13.63935+09	{"eTag": "\\"c813b9eecda5c722676bd20b66ccd65c\\"", "size": 123426, "mimetype": "audio/mp4", "cacheControl": "max-age=3600", "lastModified": "2024-05-05T03:49:14.000Z", "contentLength": 123426, "httpStatusCode": 200}	6640bb44-c569-4874-8ddf-8189bbb45cd8	b2d7045a-bfb9-4aa2-88ed-fdfbac324e72
016d0cb7-e34a-4f03-8b19-1d3b63f80f67	audio	assignments/2/6.mp3	b2d7045a-bfb9-4aa2-88ed-fdfbac324e72	2024-05-05 12:50:16.330823+09	2024-05-05 12:50:16.330823+09	2024-05-05 12:50:16.330823+09	{"eTag": "\\"ebf9bb5555a4971600416f7b361a8635\\"", "size": 163590, "mimetype": "audio/mp4", "cacheControl": "max-age=3600", "lastModified": "2024-05-05T03:50:17.000Z", "contentLength": 163590, "httpStatusCode": 200}	ad2ddd25-b0ba-4e82-a265-f1604f6b6c0b	b2d7045a-bfb9-4aa2-88ed-fdfbac324e72
04f5dd9e-030e-4f35-ba4b-6e1ad54da5a5	audio	workout/2.mp3	b2d7045a-bfb9-4aa2-88ed-fdfbac324e72	2024-05-05 13:02:04.640749+09	2024-05-05 13:02:04.640749+09	2024-05-05 13:02:04.640749+09	{"eTag": "\\"25769734ebf70871299ad8fb0e58fdb9\\"", "size": 615526, "mimetype": "audio/mp4", "cacheControl": "max-age=3600", "lastModified": "2024-05-05T04:02:05.000Z", "contentLength": 615526, "httpStatusCode": 200}	ddd80ce6-5f4a-473a-8f3c-b92f974a0e03	b2d7045a-bfb9-4aa2-88ed-fdfbac324e72
04fcdf38-3ff4-42f3-8919-e121dd92f0b5	image	5/4.jpg	b2d7045a-bfb9-4aa2-88ed-fdfbac324e72	2024-05-08 22:14:27.663782+09	2024-05-08 22:14:27.663782+09	2024-05-08 22:14:27.663782+09	{"eTag": "\\"9e5ee6d0c0fcf0e61f71cbda59ff7588\\"", "size": 1856756, "mimetype": "image/jpeg", "cacheControl": "max-age=3600", "lastModified": "2024-05-08T13:14:28.000Z", "contentLength": 1856756, "httpStatusCode": 200}	875c875c-31ee-4d14-b561-8629a3b45f5b	b2d7045a-bfb9-4aa2-88ed-fdfbac324e72
e60f2d0f-9e7e-4312-bf07-8be6cdb8b5b9	image	5/5.jpg	b2d7045a-bfb9-4aa2-88ed-fdfbac324e72	2024-05-08 22:15:13.734305+09	2024-05-08 22:15:13.734305+09	2024-05-08 22:15:13.734305+09	{"eTag": "\\"cadf27d7874bfd6832c1ba94ece114e6\\"", "size": 2238634, "mimetype": "image/jpeg", "cacheControl": "max-age=3600", "lastModified": "2024-05-08T13:15:14.000Z", "contentLength": 2238634, "httpStatusCode": 200}	ea7ccdbb-7754-4b4f-9841-8845c6f99bd6	b2d7045a-bfb9-4aa2-88ed-fdfbac324e72
134cc3f5-0697-4edc-9450-fdaa5fd41ecc	image	5/1.jpg	b2d7045a-bfb9-4aa2-88ed-fdfbac324e72	2024-05-08 22:16:23.920399+09	2024-05-08 22:16:23.920399+09	2024-05-08 22:16:23.920399+09	{"eTag": "\\"7ad997144012aae229e6cf8a24af046e\\"", "size": 2938083, "mimetype": "image/jpeg", "cacheControl": "max-age=3600", "lastModified": "2024-05-08T13:16:24.000Z", "contentLength": 2938083, "httpStatusCode": 200}	8441c8e6-26ba-4103-92cc-1d599f6bb972	b2d7045a-bfb9-4aa2-88ed-fdfbac324e72
881603e6-111f-44ec-bdf1-169444b1bef7	audio	assignments/5/7.mp3	b2d7045a-bfb9-4aa2-88ed-fdfbac324e72	2024-05-10 23:38:17.786486+09	2024-05-10 23:38:17.786486+09	2024-05-10 23:38:17.786486+09	{"eTag": "\\"90e7baa53b5c426801a6226f23540177\\"", "size": 203846, "mimetype": "audio/mp4", "cacheControl": "max-age=3600", "lastModified": "2024-05-10T14:38:18.000Z", "contentLength": 203846, "httpStatusCode": 200}	3317e3fe-b91f-44a1-b5e0-9d46d058884f	b2d7045a-bfb9-4aa2-88ed-fdfbac324e72
f68465c7-db99-4743-9753-3f7fcbd6cd1b	audio	assignments/5/8.mp3	b2d7045a-bfb9-4aa2-88ed-fdfbac324e72	2024-05-10 23:39:06.033076+09	2024-05-10 23:39:06.033076+09	2024-05-10 23:39:06.033076+09	{"eTag": "\\"b87f6bd0e372b790ff003142ea5f83bd\\"", "size": 133241, "mimetype": "audio/mp4", "cacheControl": "max-age=3600", "lastModified": "2024-05-10T14:39:06.000Z", "contentLength": 133241, "httpStatusCode": 200}	f9ca64aa-acf0-414d-aa8f-2ab731235f3e	b2d7045a-bfb9-4aa2-88ed-fdfbac324e72
4b8812dd-8dcb-4ec2-9017-a30201c86f0b	audio	assignments/4/2.mp3	d830dab9-31dc-4634-9045-d70e05b93d81	2024-05-12 00:06:49.60557+09	2024-05-12 00:06:49.60557+09	2024-05-12 00:06:49.60557+09	{"eTag": "\\"637b8785dc46a797389f72752d66c37f\\"", "size": 110089, "mimetype": "audio/webm", "cacheControl": "max-age=3600", "lastModified": "2024-05-11T15:06:50.000Z", "contentLength": 110089, "httpStatusCode": 200}	ad69298e-6030-4492-9a96-b7d6c94ae7f4	d830dab9-31dc-4634-9045-d70e05b93d81
ea5fbb14-312a-417f-8fa2-3a868c6ebb7e	audio	assignments/4/3.mp3	d830dab9-31dc-4634-9045-d70e05b93d81	2024-05-12 00:08:14.475811+09	2024-05-12 00:08:14.475811+09	2024-05-12 00:08:14.475811+09	{"eTag": "\\"29adce07d7e5d0950e6ec5200de621ca\\"", "size": 211306, "mimetype": "audio/webm", "cacheControl": "max-age=3600", "lastModified": "2024-05-11T15:08:15.000Z", "contentLength": 211306, "httpStatusCode": 200}	f9a53c6d-4b9f-4679-8dff-4031a82adf77	d830dab9-31dc-4634-9045-d70e05b93d81
f2dbee98-cee8-46c4-96c1-e15805852593	audio	assignments/4/4.mp3	d830dab9-31dc-4634-9045-d70e05b93d81	2024-05-12 00:09:12.332893+09	2024-05-12 00:09:12.332893+09	2024-05-12 00:09:12.332893+09	{"eTag": "\\"12cdf99b8a40f94c4886d1fed5fb8a2b\\"", "size": 95690, "mimetype": "audio/webm", "cacheControl": "max-age=3600", "lastModified": "2024-05-11T15:09:13.000Z", "contentLength": 95690, "httpStatusCode": 200}	73ed18c4-7c35-44bc-84f4-f086bc7d42dd	d830dab9-31dc-4634-9045-d70e05b93d81
78272aad-dbc8-42c9-826e-571f003f5709	audio	assignments/4/5.mp3	d830dab9-31dc-4634-9045-d70e05b93d81	2024-05-12 00:10:07.62431+09	2024-05-12 00:10:07.62431+09	2024-05-12 00:10:07.62431+09	{"eTag": "\\"f99fd5065f40acb211eab4e187cefda0\\"", "size": 107366, "mimetype": "audio/webm", "cacheControl": "max-age=3600", "lastModified": "2024-05-11T15:10:08.000Z", "contentLength": 107366, "httpStatusCode": 200}	2d636ff8-fad3-4232-b8b1-639e9805fdd7	d830dab9-31dc-4634-9045-d70e05b93d81
34ff64ba-6a97-43f6-a204-4c91fdd75f53	audio	assignments/4/6.mp3	d830dab9-31dc-4634-9045-d70e05b93d81	2024-05-12 00:10:26.114622+09	2024-05-12 00:10:26.114622+09	2024-05-12 00:10:26.114622+09	{"eTag": "\\"4039c7a027af75e4c4a81229237efe0c\\"", "size": 59556, "mimetype": "audio/webm", "cacheControl": "max-age=3600", "lastModified": "2024-05-11T15:10:26.000Z", "contentLength": 59556, "httpStatusCode": 200}	aef3884b-51c1-4c98-8584-eb403a93d88b	d830dab9-31dc-4634-9045-d70e05b93d81
fa4063d0-9e8f-4ee2-92ad-8f0a48310342	audio	workout/5.mp3	d830dab9-31dc-4634-9045-d70e05b93d81	2024-05-12 00:17:48.825579+09	2024-05-12 00:17:48.825579+09	2024-05-12 00:17:48.825579+09	{"eTag": "\\"9af99c5657bf8be790e24af598604a1a\\"", "size": 245458, "mimetype": "audio/webm", "cacheControl": "max-age=3600", "lastModified": "2024-05-11T15:17:49.000Z", "contentLength": 245458, "httpStatusCode": 200}	018641b4-9648-4555-9456-89bfa0bbb819	d830dab9-31dc-4634-9045-d70e05b93d81
0568f874-47ec-4d28-a564-aa8bbbc9d40a	audio	assignments/2/7.mp3	b2d7045a-bfb9-4aa2-88ed-fdfbac324e72	2024-05-05 12:50:58.701234+09	2024-05-05 12:50:58.701234+09	2024-05-05 12:50:58.701234+09	{"eTag": "\\"b75a159d18c8d486cbe5ccb4140322b1\\"", "size": 158998, "mimetype": "audio/mp4", "cacheControl": "max-age=3600", "lastModified": "2024-05-05T03:50:59.000Z", "contentLength": 158998, "httpStatusCode": 200}	84507801-2676-4bff-96b3-82163699906d	b2d7045a-bfb9-4aa2-88ed-fdfbac324e72
dd611eb4-74a6-4cda-bebd-e8896e76f46d	image	2/1.jpg	d830dab9-31dc-4634-9045-d70e05b93d81	2024-05-01 23:21:21.247577+09	2024-05-01 23:21:21.247577+09	2024-05-01 23:21:21.247577+09	{"eTag": "\\"231859283392a967f5fed490b97e184c\\"", "size": 761478, "mimetype": "image/jpeg", "cacheControl": "max-age=3600", "lastModified": "2024-05-01T14:21:22.000Z", "contentLength": 761478, "httpStatusCode": 200}	6b511252-ef7b-42f3-b0f0-8796781ae415	d830dab9-31dc-4634-9045-d70e05b93d81
a669d693-64d3-4fab-be81-26d7787fc217	image	2/2.jpg	d830dab9-31dc-4634-9045-d70e05b93d81	2024-05-01 23:21:35.595459+09	2024-05-01 23:21:35.595459+09	2024-05-01 23:21:35.595459+09	{"eTag": "\\"347679ee723965d5b5a4118a6a81903e\\"", "size": 674910, "mimetype": "image/jpeg", "cacheControl": "max-age=3600", "lastModified": "2024-05-01T14:21:36.000Z", "contentLength": 674910, "httpStatusCode": 200}	0a3317cf-aecf-48f7-88e2-1af6a539e30a	d830dab9-31dc-4634-9045-d70e05b93d81
ac91938c-861f-42d9-bbb4-b265a2705518	image	2/3.jpg	d830dab9-31dc-4634-9045-d70e05b93d81	2024-05-01 23:21:51.708588+09	2024-05-01 23:21:51.708588+09	2024-05-01 23:21:51.708588+09	{"eTag": "\\"12f5d69e75dc18d082fdd1d7f171e3aa\\"", "size": 849776, "mimetype": "image/jpeg", "cacheControl": "max-age=3600", "lastModified": "2024-05-01T14:21:52.000Z", "contentLength": 849776, "httpStatusCode": 200}	56063b6e-58fe-42f8-afb4-a553070300bb	d830dab9-31dc-4634-9045-d70e05b93d81
bdcb499a-f305-4bd3-b64f-203a85550351	image	2/4.jpg	d830dab9-31dc-4634-9045-d70e05b93d81	2024-05-01 23:22:06.588067+09	2024-05-01 23:22:06.588067+09	2024-05-01 23:22:06.588067+09	{"eTag": "\\"0d4528191d62ba6fc1c01175e28c193d\\"", "size": 815690, "mimetype": "image/jpeg", "cacheControl": "max-age=3600", "lastModified": "2024-05-01T14:22:07.000Z", "contentLength": 815690, "httpStatusCode": 200}	268fed38-938f-444f-bc48-c9d7285830e3	d830dab9-31dc-4634-9045-d70e05b93d81
a9bb636d-10e9-4147-9547-2707081259c6	image	2/5.jpg	d830dab9-31dc-4634-9045-d70e05b93d81	2024-05-01 23:22:22.091459+09	2024-05-01 23:22:22.091459+09	2024-05-01 23:22:22.091459+09	{"eTag": "\\"d8a71a8ec79fa7e2c30997cf77a00266\\"", "size": 806912, "mimetype": "image/jpeg", "cacheControl": "max-age=3600", "lastModified": "2024-05-01T14:22:22.000Z", "contentLength": 806912, "httpStatusCode": 200}	1f9d3534-90ab-4d6f-beae-522d90fd0d4e	d830dab9-31dc-4634-9045-d70e05b93d81
b0e9bfd8-bd68-4aeb-8e38-8b9b9c2cb9f7	image	2/6.jpg	d830dab9-31dc-4634-9045-d70e05b93d81	2024-05-01 23:22:35.683396+09	2024-05-01 23:22:35.683396+09	2024-05-01 23:22:35.683396+09	{"eTag": "\\"1126dea47727069eacdef5fb19b74ffb\\"", "size": 901340, "mimetype": "image/jpeg", "cacheControl": "max-age=3600", "lastModified": "2024-05-01T14:22:36.000Z", "contentLength": 901340, "httpStatusCode": 200}	aa4c492c-06c6-4773-a1db-3a86a89a6fbe	d830dab9-31dc-4634-9045-d70e05b93d81
7cc6eb50-6872-4fc3-b7f3-5879ddb27c19	image	2/7.jpg	d830dab9-31dc-4634-9045-d70e05b93d81	2024-05-01 23:23:13.988982+09	2024-05-01 23:23:13.988982+09	2024-05-01 23:23:13.988982+09	{"eTag": "\\"6c49920c0bb5dbe05d23971d5afead66\\"", "size": 949862, "mimetype": "image/jpeg", "cacheControl": "max-age=3600", "lastModified": "2024-05-01T14:23:14.000Z", "contentLength": 949862, "httpStatusCode": 200}	6e36154f-1f56-4157-90ea-098b6e304be8	d830dab9-31dc-4634-9045-d70e05b93d81
1c1fd165-014f-4b0b-9e2a-f0eee3607988	image	2/8.jpg	d830dab9-31dc-4634-9045-d70e05b93d81	2024-05-01 23:23:32.006628+09	2024-05-01 23:23:32.006628+09	2024-05-01 23:23:32.006628+09	{"eTag": "\\"63e06918f0befb4764ff45d5446e185f\\"", "size": 876970, "mimetype": "image/jpeg", "cacheControl": "max-age=3600", "lastModified": "2024-05-01T14:23:32.000Z", "contentLength": 876970, "httpStatusCode": 200}	8e4dd039-7209-4f99-8f4d-2255906b8905	d830dab9-31dc-4634-9045-d70e05b93d81
52e17bfa-4871-4887-88e1-272020b20aca	audio	assignments/3/0.mp3	d830dab9-31dc-4634-9045-d70e05b93d81	2024-05-05 00:25:56.630977+09	2024-05-05 00:25:56.630977+09	2024-05-05 00:25:56.630977+09	{"eTag": "\\"0b3d04bc42c8fa898a68dc2a5f73a2a7\\"", "size": 37195, "mimetype": "audio/webm", "cacheControl": "max-age=3600", "lastModified": "2024-05-04T15:25:57.000Z", "contentLength": 37195, "httpStatusCode": 200}	43c3ec3a-8063-4628-bc81-a7ba84663a3f	d830dab9-31dc-4634-9045-d70e05b93d81
4a57b3d0-5797-4394-8d5d-689d91f1ee42	audio	assignments/3/1.mp3	d830dab9-31dc-4634-9045-d70e05b93d81	2024-05-05 00:26:21.438479+09	2024-05-05 00:26:21.438479+09	2024-05-05 00:26:21.438479+09	{"eTag": "\\"1652f63475996a6127e694988cfd2948\\"", "size": 76988, "mimetype": "audio/webm", "cacheControl": "max-age=3600", "lastModified": "2024-05-04T15:26:22.000Z", "contentLength": 76988, "httpStatusCode": 200}	4ff786e8-0ae5-4528-b569-cc61221c37e5	d830dab9-31dc-4634-9045-d70e05b93d81
0e0b512c-1486-43bb-9ba3-494fad44648c	audio	assignments/3/2.mp3	d830dab9-31dc-4634-9045-d70e05b93d81	2024-05-05 00:26:57.590228+09	2024-05-05 00:26:57.590228+09	2024-05-05 00:26:57.590228+09	{"eTag": "\\"73500a0380c3c6fefb72afba52de04eb\\"", "size": 120789, "mimetype": "audio/webm", "cacheControl": "max-age=3600", "lastModified": "2024-05-04T15:26:58.000Z", "contentLength": 120789, "httpStatusCode": 200}	022debcb-f4ac-4f57-98bd-016282b48927	d830dab9-31dc-4634-9045-d70e05b93d81
f256ef99-a7d5-4ad0-b7e8-27904c1d96f4	audio	assignments/3/3.mp3	d830dab9-31dc-4634-9045-d70e05b93d81	2024-05-05 00:27:53.070223+09	2024-05-05 00:27:53.070223+09	2024-05-05 00:27:53.070223+09	{"eTag": "\\"a97951fde6038e05d3237e8ebe22b4ea\\"", "size": 120782, "mimetype": "audio/webm", "cacheControl": "max-age=3600", "lastModified": "2024-05-04T15:27:53.000Z", "contentLength": 120782, "httpStatusCode": 200}	edb54198-cbb0-44e6-af27-2f0da32c4dfc	d830dab9-31dc-4634-9045-d70e05b93d81
71520dac-bee6-4703-b386-a68f59098108	audio	assignments/3/4.mp3	d830dab9-31dc-4634-9045-d70e05b93d81	2024-05-05 00:29:02.415194+09	2024-05-05 00:29:02.415194+09	2024-05-05 00:29:02.415194+09	{"eTag": "\\"e16137a28fb75c306d8f2c2f5a3edafa\\"", "size": 144081, "mimetype": "audio/webm", "cacheControl": "max-age=3600", "lastModified": "2024-05-04T15:29:03.000Z", "contentLength": 144081, "httpStatusCode": 200}	0b1c5d5f-c17a-404f-a0f7-d5811eb502dc	d830dab9-31dc-4634-9045-d70e05b93d81
50de713a-9c8b-4f87-83ca-5a03e1ed65a6	audio	assignments/3/5.mp3	d830dab9-31dc-4634-9045-d70e05b93d81	2024-05-05 00:30:51.113435+09	2024-05-05 00:30:51.113435+09	2024-05-05 00:30:51.113435+09	{"eTag": "\\"31ce15e7241ea34d957e317c51d3e040\\"", "size": 173227, "mimetype": "audio/webm", "cacheControl": "max-age=3600", "lastModified": "2024-05-04T15:30:52.000Z", "contentLength": 173227, "httpStatusCode": 200}	8906bdcf-0b7d-421d-ae8f-81e50e684208	d830dab9-31dc-4634-9045-d70e05b93d81
bf03378f-fdfe-4433-99d3-9a580a1b4458	audio	assignments/3/6.mp3	d830dab9-31dc-4634-9045-d70e05b93d81	2024-05-05 00:32:02.500237+09	2024-05-05 00:32:02.500237+09	2024-05-05 00:32:02.500237+09	{"eTag": "\\"0564943a9d3f0811a95e57e6a3be7859\\"", "size": 161587, "mimetype": "audio/webm", "cacheControl": "max-age=3600", "lastModified": "2024-05-04T15:32:03.000Z", "contentLength": 161587, "httpStatusCode": 200}	d475e425-cf81-49f9-9552-f41cdad979e5	d830dab9-31dc-4634-9045-d70e05b93d81
eef06305-5d41-4561-904f-a90d09dde328	audio	assignments/3/7.mp3	d830dab9-31dc-4634-9045-d70e05b93d81	2024-05-05 00:33:05.44124+09	2024-05-05 00:33:05.44124+09	2024-05-05 00:33:05.44124+09	{"eTag": "\\"2ef35f1e3081d005d3cb6e157285cfcd\\"", "size": 94476, "mimetype": "audio/webm", "cacheControl": "max-age=3600", "lastModified": "2024-05-04T15:33:06.000Z", "contentLength": 94476, "httpStatusCode": 200}	52377f26-5b0e-4306-b66c-71b33ac42745	d830dab9-31dc-4634-9045-d70e05b93d81
5cdcdf9a-dbc0-4bb4-921d-be1de88a6c81	audio	assignments/2/8.mp3	b2d7045a-bfb9-4aa2-88ed-fdfbac324e72	2024-05-05 12:51:54.592161+09	2024-05-05 12:51:54.592161+09	2024-05-05 12:51:54.592161+09	{"eTag": "\\"71144006b93e95d4c68ba173033e06d5\\"", "size": 156122, "mimetype": "audio/mp4", "cacheControl": "max-age=3600", "lastModified": "2024-05-05T03:51:55.000Z", "contentLength": 156122, "httpStatusCode": 200}	1262c4f6-e689-428b-b1d5-342a89bcedfb	b2d7045a-bfb9-4aa2-88ed-fdfbac324e72
9a5d0c71-e47c-4fb8-bf66-7867b4349631	audio	workout/3.mp3	d830dab9-31dc-4634-9045-d70e05b93d81	2024-05-05 00:39:20.344175+09	2024-05-05 00:39:56.966114+09	2024-05-05 00:39:20.344175+09	{"eTag": "\\"da4b376de49cea8ad60684a47cbd1cde\\"", "size": 361144, "mimetype": "audio/webm", "cacheControl": "max-age=3600", "lastModified": "2024-05-04T15:39:57.000Z", "contentLength": 361144, "httpStatusCode": 200}	7cdb6450-911e-4c09-9080-ab0bf7c31c2a	d830dab9-31dc-4634-9045-d70e05b93d81
b44f1b0b-e199-42c7-9c39-d6478e24ce7b	audio	articles/4.mp3	fb799d7d-b779-4c1c-a8fe-660f5c11d8b2	2024-05-06 14:38:10.352578+09	2024-05-06 14:38:10.352578+09	2024-05-06 14:38:10.352578+09	{"eTag": "\\"7af4600ffca9532f157b1660d47f576e\\"", "size": 523701, "mimetype": "audio/mpeg", "cacheControl": "max-age=3600", "lastModified": "2024-05-06T05:38:11.000Z", "contentLength": 523701, "httpStatusCode": 200}	1478a31a-aec6-410d-8cdd-931256fef781	fb799d7d-b779-4c1c-a8fe-660f5c11d8b2
b056a928-1124-4a07-af3b-20a1104ebb1b	audio	workout/4.mp3	d830dab9-31dc-4634-9045-d70e05b93d81	2024-05-05 00:43:43.637076+09	2024-05-05 00:44:46.648453+09	2024-05-05 00:43:43.637076+09	{"eTag": "\\"1dac90264a9ce5ebecad2846cba4cf59\\"", "size": 294011, "mimetype": "audio/webm", "cacheControl": "max-age=3600", "lastModified": "2024-05-04T15:44:47.000Z", "contentLength": 294011, "httpStatusCode": 200}	1e74252f-7262-470c-8612-bc0f9fc7378b	d830dab9-31dc-4634-9045-d70e05b93d81
115eecae-ffef-4660-9b45-19d7461a7088	image	4/1.jpg	d830dab9-31dc-4634-9045-d70e05b93d81	2024-05-09 00:03:19.455309+09	2024-05-09 00:03:19.455309+09	2024-05-09 00:03:19.455309+09	{"eTag": "\\"42b0a1d1ed0046dc125ea3257324a241\\"", "size": 850217, "mimetype": "image/jpeg", "cacheControl": "max-age=3600", "lastModified": "2024-05-08T15:03:20.000Z", "contentLength": 850217, "httpStatusCode": 200}	4f710eb3-6c12-41cb-93c3-88703fec3796	d830dab9-31dc-4634-9045-d70e05b93d81
185a588f-eb8a-4633-a2ee-bb54ffe5ea66	image	4/2.jpg	d830dab9-31dc-4634-9045-d70e05b93d81	2024-05-09 00:03:31.946652+09	2024-05-09 00:03:31.946652+09	2024-05-09 00:03:31.946652+09	{"eTag": "\\"c2a350b617b1175f11fb2459cfb82285\\"", "size": 689055, "mimetype": "image/jpeg", "cacheControl": "max-age=3600", "lastModified": "2024-05-08T15:03:32.000Z", "contentLength": 689055, "httpStatusCode": 200}	47f77a3e-1cf2-4c92-98a3-f36283c150f1	d830dab9-31dc-4634-9045-d70e05b93d81
ca2e44b6-96f8-482d-bdb6-b9f1264c63cf	image	4/3.jpg	d830dab9-31dc-4634-9045-d70e05b93d81	2024-05-09 00:03:52.309687+09	2024-05-09 00:03:52.309687+09	2024-05-09 00:03:52.309687+09	{"eTag": "\\"8165ddbd30ea774fa1af8968a2312ee1\\"", "size": 660743, "mimetype": "image/jpeg", "cacheControl": "max-age=3600", "lastModified": "2024-05-08T15:03:53.000Z", "contentLength": 660743, "httpStatusCode": 200}	3f188d29-488b-4975-b6f4-9d779abdaaa3	d830dab9-31dc-4634-9045-d70e05b93d81
8ac010e4-4934-4a96-a7c6-573c26825718	image	4/4.jpg	d830dab9-31dc-4634-9045-d70e05b93d81	2024-05-09 00:04:10.667258+09	2024-05-09 00:04:10.667258+09	2024-05-09 00:04:10.667258+09	{"eTag": "\\"28d07fac9120a86874c642bead2af046\\"", "size": 984243, "mimetype": "image/jpeg", "cacheControl": "max-age=3600", "lastModified": "2024-05-08T15:04:11.000Z", "contentLength": 984243, "httpStatusCode": 200}	3b1af6a0-82f0-444d-a4bd-5be5de5c9b2a	d830dab9-31dc-4634-9045-d70e05b93d81
e7ba10c6-bb09-4683-a0f8-d4cdee0f8d80	image	4/5.jpg	d830dab9-31dc-4634-9045-d70e05b93d81	2024-05-09 00:04:27.911469+09	2024-05-09 00:04:27.911469+09	2024-05-09 00:04:27.911469+09	{"eTag": "\\"e30bbbe1f8e1246373359f8e6fe03586\\"", "size": 948475, "mimetype": "image/jpeg", "cacheControl": "max-age=3600", "lastModified": "2024-05-08T15:04:28.000Z", "contentLength": 948475, "httpStatusCode": 200}	0c4c8403-7078-4075-bc7e-b262cc42f0d5	d830dab9-31dc-4634-9045-d70e05b93d81
192e5d4f-08fb-49df-adad-64fd99b0b31b	image	4/6.jpg	d830dab9-31dc-4634-9045-d70e05b93d81	2024-05-09 00:04:40.384704+09	2024-05-09 00:04:40.384704+09	2024-05-09 00:04:40.384704+09	{"eTag": "\\"396b1c5cbcd31b9c3da87e09f039eaae\\"", "size": 945343, "mimetype": "image/jpeg", "cacheControl": "max-age=3600", "lastModified": "2024-05-08T15:04:41.000Z", "contentLength": 945343, "httpStatusCode": 200}	321cf8c7-1c81-4e13-b822-82a77d7a6006	d830dab9-31dc-4634-9045-d70e05b93d81
a0d2464b-fe62-43e0-92fd-19174e2bd9a8	image	4/7.jpg	d830dab9-31dc-4634-9045-d70e05b93d81	2024-05-09 00:04:54.53533+09	2024-05-09 00:04:54.53533+09	2024-05-09 00:04:54.53533+09	{"eTag": "\\"482603d76c3615c2f9270cf546f29f90\\"", "size": 742990, "mimetype": "image/jpeg", "cacheControl": "max-age=3600", "lastModified": "2024-05-08T15:04:55.000Z", "contentLength": 742990, "httpStatusCode": 200}	4ea3b8b2-f889-4b01-9742-0e8bf5b570af	d830dab9-31dc-4634-9045-d70e05b93d81
0fdceef6-80d3-4194-bb07-c01806e7f24c	audio	assignments/5/0.mp3	b2d7045a-bfb9-4aa2-88ed-fdfbac324e72	2024-05-10 22:51:47.853896+09	2024-05-10 22:51:47.853896+09	2024-05-10 22:51:47.853896+09	{"eTag": "\\"d852c3ae47719e658eb8c40859d3a0f5\\"", "size": 73465, "mimetype": "audio/mp4", "cacheControl": "max-age=3600", "lastModified": "2024-05-10T13:51:48.000Z", "contentLength": 73465, "httpStatusCode": 200}	15f4f2ec-8d50-4320-8d75-79caa6cc500e	b2d7045a-bfb9-4aa2-88ed-fdfbac324e72
b7f5a0c4-af89-44e6-bd0d-1d082f3effe0	audio	assignments/4/0.mp3	d830dab9-31dc-4634-9045-d70e05b93d81	2024-05-12 00:05:59.11844+09	2024-05-12 00:05:59.11844+09	2024-05-12 00:05:59.11844+09	{"eTag": "\\"4028dce7cdeb180de84268f20edabe8e\\"", "size": 43021, "mimetype": "audio/webm", "cacheControl": "max-age=3600", "lastModified": "2024-05-11T15:05:59.000Z", "contentLength": 43021, "httpStatusCode": 200}	364c0cdd-dbfb-4147-ba12-d9fccba6336a	d830dab9-31dc-4634-9045-d70e05b93d81
247cfe5f-ae9b-43a2-a604-31184e1ff70a	audio	assignments/4/1.mp3	d830dab9-31dc-4634-9045-d70e05b93d81	2024-05-12 00:06:19.571739+09	2024-05-12 00:06:19.571739+09	2024-05-12 00:06:19.571739+09	{"eTag": "\\"527124374dbcdbb6a97432ba24a78ca2\\"", "size": 72305, "mimetype": "audio/webm", "cacheControl": "max-age=3600", "lastModified": "2024-05-11T15:06:20.000Z", "contentLength": 72305, "httpStatusCode": 200}	17435b52-ca85-4b4d-afb0-cebf5ee7b553	d830dab9-31dc-4634-9045-d70e05b93d81
f6fbfbdd-22e9-47c8-b65c-de67bb42ecf3	audio	workout/6.mp3	d830dab9-31dc-4634-9045-d70e05b93d81	2024-05-12 00:38:26.636416+09	2024-05-12 00:45:13.693168+09	2024-05-12 00:38:26.636416+09	{"eTag": "\\"672ae5f8b9c4ae9b1906ac41293dadc6\\"", "size": 393071, "mimetype": "audio/webm", "cacheControl": "max-age=3600", "lastModified": "2024-05-11T15:45:14.000Z", "contentLength": 393071, "httpStatusCode": 200}	d2729325-a870-455f-9543-788ee0239041	d830dab9-31dc-4634-9045-d70e05b93d81
\.


--
-- Data for Name: s3_multipart_uploads; Type: TABLE DATA; Schema: storage; Owner: supabase_storage_admin
--

COPY storage.s3_multipart_uploads (id, in_progress_size, upload_signature, bucket_id, key, version, owner_id, created_at) FROM stdin;
\.


--
-- Data for Name: s3_multipart_uploads_parts; Type: TABLE DATA; Schema: storage; Owner: supabase_storage_admin
--

COPY storage.s3_multipart_uploads_parts (id, upload_id, size, part_number, bucket_id, key, etag, owner_id, version, created_at) FROM stdin;
\.


--
-- Data for Name: schema_migrations; Type: TABLE DATA; Schema: supabase_migrations; Owner: postgres
--

COPY supabase_migrations.schema_migrations (version, statements, name) FROM stdin;
20240124085340	{"SET statement_timeout = 0","SET lock_timeout = 0","SET idle_in_transaction_session_timeout = 0","SET client_encoding = 'UTF8'","SET standard_conforming_strings = on","SELECT pg_catalog.set_config('search_path', '', false)","SET check_function_bodies = false","SET xmloption = content","SET client_min_messages = warning","SET row_security = off","CREATE EXTENSION IF NOT EXISTS \\"pgsodium\\" WITH SCHEMA \\"pgsodium\\"","CREATE SCHEMA IF NOT EXISTS \\"supabase_migrations\\"","ALTER SCHEMA \\"supabase_migrations\\" OWNER TO \\"postgres\\"","CREATE EXTENSION IF NOT EXISTS \\"pg_graphql\\" WITH SCHEMA \\"graphql\\"","CREATE EXTENSION IF NOT EXISTS \\"pg_stat_statements\\" WITH SCHEMA \\"extensions\\"","CREATE EXTENSION IF NOT EXISTS \\"pgcrypto\\" WITH SCHEMA \\"extensions\\"","CREATE EXTENSION IF NOT EXISTS \\"pgjwt\\" WITH SCHEMA \\"extensions\\"","CREATE EXTENSION IF NOT EXISTS \\"supabase_vault\\" WITH SCHEMA \\"vault\\"","CREATE EXTENSION IF NOT EXISTS \\"uuid-ossp\\" WITH SCHEMA \\"extensions\\"","SET default_tablespace = ''","SET default_table_access_method = \\"heap\\"","CREATE TABLE IF NOT EXISTS \\"public\\".\\"todos\\" (\n    \\"id\\" bigint NOT NULL,\n    \\"created_at\\" timestamp with time zone DEFAULT now() NOT NULL,\n    \\"title\\" text,\n    \\"completed\\" boolean DEFAULT false,\n    \\"created_by\\" uuid DEFAULT auth.uid()\n)","ALTER TABLE \\"public\\".\\"todos\\" OWNER TO \\"postgres\\"","ALTER TABLE \\"public\\".\\"todos\\" ALTER COLUMN \\"id\\" ADD GENERATED ALWAYS AS IDENTITY (\n    SEQUENCE NAME \\"public\\".\\"todos_id_seq\\"\n    START WITH 1\n    INCREMENT BY 1\n    NO MINVALUE\n    NO MAXVALUE\n    CACHE 1\n)","CREATE TABLE IF NOT EXISTS \\"supabase_migrations\\".\\"schema_migrations\\" (\n    \\"version\\" text NOT NULL,\n    \\"statements\\" text[],\n    \\"name\\" text\n)","ALTER TABLE \\"supabase_migrations\\".\\"schema_migrations\\" OWNER TO \\"postgres\\"","ALTER TABLE ONLY \\"supabase_migrations\\".\\"schema_migrations\\"\n    ADD CONSTRAINT \\"schema_migrations_pkey\\" PRIMARY KEY (\\"version\\")","GRANT USAGE ON SCHEMA \\"public\\" TO \\"postgres\\"","GRANT USAGE ON SCHEMA \\"public\\" TO \\"anon\\"","GRANT USAGE ON SCHEMA \\"public\\" TO \\"authenticated\\"","GRANT USAGE ON SCHEMA \\"public\\" TO \\"service_role\\"","GRANT ALL ON TABLE \\"public\\".\\"todos\\" TO \\"anon\\"","GRANT ALL ON TABLE \\"public\\".\\"todos\\" TO \\"authenticated\\"","GRANT ALL ON TABLE \\"public\\".\\"todos\\" TO \\"service_role\\"","GRANT ALL ON SEQUENCE \\"public\\".\\"todos_id_seq\\" TO \\"anon\\"","GRANT ALL ON SEQUENCE \\"public\\".\\"todos_id_seq\\" TO \\"authenticated\\"","GRANT ALL ON SEQUENCE \\"public\\".\\"todos_id_seq\\" TO \\"service_role\\"","ALTER DEFAULT PRIVILEGES FOR ROLE \\"postgres\\" IN SCHEMA \\"public\\" GRANT ALL ON SEQUENCES  TO \\"postgres\\"","ALTER DEFAULT PRIVILEGES FOR ROLE \\"postgres\\" IN SCHEMA \\"public\\" GRANT ALL ON SEQUENCES  TO \\"anon\\"","ALTER DEFAULT PRIVILEGES FOR ROLE \\"postgres\\" IN SCHEMA \\"public\\" GRANT ALL ON SEQUENCES  TO \\"authenticated\\"","ALTER DEFAULT PRIVILEGES FOR ROLE \\"postgres\\" IN SCHEMA \\"public\\" GRANT ALL ON SEQUENCES  TO \\"service_role\\"","ALTER DEFAULT PRIVILEGES FOR ROLE \\"postgres\\" IN SCHEMA \\"public\\" GRANT ALL ON FUNCTIONS  TO \\"postgres\\"","ALTER DEFAULT PRIVILEGES FOR ROLE \\"postgres\\" IN SCHEMA \\"public\\" GRANT ALL ON FUNCTIONS  TO \\"anon\\"","ALTER DEFAULT PRIVILEGES FOR ROLE \\"postgres\\" IN SCHEMA \\"public\\" GRANT ALL ON FUNCTIONS  TO \\"authenticated\\"","ALTER DEFAULT PRIVILEGES FOR ROLE \\"postgres\\" IN SCHEMA \\"public\\" GRANT ALL ON FUNCTIONS  TO \\"service_role\\"","ALTER DEFAULT PRIVILEGES FOR ROLE \\"postgres\\" IN SCHEMA \\"public\\" GRANT ALL ON TABLES  TO \\"postgres\\"","ALTER DEFAULT PRIVILEGES FOR ROLE \\"postgres\\" IN SCHEMA \\"public\\" GRANT ALL ON TABLES  TO \\"anon\\"","ALTER DEFAULT PRIVILEGES FOR ROLE \\"postgres\\" IN SCHEMA \\"public\\" GRANT ALL ON TABLES  TO \\"authenticated\\"","ALTER DEFAULT PRIVILEGES FOR ROLE \\"postgres\\" IN SCHEMA \\"public\\" GRANT ALL ON TABLES  TO \\"service_role\\"","RESET ALL"}	remote_schema
\.


--
-- Data for Name: secrets; Type: TABLE DATA; Schema: vault; Owner: supabase_admin
--

COPY vault.secrets (id, name, description, secret, key_id, nonce, created_at, updated_at) FROM stdin;
\.


--
-- Name: refresh_tokens_id_seq; Type: SEQUENCE SET; Schema: auth; Owner: supabase_auth_admin
--

SELECT pg_catalog.setval('auth.refresh_tokens_id_seq', 12, true);


--
-- Name: key_key_id_seq; Type: SEQUENCE SET; Schema: pgsodium; Owner: supabase_admin
--

SELECT pg_catalog.setval('pgsodium.key_key_id_seq', 1, false);


--
-- Name: article_marks_id_seq; Type: SEQUENCE SET; Schema: public; Owner: postgres
--

SELECT pg_catalog.setval('public.article_marks_id_seq', 41, true);


--
-- Name: article_pitch_questions_id_seq; Type: SEQUENCE SET; Schema: public; Owner: postgres
--

SELECT pg_catalog.setval('public.article_pitch_questions_id_seq', 40, true);


--
-- Name: article_pitch_quiz_answer_rows_id_seq; Type: SEQUENCE SET; Schema: public; Owner: postgres
--

SELECT pg_catalog.setval('public.article_pitch_quiz_answer_rows_id_seq', 143, true);


--
-- Name: article_pitch_quiz_answers_id_seq; Type: SEQUENCE SET; Schema: public; Owner: postgres
--

SELECT pg_catalog.setval('public.article_pitch_quiz_answers_id_seq', 18, true);


--
-- Name: article_pitch_quizzes_id_seq; Type: SEQUENCE SET; Schema: public; Owner: postgres
--

SELECT pg_catalog.setval('public.article_pitch_quizzes_id_seq', 5, true);


--
-- Name: article_recorded_assinments_id_seq; Type: SEQUENCE SET; Schema: public; Owner: postgres
--

SELECT pg_catalog.setval('public.article_recorded_assinments_id_seq', 35, true);


--
-- Name: articles_id_seq; Type: SEQUENCE SET; Schema: public; Owner: postgres
--

SELECT pg_catalog.setval('public.articles_id_seq', 5, true);


--
-- Name: betterread_id_seq; Type: SEQUENCE SET; Schema: public; Owner: postgres
--

SELECT pg_catalog.setval('public.betterread_id_seq', 5, true);


--
-- Name: betterread_image_paths_id_seq; Type: SEQUENCE SET; Schema: public; Owner: postgres
--

SELECT pg_catalog.setval('public.betterread_image_paths_id_seq', 36, true);


--
-- Name: canvas_id_seq; Type: SEQUENCE SET; Schema: public; Owner: postgres
--

SELECT pg_catalog.setval('public.canvas_id_seq', 1, true);


--
-- Name: note_audio_paths_id_seq; Type: SEQUENCE SET; Schema: public; Owner: postgres
--

SELECT pg_catalog.setval('public.note_audio_paths_id_seq', 2, true);


--
-- Name: note_id_seq; Type: SEQUENCE SET; Schema: public; Owner: postgres
--

SELECT pg_catalog.setval('public.note_id_seq', 1, true);


--
-- Name: paper_cup_params_id_seq; Type: SEQUENCE SET; Schema: public; Owner: postgres
--

SELECT pg_catalog.setval('public.paper_cup_params_id_seq', 1, true);


--
-- Name: pathname_logs_id_seq; Type: SEQUENCE SET; Schema: public; Owner: postgres
--

SELECT pg_catalog.setval('public.pathname_logs_id_seq', 263, true);


--
-- Name: pitches_id_seq; Type: SEQUENCE SET; Schema: public; Owner: postgres
--

SELECT pg_catalog.setval('public.pitches_id_seq', 1, true);


--
-- Name: pitches_user_id_seq; Type: SEQUENCE SET; Schema: public; Owner: postgres
--

SELECT pg_catalog.setval('public.pitches_user_id_seq', 1, true);


--
-- Name: record_params_id_seq; Type: SEQUENCE SET; Schema: public; Owner: postgres
--

SELECT pg_catalog.setval('public.record_params_id_seq', 1, true);


--
-- Name: records_id_seq; Type: SEQUENCE SET; Schema: public; Owner: postgres
--

SELECT pg_catalog.setval('public.records_id_seq', 2, true);


--
-- Name: remote_login_trigger_id_seq; Type: SEQUENCE SET; Schema: public; Owner: postgres
--

SELECT pg_catalog.setval('public.remote_login_trigger_id_seq', 1, true);


--
-- Name: sentences_id_seq; Type: SEQUENCE SET; Schema: public; Owner: postgres
--

SELECT pg_catalog.setval('public.sentences_id_seq', 48, true);


--
-- Name: speed_workout_id_seq; Type: SEQUENCE SET; Schema: public; Owner: postgres
--

SELECT pg_catalog.setval('public.speed_workout_id_seq', 2, true);


--
-- Name: todos_id_seq; Type: SEQUENCE SET; Schema: public; Owner: postgres
--

SELECT pg_catalog.setval('public.todos_id_seq', 4, true);


--
-- Name: workout_items_id_seq; Type: SEQUENCE SET; Schema: public; Owner: postgres
--

SELECT pg_catalog.setval('public.workout_items_id_seq', 78, true);


--
-- Name: workout_record_rows_id_seq; Type: SEQUENCE SET; Schema: public; Owner: postgres
--

SELECT pg_catalog.setval('public.workout_record_rows_id_seq', 186, true);


--
-- Name: workout_records_id_seq; Type: SEQUENCE SET; Schema: public; Owner: postgres
--

SELECT pg_catalog.setval('public.workout_records_id_seq', 21, true);


--
-- Name: workouts_id_seq; Type: SEQUENCE SET; Schema: public; Owner: postgres
--

SELECT pg_catalog.setval('public.workouts_id_seq', 8, true);


--
-- Name: broadcasts_id_seq; Type: SEQUENCE SET; Schema: realtime; Owner: supabase_realtime_admin
--

SELECT pg_catalog.setval('realtime.broadcasts_id_seq', 1, false);


--
-- Name: channels_id_seq; Type: SEQUENCE SET; Schema: realtime; Owner: supabase_realtime_admin
--

SELECT pg_catalog.setval('realtime.channels_id_seq', 1, false);


--
-- Name: presences_id_seq; Type: SEQUENCE SET; Schema: realtime; Owner: supabase_realtime_admin
--

SELECT pg_catalog.setval('realtime.presences_id_seq', 1, false);


--
-- Name: subscription_id_seq; Type: SEQUENCE SET; Schema: realtime; Owner: supabase_admin
--

SELECT pg_catalog.setval('realtime.subscription_id_seq', 2515, true);


--
-- Name: mfa_amr_claims amr_id_pk; Type: CONSTRAINT; Schema: auth; Owner: supabase_auth_admin
--

ALTER TABLE ONLY auth.mfa_amr_claims
    ADD CONSTRAINT amr_id_pk PRIMARY KEY (id);


--
-- Name: audit_log_entries audit_log_entries_pkey; Type: CONSTRAINT; Schema: auth; Owner: supabase_auth_admin
--

ALTER TABLE ONLY auth.audit_log_entries
    ADD CONSTRAINT audit_log_entries_pkey PRIMARY KEY (id);


--
-- Name: flow_state flow_state_pkey; Type: CONSTRAINT; Schema: auth; Owner: supabase_auth_admin
--

ALTER TABLE ONLY auth.flow_state
    ADD CONSTRAINT flow_state_pkey PRIMARY KEY (id);


--
-- Name: identities identities_pkey; Type: CONSTRAINT; Schema: auth; Owner: supabase_auth_admin
--

ALTER TABLE ONLY auth.identities
    ADD CONSTRAINT identities_pkey PRIMARY KEY (id);


--
-- Name: identities identities_provider_id_provider_unique; Type: CONSTRAINT; Schema: auth; Owner: supabase_auth_admin
--

ALTER TABLE ONLY auth.identities
    ADD CONSTRAINT identities_provider_id_provider_unique UNIQUE (provider_id, provider);


--
-- Name: instances instances_pkey; Type: CONSTRAINT; Schema: auth; Owner: supabase_auth_admin
--

ALTER TABLE ONLY auth.instances
    ADD CONSTRAINT instances_pkey PRIMARY KEY (id);


--
-- Name: mfa_amr_claims mfa_amr_claims_session_id_authentication_method_pkey; Type: CONSTRAINT; Schema: auth; Owner: supabase_auth_admin
--

ALTER TABLE ONLY auth.mfa_amr_claims
    ADD CONSTRAINT mfa_amr_claims_session_id_authentication_method_pkey UNIQUE (session_id, authentication_method);


--
-- Name: mfa_challenges mfa_challenges_pkey; Type: CONSTRAINT; Schema: auth; Owner: supabase_auth_admin
--

ALTER TABLE ONLY auth.mfa_challenges
    ADD CONSTRAINT mfa_challenges_pkey PRIMARY KEY (id);


--
-- Name: mfa_factors mfa_factors_pkey; Type: CONSTRAINT; Schema: auth; Owner: supabase_auth_admin
--

ALTER TABLE ONLY auth.mfa_factors
    ADD CONSTRAINT mfa_factors_pkey PRIMARY KEY (id);


--
-- Name: refresh_tokens refresh_tokens_pkey; Type: CONSTRAINT; Schema: auth; Owner: supabase_auth_admin
--

ALTER TABLE ONLY auth.refresh_tokens
    ADD CONSTRAINT refresh_tokens_pkey PRIMARY KEY (id);


--
-- Name: refresh_tokens refresh_tokens_token_unique; Type: CONSTRAINT; Schema: auth; Owner: supabase_auth_admin
--

ALTER TABLE ONLY auth.refresh_tokens
    ADD CONSTRAINT refresh_tokens_token_unique UNIQUE (token);


--
-- Name: saml_providers saml_providers_entity_id_key; Type: CONSTRAINT; Schema: auth; Owner: supabase_auth_admin
--

ALTER TABLE ONLY auth.saml_providers
    ADD CONSTRAINT saml_providers_entity_id_key UNIQUE (entity_id);


--
-- Name: saml_providers saml_providers_pkey; Type: CONSTRAINT; Schema: auth; Owner: supabase_auth_admin
--

ALTER TABLE ONLY auth.saml_providers
    ADD CONSTRAINT saml_providers_pkey PRIMARY KEY (id);


--
-- Name: saml_relay_states saml_relay_states_pkey; Type: CONSTRAINT; Schema: auth; Owner: supabase_auth_admin
--

ALTER TABLE ONLY auth.saml_relay_states
    ADD CONSTRAINT saml_relay_states_pkey PRIMARY KEY (id);


--
-- Name: schema_migrations schema_migrations_pkey; Type: CONSTRAINT; Schema: auth; Owner: supabase_auth_admin
--

ALTER TABLE ONLY auth.schema_migrations
    ADD CONSTRAINT schema_migrations_pkey PRIMARY KEY (version);


--
-- Name: sessions sessions_pkey; Type: CONSTRAINT; Schema: auth; Owner: supabase_auth_admin
--

ALTER TABLE ONLY auth.sessions
    ADD CONSTRAINT sessions_pkey PRIMARY KEY (id);


--
-- Name: sso_domains sso_domains_pkey; Type: CONSTRAINT; Schema: auth; Owner: supabase_auth_admin
--

ALTER TABLE ONLY auth.sso_domains
    ADD CONSTRAINT sso_domains_pkey PRIMARY KEY (id);


--
-- Name: sso_providers sso_providers_pkey; Type: CONSTRAINT; Schema: auth; Owner: supabase_auth_admin
--

ALTER TABLE ONLY auth.sso_providers
    ADD CONSTRAINT sso_providers_pkey PRIMARY KEY (id);


--
-- Name: users users_phone_key; Type: CONSTRAINT; Schema: auth; Owner: supabase_auth_admin
--

ALTER TABLE ONLY auth.users
    ADD CONSTRAINT users_phone_key UNIQUE (phone);


--
-- Name: users users_pkey; Type: CONSTRAINT; Schema: auth; Owner: supabase_auth_admin
--

ALTER TABLE ONLY auth.users
    ADD CONSTRAINT users_pkey PRIMARY KEY (id);


--
-- Name: article_marks article_marks_pkey; Type: CONSTRAINT; Schema: public; Owner: postgres
--

ALTER TABLE ONLY public.article_marks
    ADD CONSTRAINT article_marks_pkey PRIMARY KEY (id);


--
-- Name: article_pitch_quiz_questions article_pitch_questions_pkey; Type: CONSTRAINT; Schema: public; Owner: postgres
--

ALTER TABLE ONLY public.article_pitch_quiz_questions
    ADD CONSTRAINT article_pitch_questions_pkey PRIMARY KEY (id);


--
-- Name: article_pitch_quiz_answer_rows article_pitch_quiz_answer_rows_pkey; Type: CONSTRAINT; Schema: public; Owner: postgres
--

ALTER TABLE ONLY public.article_pitch_quiz_answer_rows
    ADD CONSTRAINT article_pitch_quiz_answer_rows_pkey PRIMARY KEY (id);


--
-- Name: article_pitch_quiz_answers article_pitch_quiz_answers_pkey; Type: CONSTRAINT; Schema: public; Owner: postgres
--

ALTER TABLE ONLY public.article_pitch_quiz_answers
    ADD CONSTRAINT article_pitch_quiz_answers_pkey PRIMARY KEY (id);


--
-- Name: article_pitch_quizzes article_pitch_quizzes_pkey; Type: CONSTRAINT; Schema: public; Owner: postgres
--

ALTER TABLE ONLY public.article_pitch_quizzes
    ADD CONSTRAINT article_pitch_quizzes_pkey PRIMARY KEY (id);


--
-- Name: article_recorded_assignments article_recorded_assinments_pkey; Type: CONSTRAINT; Schema: public; Owner: postgres
--

ALTER TABLE ONLY public.article_recorded_assignments
    ADD CONSTRAINT article_recorded_assinments_pkey PRIMARY KEY (id);


--
-- Name: articles articles_pkey; Type: CONSTRAINT; Schema: public; Owner: postgres
--

ALTER TABLE ONLY public.articles
    ADD CONSTRAINT articles_pkey PRIMARY KEY (id);


--
-- Name: betterread_image_paths betterread_image_paths_pkey; Type: CONSTRAINT; Schema: public; Owner: postgres
--

ALTER TABLE ONLY public.betterread_image_paths
    ADD CONSTRAINT betterread_image_paths_pkey PRIMARY KEY (id);


--
-- Name: betterread betterread_pkey; Type: CONSTRAINT; Schema: public; Owner: postgres
--

ALTER TABLE ONLY public.betterread
    ADD CONSTRAINT betterread_pkey PRIMARY KEY (id);


--
-- Name: canvas canvas_pkey; Type: CONSTRAINT; Schema: public; Owner: postgres
--

ALTER TABLE ONLY public.canvas
    ADD CONSTRAINT canvas_pkey PRIMARY KEY (id);


--
-- Name: note_audio_paths note_audio_paths_pkey; Type: CONSTRAINT; Schema: public; Owner: postgres
--

ALTER TABLE ONLY public.note_audio_paths
    ADD CONSTRAINT note_audio_paths_pkey PRIMARY KEY (id);


--
-- Name: note note_pkey; Type: CONSTRAINT; Schema: public; Owner: postgres
--

ALTER TABLE ONLY public.note
    ADD CONSTRAINT note_pkey PRIMARY KEY (id);


--
-- Name: page_states page_states_pkey; Type: CONSTRAINT; Schema: public; Owner: postgres
--

ALTER TABLE ONLY public.page_states
    ADD CONSTRAINT page_states_pkey PRIMARY KEY (uid);


--
-- Name: paper_cup_params paper_cup_params_pkey; Type: CONSTRAINT; Schema: public; Owner: postgres
--

ALTER TABLE ONLY public.paper_cup_params
    ADD CONSTRAINT paper_cup_params_pkey PRIMARY KEY (id);


--
-- Name: pathname_logs pathname_logs_pkey; Type: CONSTRAINT; Schema: public; Owner: postgres
--

ALTER TABLE ONLY public.pathname_logs
    ADD CONSTRAINT pathname_logs_pkey PRIMARY KEY (id);


--
-- Name: pitches pitches_pkey; Type: CONSTRAINT; Schema: public; Owner: postgres
--

ALTER TABLE ONLY public.pitches
    ADD CONSTRAINT pitches_pkey PRIMARY KEY (id);


--
-- Name: pitches_user pitches_user_pkey; Type: CONSTRAINT; Schema: public; Owner: postgres
--

ALTER TABLE ONLY public.pitches_user
    ADD CONSTRAINT pitches_user_pkey PRIMARY KEY (id);


--
-- Name: record_params record_params_pkey; Type: CONSTRAINT; Schema: public; Owner: postgres
--

ALTER TABLE ONLY public.record_params
    ADD CONSTRAINT record_params_pkey PRIMARY KEY (id);


--
-- Name: records records_pkey; Type: CONSTRAINT; Schema: public; Owner: postgres
--

ALTER TABLE ONLY public.records
    ADD CONSTRAINT records_pkey PRIMARY KEY (id);


--
-- Name: remote_login_trigger remote_login_trigger_pkey; Type: CONSTRAINT; Schema: public; Owner: postgres
--

ALTER TABLE ONLY public.remote_login_trigger
    ADD CONSTRAINT remote_login_trigger_pkey PRIMARY KEY (id);


--
-- Name: sentences sentences_pkey; Type: CONSTRAINT; Schema: public; Owner: postgres
--

ALTER TABLE ONLY public.sentences
    ADD CONSTRAINT sentences_pkey PRIMARY KEY (id);


--
-- Name: speed_workout speed_workout_pkey; Type: CONSTRAINT; Schema: public; Owner: postgres
--

ALTER TABLE ONLY public.speed_workout
    ADD CONSTRAINT speed_workout_pkey PRIMARY KEY (id);


--
-- Name: todos todos_pkey; Type: CONSTRAINT; Schema: public; Owner: postgres
--

ALTER TABLE ONLY public.todos
    ADD CONSTRAINT todos_pkey PRIMARY KEY (id);


--
-- Name: users users_pkey; Type: CONSTRAINT; Schema: public; Owner: postgres
--

ALTER TABLE ONLY public.users
    ADD CONSTRAINT users_pkey PRIMARY KEY (uid);


--
-- Name: users users_uid_key; Type: CONSTRAINT; Schema: public; Owner: postgres
--

ALTER TABLE ONLY public.users
    ADD CONSTRAINT users_uid_key UNIQUE (uid);


--
-- Name: workout_items workout_items_pkey; Type: CONSTRAINT; Schema: public; Owner: postgres
--

ALTER TABLE ONLY public.workout_items
    ADD CONSTRAINT workout_items_pkey PRIMARY KEY (id);


--
-- Name: workout_record_rows workout_record_rows_pkey; Type: CONSTRAINT; Schema: public; Owner: postgres
--

ALTER TABLE ONLY public.workout_record_rows
    ADD CONSTRAINT workout_record_rows_pkey PRIMARY KEY (id);


--
-- Name: workout_records workout_records_pkey; Type: CONSTRAINT; Schema: public; Owner: postgres
--

ALTER TABLE ONLY public.workout_records
    ADD CONSTRAINT workout_records_pkey PRIMARY KEY (id);


--
-- Name: workouts workouts_pkey; Type: CONSTRAINT; Schema: public; Owner: postgres
--

ALTER TABLE ONLY public.workouts
    ADD CONSTRAINT workouts_pkey PRIMARY KEY (id);


--
-- Name: broadcasts broadcasts_pkey; Type: CONSTRAINT; Schema: realtime; Owner: supabase_realtime_admin
--

ALTER TABLE ONLY realtime.broadcasts
    ADD CONSTRAINT broadcasts_pkey PRIMARY KEY (id);


--
-- Name: channels channels_pkey; Type: CONSTRAINT; Schema: realtime; Owner: supabase_realtime_admin
--

ALTER TABLE ONLY realtime.channels
    ADD CONSTRAINT channels_pkey PRIMARY KEY (id);


--
-- Name: subscription pk_subscription; Type: CONSTRAINT; Schema: realtime; Owner: supabase_admin
--

ALTER TABLE ONLY realtime.subscription
    ADD CONSTRAINT pk_subscription PRIMARY KEY (id);


--
-- Name: presences presences_pkey; Type: CONSTRAINT; Schema: realtime; Owner: supabase_realtime_admin
--

ALTER TABLE ONLY realtime.presences
    ADD CONSTRAINT presences_pkey PRIMARY KEY (id);


--
-- Name: schema_migrations schema_migrations_pkey; Type: CONSTRAINT; Schema: realtime; Owner: supabase_admin
--

ALTER TABLE ONLY realtime.schema_migrations
    ADD CONSTRAINT schema_migrations_pkey PRIMARY KEY (version);


--
-- Name: buckets buckets_pkey; Type: CONSTRAINT; Schema: storage; Owner: supabase_storage_admin
--

ALTER TABLE ONLY storage.buckets
    ADD CONSTRAINT buckets_pkey PRIMARY KEY (id);


--
-- Name: migrations migrations_name_key; Type: CONSTRAINT; Schema: storage; Owner: supabase_storage_admin
--

ALTER TABLE ONLY storage.migrations
    ADD CONSTRAINT migrations_name_key UNIQUE (name);


--
-- Name: migrations migrations_pkey; Type: CONSTRAINT; Schema: storage; Owner: supabase_storage_admin
--

ALTER TABLE ONLY storage.migrations
    ADD CONSTRAINT migrations_pkey PRIMARY KEY (id);


--
-- Name: objects objects_pkey; Type: CONSTRAINT; Schema: storage; Owner: supabase_storage_admin
--

ALTER TABLE ONLY storage.objects
    ADD CONSTRAINT objects_pkey PRIMARY KEY (id);


--
-- Name: s3_multipart_uploads_parts s3_multipart_uploads_parts_pkey; Type: CONSTRAINT; Schema: storage; Owner: supabase_storage_admin
--

ALTER TABLE ONLY storage.s3_multipart_uploads_parts
    ADD CONSTRAINT s3_multipart_uploads_parts_pkey PRIMARY KEY (id);


--
-- Name: s3_multipart_uploads s3_multipart_uploads_pkey; Type: CONSTRAINT; Schema: storage; Owner: supabase_storage_admin
--

ALTER TABLE ONLY storage.s3_multipart_uploads
    ADD CONSTRAINT s3_multipart_uploads_pkey PRIMARY KEY (id);


--
-- Name: schema_migrations schema_migrations_pkey; Type: CONSTRAINT; Schema: supabase_migrations; Owner: postgres
--

ALTER TABLE ONLY supabase_migrations.schema_migrations
    ADD CONSTRAINT schema_migrations_pkey PRIMARY KEY (version);


--
-- Name: audit_logs_instance_id_idx; Type: INDEX; Schema: auth; Owner: supabase_auth_admin
--

CREATE INDEX audit_logs_instance_id_idx ON auth.audit_log_entries USING btree (instance_id);


--
-- Name: confirmation_token_idx; Type: INDEX; Schema: auth; Owner: supabase_auth_admin
--

CREATE UNIQUE INDEX confirmation_token_idx ON auth.users USING btree (confirmation_token) WHERE ((confirmation_token)::text !~ '^[0-9 ]*$'::text);


--
-- Name: email_change_token_current_idx; Type: INDEX; Schema: auth; Owner: supabase_auth_admin
--

CREATE UNIQUE INDEX email_change_token_current_idx ON auth.users USING btree (email_change_token_current) WHERE ((email_change_token_current)::text !~ '^[0-9 ]*$'::text);


--
-- Name: email_change_token_new_idx; Type: INDEX; Schema: auth; Owner: supabase_auth_admin
--

CREATE UNIQUE INDEX email_change_token_new_idx ON auth.users USING btree (email_change_token_new) WHERE ((email_change_token_new)::text !~ '^[0-9 ]*$'::text);


--
-- Name: factor_id_created_at_idx; Type: INDEX; Schema: auth; Owner: supabase_auth_admin
--

CREATE INDEX factor_id_created_at_idx ON auth.mfa_factors USING btree (user_id, created_at);


--
-- Name: flow_state_created_at_idx; Type: INDEX; Schema: auth; Owner: supabase_auth_admin
--

CREATE INDEX flow_state_created_at_idx ON auth.flow_state USING btree (created_at DESC);


--
-- Name: identities_email_idx; Type: INDEX; Schema: auth; Owner: supabase_auth_admin
--

CREATE INDEX identities_email_idx ON auth.identities USING btree (email text_pattern_ops);


--
-- Name: INDEX identities_email_idx; Type: COMMENT; Schema: auth; Owner: supabase_auth_admin
--

COMMENT ON INDEX auth.identities_email_idx IS 'Auth: Ensures indexed queries on the email column';


--
-- Name: identities_user_id_idx; Type: INDEX; Schema: auth; Owner: supabase_auth_admin
--

CREATE INDEX identities_user_id_idx ON auth.identities USING btree (user_id);


--
-- Name: idx_auth_code; Type: INDEX; Schema: auth; Owner: supabase_auth_admin
--

CREATE INDEX idx_auth_code ON auth.flow_state USING btree (auth_code);


--
-- Name: idx_user_id_auth_method; Type: INDEX; Schema: auth; Owner: supabase_auth_admin
--

CREATE INDEX idx_user_id_auth_method ON auth.flow_state USING btree (user_id, authentication_method);


--
-- Name: mfa_challenge_created_at_idx; Type: INDEX; Schema: auth; Owner: supabase_auth_admin
--

CREATE INDEX mfa_challenge_created_at_idx ON auth.mfa_challenges USING btree (created_at DESC);


--
-- Name: mfa_factors_user_friendly_name_unique; Type: INDEX; Schema: auth; Owner: supabase_auth_admin
--

CREATE UNIQUE INDEX mfa_factors_user_friendly_name_unique ON auth.mfa_factors USING btree (friendly_name, user_id) WHERE (TRIM(BOTH FROM friendly_name) <> ''::text);


--
-- Name: mfa_factors_user_id_idx; Type: INDEX; Schema: auth; Owner: supabase_auth_admin
--

CREATE INDEX mfa_factors_user_id_idx ON auth.mfa_factors USING btree (user_id);


--
-- Name: reauthentication_token_idx; Type: INDEX; Schema: auth; Owner: supabase_auth_admin
--

CREATE UNIQUE INDEX reauthentication_token_idx ON auth.users USING btree (reauthentication_token) WHERE ((reauthentication_token)::text !~ '^[0-9 ]*$'::text);


--
-- Name: recovery_token_idx; Type: INDEX; Schema: auth; Owner: supabase_auth_admin
--

CREATE UNIQUE INDEX recovery_token_idx ON auth.users USING btree (recovery_token) WHERE ((recovery_token)::text !~ '^[0-9 ]*$'::text);


--
-- Name: refresh_tokens_instance_id_idx; Type: INDEX; Schema: auth; Owner: supabase_auth_admin
--

CREATE INDEX refresh_tokens_instance_id_idx ON auth.refresh_tokens USING btree (instance_id);


--
-- Name: refresh_tokens_instance_id_user_id_idx; Type: INDEX; Schema: auth; Owner: supabase_auth_admin
--

CREATE INDEX refresh_tokens_instance_id_user_id_idx ON auth.refresh_tokens USING btree (instance_id, user_id);


--
-- Name: refresh_tokens_parent_idx; Type: INDEX; Schema: auth; Owner: supabase_auth_admin
--

CREATE INDEX refresh_tokens_parent_idx ON auth.refresh_tokens USING btree (parent);


--
-- Name: refresh_tokens_session_id_revoked_idx; Type: INDEX; Schema: auth; Owner: supabase_auth_admin
--

CREATE INDEX refresh_tokens_session_id_revoked_idx ON auth.refresh_tokens USING btree (session_id, revoked);


--
-- Name: refresh_tokens_updated_at_idx; Type: INDEX; Schema: auth; Owner: supabase_auth_admin
--

CREATE INDEX refresh_tokens_updated_at_idx ON auth.refresh_tokens USING btree (updated_at DESC);


--
-- Name: saml_providers_sso_provider_id_idx; Type: INDEX; Schema: auth; Owner: supabase_auth_admin
--

CREATE INDEX saml_providers_sso_provider_id_idx ON auth.saml_providers USING btree (sso_provider_id);


--
-- Name: saml_relay_states_created_at_idx; Type: INDEX; Schema: auth; Owner: supabase_auth_admin
--

CREATE INDEX saml_relay_states_created_at_idx ON auth.saml_relay_states USING btree (created_at DESC);


--
-- Name: saml_relay_states_for_email_idx; Type: INDEX; Schema: auth; Owner: supabase_auth_admin
--

CREATE INDEX saml_relay_states_for_email_idx ON auth.saml_relay_states USING btree (for_email);


--
-- Name: saml_relay_states_sso_provider_id_idx; Type: INDEX; Schema: auth; Owner: supabase_auth_admin
--

CREATE INDEX saml_relay_states_sso_provider_id_idx ON auth.saml_relay_states USING btree (sso_provider_id);


--
-- Name: sessions_not_after_idx; Type: INDEX; Schema: auth; Owner: supabase_auth_admin
--

CREATE INDEX sessions_not_after_idx ON auth.sessions USING btree (not_after DESC);


--
-- Name: sessions_user_id_idx; Type: INDEX; Schema: auth; Owner: supabase_auth_admin
--

CREATE INDEX sessions_user_id_idx ON auth.sessions USING btree (user_id);


--
-- Name: sso_domains_domain_idx; Type: INDEX; Schema: auth; Owner: supabase_auth_admin
--

CREATE UNIQUE INDEX sso_domains_domain_idx ON auth.sso_domains USING btree (lower(domain));


--
-- Name: sso_domains_sso_provider_id_idx; Type: INDEX; Schema: auth; Owner: supabase_auth_admin
--

CREATE INDEX sso_domains_sso_provider_id_idx ON auth.sso_domains USING btree (sso_provider_id);


--
-- Name: sso_providers_resource_id_idx; Type: INDEX; Schema: auth; Owner: supabase_auth_admin
--

CREATE UNIQUE INDEX sso_providers_resource_id_idx ON auth.sso_providers USING btree (lower(resource_id));


--
-- Name: user_id_created_at_idx; Type: INDEX; Schema: auth; Owner: supabase_auth_admin
--

CREATE INDEX user_id_created_at_idx ON auth.sessions USING btree (user_id, created_at);


--
-- Name: users_email_partial_key; Type: INDEX; Schema: auth; Owner: supabase_auth_admin
--

CREATE UNIQUE INDEX users_email_partial_key ON auth.users USING btree (email) WHERE (is_sso_user = false);


--
-- Name: INDEX users_email_partial_key; Type: COMMENT; Schema: auth; Owner: supabase_auth_admin
--

COMMENT ON INDEX auth.users_email_partial_key IS 'Auth: A partial unique index that applies only when is_sso_user is false';


--
-- Name: users_instance_id_email_idx; Type: INDEX; Schema: auth; Owner: supabase_auth_admin
--

CREATE INDEX users_instance_id_email_idx ON auth.users USING btree (instance_id, lower((email)::text));


--
-- Name: users_instance_id_idx; Type: INDEX; Schema: auth; Owner: supabase_auth_admin
--

CREATE INDEX users_instance_id_idx ON auth.users USING btree (instance_id);


--
-- Name: users_is_anonymous_idx; Type: INDEX; Schema: auth; Owner: supabase_auth_admin
--

CREATE INDEX users_is_anonymous_idx ON auth.users USING btree (is_anonymous);


--
-- Name: broadcasts_channel_id_index; Type: INDEX; Schema: realtime; Owner: supabase_realtime_admin
--

CREATE UNIQUE INDEX broadcasts_channel_id_index ON realtime.broadcasts USING btree (channel_id);


--
-- Name: channels_name_index; Type: INDEX; Schema: realtime; Owner: supabase_realtime_admin
--

CREATE UNIQUE INDEX channels_name_index ON realtime.channels USING btree (name);


--
-- Name: ix_realtime_subscription_entity; Type: INDEX; Schema: realtime; Owner: supabase_admin
--

CREATE INDEX ix_realtime_subscription_entity ON realtime.subscription USING hash (entity);


--
-- Name: presences_channel_id_index; Type: INDEX; Schema: realtime; Owner: supabase_realtime_admin
--

CREATE UNIQUE INDEX presences_channel_id_index ON realtime.presences USING btree (channel_id);


--
-- Name: subscription_subscription_id_entity_filters_key; Type: INDEX; Schema: realtime; Owner: supabase_admin
--

CREATE UNIQUE INDEX subscription_subscription_id_entity_filters_key ON realtime.subscription USING btree (subscription_id, entity, filters);


--
-- Name: bname; Type: INDEX; Schema: storage; Owner: supabase_storage_admin
--

CREATE UNIQUE INDEX bname ON storage.buckets USING btree (name);


--
-- Name: bucketid_objname; Type: INDEX; Schema: storage; Owner: supabase_storage_admin
--

CREATE UNIQUE INDEX bucketid_objname ON storage.objects USING btree (bucket_id, name);


--
-- Name: idx_multipart_uploads_list; Type: INDEX; Schema: storage; Owner: supabase_storage_admin
--

CREATE INDEX idx_multipart_uploads_list ON storage.s3_multipart_uploads USING btree (bucket_id, key, created_at);


--
-- Name: idx_objects_bucket_id_name; Type: INDEX; Schema: storage; Owner: supabase_storage_admin
--

CREATE INDEX idx_objects_bucket_id_name ON storage.objects USING btree (bucket_id, name COLLATE "C");


--
-- Name: name_prefix_search; Type: INDEX; Schema: storage; Owner: supabase_storage_admin
--

CREATE INDEX name_prefix_search ON storage.objects USING btree (name text_pattern_ops);


--
-- Name: subscription tr_check_filters; Type: TRIGGER; Schema: realtime; Owner: supabase_admin
--

CREATE TRIGGER tr_check_filters BEFORE INSERT OR UPDATE ON realtime.subscription FOR EACH ROW EXECUTE FUNCTION realtime.subscription_check_filters();


--
-- Name: objects update_objects_updated_at; Type: TRIGGER; Schema: storage; Owner: supabase_storage_admin
--

CREATE TRIGGER update_objects_updated_at BEFORE UPDATE ON storage.objects FOR EACH ROW EXECUTE FUNCTION storage.update_updated_at_column();


--
-- Name: identities identities_user_id_fkey; Type: FK CONSTRAINT; Schema: auth; Owner: supabase_auth_admin
--

ALTER TABLE ONLY auth.identities
    ADD CONSTRAINT identities_user_id_fkey FOREIGN KEY (user_id) REFERENCES auth.users(id) ON DELETE CASCADE;


--
-- Name: mfa_amr_claims mfa_amr_claims_session_id_fkey; Type: FK CONSTRAINT; Schema: auth; Owner: supabase_auth_admin
--

ALTER TABLE ONLY auth.mfa_amr_claims
    ADD CONSTRAINT mfa_amr_claims_session_id_fkey FOREIGN KEY (session_id) REFERENCES auth.sessions(id) ON DELETE CASCADE;


--
-- Name: mfa_challenges mfa_challenges_auth_factor_id_fkey; Type: FK CONSTRAINT; Schema: auth; Owner: supabase_auth_admin
--

ALTER TABLE ONLY auth.mfa_challenges
    ADD CONSTRAINT mfa_challenges_auth_factor_id_fkey FOREIGN KEY (factor_id) REFERENCES auth.mfa_factors(id) ON DELETE CASCADE;


--
-- Name: mfa_factors mfa_factors_user_id_fkey; Type: FK CONSTRAINT; Schema: auth; Owner: supabase_auth_admin
--

ALTER TABLE ONLY auth.mfa_factors
    ADD CONSTRAINT mfa_factors_user_id_fkey FOREIGN KEY (user_id) REFERENCES auth.users(id) ON DELETE CASCADE;


--
-- Name: refresh_tokens refresh_tokens_session_id_fkey; Type: FK CONSTRAINT; Schema: auth; Owner: supabase_auth_admin
--

ALTER TABLE ONLY auth.refresh_tokens
    ADD CONSTRAINT refresh_tokens_session_id_fkey FOREIGN KEY (session_id) REFERENCES auth.sessions(id) ON DELETE CASCADE;


--
-- Name: saml_providers saml_providers_sso_provider_id_fkey; Type: FK CONSTRAINT; Schema: auth; Owner: supabase_auth_admin
--

ALTER TABLE ONLY auth.saml_providers
    ADD CONSTRAINT saml_providers_sso_provider_id_fkey FOREIGN KEY (sso_provider_id) REFERENCES auth.sso_providers(id) ON DELETE CASCADE;


--
-- Name: saml_relay_states saml_relay_states_flow_state_id_fkey; Type: FK CONSTRAINT; Schema: auth; Owner: supabase_auth_admin
--

ALTER TABLE ONLY auth.saml_relay_states
    ADD CONSTRAINT saml_relay_states_flow_state_id_fkey FOREIGN KEY (flow_state_id) REFERENCES auth.flow_state(id) ON DELETE CASCADE;


--
-- Name: saml_relay_states saml_relay_states_sso_provider_id_fkey; Type: FK CONSTRAINT; Schema: auth; Owner: supabase_auth_admin
--

ALTER TABLE ONLY auth.saml_relay_states
    ADD CONSTRAINT saml_relay_states_sso_provider_id_fkey FOREIGN KEY (sso_provider_id) REFERENCES auth.sso_providers(id) ON DELETE CASCADE;


--
-- Name: sessions sessions_user_id_fkey; Type: FK CONSTRAINT; Schema: auth; Owner: supabase_auth_admin
--

ALTER TABLE ONLY auth.sessions
    ADD CONSTRAINT sessions_user_id_fkey FOREIGN KEY (user_id) REFERENCES auth.users(id) ON DELETE CASCADE;


--
-- Name: sso_domains sso_domains_sso_provider_id_fkey; Type: FK CONSTRAINT; Schema: auth; Owner: supabase_auth_admin
--

ALTER TABLE ONLY auth.sso_domains
    ADD CONSTRAINT sso_domains_sso_provider_id_fkey FOREIGN KEY (sso_provider_id) REFERENCES auth.sso_providers(id) ON DELETE CASCADE;


--
-- Name: article_marks article_marks_articleid_fkey; Type: FK CONSTRAINT; Schema: public; Owner: postgres
--

ALTER TABLE ONLY public.article_marks
    ADD CONSTRAINT article_marks_articleid_fkey FOREIGN KEY ("articleId") REFERENCES public.articles(id) ON UPDATE CASCADE ON DELETE CASCADE;


--
-- Name: articles articles_uid_fkey; Type: FK CONSTRAINT; Schema: public; Owner: postgres
--

ALTER TABLE ONLY public.articles
    ADD CONSTRAINT articles_uid_fkey FOREIGN KEY (uid) REFERENCES auth.users(id) ON UPDATE CASCADE ON DELETE CASCADE;


--
-- Name: betterread betterread_articleId_fkey; Type: FK CONSTRAINT; Schema: public; Owner: postgres
--

ALTER TABLE ONLY public.betterread
    ADD CONSTRAINT "betterread_articleId_fkey" FOREIGN KEY ("articleId") REFERENCES public.articles(id) ON UPDATE CASCADE ON DELETE CASCADE;


--
-- Name: betterread_image_paths betterread_image_paths_betterreadid_fkey; Type: FK CONSTRAINT; Schema: public; Owner: postgres
--

ALTER TABLE ONLY public.betterread_image_paths
    ADD CONSTRAINT betterread_image_paths_betterreadid_fkey FOREIGN KEY ("betterreadId") REFERENCES public.betterread(id) ON UPDATE CASCADE ON DELETE CASCADE;


--
-- Name: betterread betterread_uid_fkey; Type: FK CONSTRAINT; Schema: public; Owner: postgres
--

ALTER TABLE ONLY public.betterread
    ADD CONSTRAINT betterread_uid_fkey FOREIGN KEY (uid) REFERENCES auth.users(id) ON UPDATE CASCADE ON DELETE CASCADE;


--
-- Name: page_states page_states_uid_fkey; Type: FK CONSTRAINT; Schema: public; Owner: postgres
--

ALTER TABLE ONLY public.page_states
    ADD CONSTRAINT page_states_uid_fkey FOREIGN KEY (uid) REFERENCES auth.users(id) ON UPDATE CASCADE ON DELETE CASCADE;


--
-- Name: article_pitch_quiz_questions public_article_pitch_questions_articlePitchQuizId_fkey; Type: FK CONSTRAINT; Schema: public; Owner: postgres
--

ALTER TABLE ONLY public.article_pitch_quiz_questions
    ADD CONSTRAINT "public_article_pitch_questions_articlePitchQuizId_fkey" FOREIGN KEY ("quizId") REFERENCES public.article_pitch_quizzes(id) ON UPDATE CASCADE ON DELETE CASCADE;


--
-- Name: article_pitch_quiz_answer_rows public_article_pitch_quiz_answer_rows_answerId_fkey; Type: FK CONSTRAINT; Schema: public; Owner: postgres
--

ALTER TABLE ONLY public.article_pitch_quiz_answer_rows
    ADD CONSTRAINT "public_article_pitch_quiz_answer_rows_answerId_fkey" FOREIGN KEY ("answerId") REFERENCES public.article_pitch_quiz_answers(id) ON UPDATE CASCADE ON DELETE CASCADE;


--
-- Name: article_pitch_quiz_answers public_article_pitch_quiz_answers_quizId_fkey; Type: FK CONSTRAINT; Schema: public; Owner: postgres
--

ALTER TABLE ONLY public.article_pitch_quiz_answers
    ADD CONSTRAINT "public_article_pitch_quiz_answers_quizId_fkey" FOREIGN KEY ("quizId") REFERENCES public.article_pitch_quizzes(id) ON UPDATE CASCADE ON DELETE CASCADE;


--
-- Name: article_pitch_quizzes public_article_pitch_quizzes_articleId_fkey; Type: FK CONSTRAINT; Schema: public; Owner: postgres
--

ALTER TABLE ONLY public.article_pitch_quizzes
    ADD CONSTRAINT "public_article_pitch_quizzes_articleId_fkey" FOREIGN KEY ("articleId") REFERENCES public.articles(id) ON UPDATE CASCADE ON DELETE CASCADE;


--
-- Name: article_recorded_assignments public_article_recorded_assinments_articleId_fkey; Type: FK CONSTRAINT; Schema: public; Owner: postgres
--

ALTER TABLE ONLY public.article_recorded_assignments
    ADD CONSTRAINT "public_article_recorded_assinments_articleId_fkey" FOREIGN KEY ("articleId") REFERENCES public.articles(id) ON UPDATE CASCADE ON DELETE CASCADE;


--
-- Name: sentences public_sentences_articleId_fkey; Type: FK CONSTRAINT; Schema: public; Owner: postgres
--

ALTER TABLE ONLY public.sentences
    ADD CONSTRAINT "public_sentences_articleId_fkey" FOREIGN KEY ("articleId") REFERENCES public.articles(id) ON UPDATE CASCADE ON DELETE CASCADE;


--
-- Name: workout_items public_workout_items_workoutId_fkey; Type: FK CONSTRAINT; Schema: public; Owner: postgres
--

ALTER TABLE ONLY public.workout_items
    ADD CONSTRAINT "public_workout_items_workoutId_fkey" FOREIGN KEY ("workoutId") REFERENCES public.workouts(id) ON UPDATE CASCADE ON DELETE CASCADE;


--
-- Name: workout_record_rows public_workout_record_rows_workoutItemId_fkey; Type: FK CONSTRAINT; Schema: public; Owner: postgres
--

ALTER TABLE ONLY public.workout_record_rows
    ADD CONSTRAINT "public_workout_record_rows_workoutItemId_fkey" FOREIGN KEY ("workoutItemId") REFERENCES public.workout_items(id) ON UPDATE CASCADE ON DELETE CASCADE;


--
-- Name: workout_record_rows public_workout_record_rows_workoutRecordId_fkey; Type: FK CONSTRAINT; Schema: public; Owner: postgres
--

ALTER TABLE ONLY public.workout_record_rows
    ADD CONSTRAINT "public_workout_record_rows_workoutRecordId_fkey" FOREIGN KEY ("workoutRecordId") REFERENCES public.workout_records(id) ON UPDATE CASCADE ON DELETE CASCADE;


--
-- Name: workout_records public_workout_records_workoutId_fkey; Type: FK CONSTRAINT; Schema: public; Owner: postgres
--

ALTER TABLE ONLY public.workout_records
    ADD CONSTRAINT "public_workout_records_workoutId_fkey" FOREIGN KEY ("workoutId") REFERENCES public.workouts(id) ON UPDATE CASCADE ON DELETE CASCADE;


--
-- Name: workouts public_workouts_uid_fkey; Type: FK CONSTRAINT; Schema: public; Owner: postgres
--

ALTER TABLE ONLY public.workouts
    ADD CONSTRAINT public_workouts_uid_fkey FOREIGN KEY (uid) REFERENCES auth.users(id) ON UPDATE CASCADE ON DELETE CASCADE;


--
-- Name: speed_workout speed_workout_selectedItemId_fkey; Type: FK CONSTRAINT; Schema: public; Owner: postgres
--

ALTER TABLE ONLY public.speed_workout
    ADD CONSTRAINT "speed_workout_selectedItemId_fkey" FOREIGN KEY ("selectedItemId") REFERENCES public.workout_items(id);


--
-- Name: speed_workout speed_workout_selectedid_fkey; Type: FK CONSTRAINT; Schema: public; Owner: postgres
--

ALTER TABLE ONLY public.speed_workout
    ADD CONSTRAINT speed_workout_selectedid_fkey FOREIGN KEY ("selectedId") REFERENCES public.workouts(id);


--
-- Name: users users_uid_fkey; Type: FK CONSTRAINT; Schema: public; Owner: postgres
--

ALTER TABLE ONLY public.users
    ADD CONSTRAINT users_uid_fkey FOREIGN KEY (uid) REFERENCES auth.users(id) ON UPDATE CASCADE ON DELETE CASCADE;


--
-- Name: broadcasts broadcasts_channel_id_fkey; Type: FK CONSTRAINT; Schema: realtime; Owner: supabase_realtime_admin
--

ALTER TABLE ONLY realtime.broadcasts
    ADD CONSTRAINT broadcasts_channel_id_fkey FOREIGN KEY (channel_id) REFERENCES realtime.channels(id) ON DELETE CASCADE;


--
-- Name: presences presences_channel_id_fkey; Type: FK CONSTRAINT; Schema: realtime; Owner: supabase_realtime_admin
--

ALTER TABLE ONLY realtime.presences
    ADD CONSTRAINT presences_channel_id_fkey FOREIGN KEY (channel_id) REFERENCES realtime.channels(id) ON DELETE CASCADE;


--
-- Name: objects objects_bucketId_fkey; Type: FK CONSTRAINT; Schema: storage; Owner: supabase_storage_admin
--

ALTER TABLE ONLY storage.objects
    ADD CONSTRAINT "objects_bucketId_fkey" FOREIGN KEY (bucket_id) REFERENCES storage.buckets(id);


--
-- Name: s3_multipart_uploads s3_multipart_uploads_bucket_id_fkey; Type: FK CONSTRAINT; Schema: storage; Owner: supabase_storage_admin
--

ALTER TABLE ONLY storage.s3_multipart_uploads
    ADD CONSTRAINT s3_multipart_uploads_bucket_id_fkey FOREIGN KEY (bucket_id) REFERENCES storage.buckets(id);


--
-- Name: s3_multipart_uploads_parts s3_multipart_uploads_parts_bucket_id_fkey; Type: FK CONSTRAINT; Schema: storage; Owner: supabase_storage_admin
--

ALTER TABLE ONLY storage.s3_multipart_uploads_parts
    ADD CONSTRAINT s3_multipart_uploads_parts_bucket_id_fkey FOREIGN KEY (bucket_id) REFERENCES storage.buckets(id);


--
-- Name: s3_multipart_uploads_parts s3_multipart_uploads_parts_upload_id_fkey; Type: FK CONSTRAINT; Schema: storage; Owner: supabase_storage_admin
--

ALTER TABLE ONLY storage.s3_multipart_uploads_parts
    ADD CONSTRAINT s3_multipart_uploads_parts_upload_id_fkey FOREIGN KEY (upload_id) REFERENCES storage.s3_multipart_uploads(id) ON DELETE CASCADE;


--
-- Name: canvas Enable all access for all users; Type: POLICY; Schema: public; Owner: postgres
--

CREATE POLICY "Enable all access for all users" ON public.canvas USING (true);


--
-- Name: note Enable all access for all users; Type: POLICY; Schema: public; Owner: postgres
--

CREATE POLICY "Enable all access for all users" ON public.note USING (true);


--
-- Name: note_audio_paths Enable all access for all users; Type: POLICY; Schema: public; Owner: postgres
--

CREATE POLICY "Enable all access for all users" ON public.note_audio_paths USING (true);


--
-- Name: page_states Enable all access for all users; Type: POLICY; Schema: public; Owner: postgres
--

CREATE POLICY "Enable all access for all users" ON public.page_states USING (true);


--
-- Name: paper_cup_params Enable all access for all users; Type: POLICY; Schema: public; Owner: postgres
--

CREATE POLICY "Enable all access for all users" ON public.paper_cup_params USING (true);


--
-- Name: pathname_logs Enable all access for all users; Type: POLICY; Schema: public; Owner: postgres
--

CREATE POLICY "Enable all access for all users" ON public.pathname_logs USING (true);


--
-- Name: pitches Enable all access for all users; Type: POLICY; Schema: public; Owner: postgres
--

CREATE POLICY "Enable all access for all users" ON public.pitches USING (true);


--
-- Name: pitches_user Enable all access for all users; Type: POLICY; Schema: public; Owner: postgres
--

CREATE POLICY "Enable all access for all users" ON public.pitches_user USING (true);


--
-- Name: record_params Enable all access for all users; Type: POLICY; Schema: public; Owner: postgres
--

CREATE POLICY "Enable all access for all users" ON public.record_params USING (true);


--
-- Name: records Enable all access for all users; Type: POLICY; Schema: public; Owner: postgres
--

CREATE POLICY "Enable all access for all users" ON public.records USING (true);


--
-- Name: remote_login_trigger Enable all access for all users; Type: POLICY; Schema: public; Owner: postgres
--

CREATE POLICY "Enable all access for all users" ON public.remote_login_trigger USING (true);


--
-- Name: speed_workout Enable all access for all users; Type: POLICY; Schema: public; Owner: postgres
--

CREATE POLICY "Enable all access for all users" ON public.speed_workout USING (true);


--
-- Name: article_marks Enable all for authenticated users only; Type: POLICY; Schema: public; Owner: postgres
--

CREATE POLICY "Enable all for authenticated users only" ON public.article_marks TO authenticated USING (true);


--
-- Name: article_pitch_quiz_answer_rows Enable all for authenticated users only; Type: POLICY; Schema: public; Owner: postgres
--

CREATE POLICY "Enable all for authenticated users only" ON public.article_pitch_quiz_answer_rows TO authenticated USING (true);


--
-- Name: article_pitch_quiz_answers Enable all for authenticated users only; Type: POLICY; Schema: public; Owner: postgres
--

CREATE POLICY "Enable all for authenticated users only" ON public.article_pitch_quiz_answers TO authenticated USING (true);


--
-- Name: article_pitch_quiz_questions Enable all for authenticated users only; Type: POLICY; Schema: public; Owner: postgres
--

CREATE POLICY "Enable all for authenticated users only" ON public.article_pitch_quiz_questions TO authenticated USING (true);


--
-- Name: article_pitch_quizzes Enable all for authenticated users only; Type: POLICY; Schema: public; Owner: postgres
--

CREATE POLICY "Enable all for authenticated users only" ON public.article_pitch_quizzes TO authenticated USING (true);


--
-- Name: article_recorded_assignments Enable all for authenticated users only; Type: POLICY; Schema: public; Owner: postgres
--

CREATE POLICY "Enable all for authenticated users only" ON public.article_recorded_assignments TO authenticated USING (true);


--
-- Name: betterread_image_paths Enable all for authenticated users only; Type: POLICY; Schema: public; Owner: postgres
--

CREATE POLICY "Enable all for authenticated users only" ON public.betterread_image_paths TO authenticated USING (true);


--
-- Name: users Enable all for authenticated users only; Type: POLICY; Schema: public; Owner: postgres
--

CREATE POLICY "Enable all for authenticated users only" ON public.users TO authenticated USING (true);


--
-- Name: workout_items Enable all for authenticated users only; Type: POLICY; Schema: public; Owner: postgres
--

CREATE POLICY "Enable all for authenticated users only" ON public.workout_items TO authenticated USING (true);


--
-- Name: workout_record_rows Enable all for authenticated users only; Type: POLICY; Schema: public; Owner: postgres
--

CREATE POLICY "Enable all for authenticated users only" ON public.workout_record_rows TO authenticated USING (true);


--
-- Name: workout_records Enable all for authenticated users only; Type: POLICY; Schema: public; Owner: postgres
--

CREATE POLICY "Enable all for authenticated users only" ON public.workout_records TO authenticated USING (true);


--
-- Name: workouts Enable all for authenticated users only; Type: POLICY; Schema: public; Owner: postgres
--

CREATE POLICY "Enable all for authenticated users only" ON public.workouts TO authenticated USING (true);


--
-- Name: articles Enable delete for authenticated users only; Type: POLICY; Schema: public; Owner: postgres
--

CREATE POLICY "Enable delete for authenticated users only" ON public.articles FOR DELETE TO authenticated USING (true);


--
-- Name: sentences Enable delete for authenticated users only; Type: POLICY; Schema: public; Owner: postgres
--

CREATE POLICY "Enable delete for authenticated users only" ON public.sentences FOR DELETE TO authenticated USING (true);


--
-- Name: articles Enable insert for authenticated users only; Type: POLICY; Schema: public; Owner: postgres
--

CREATE POLICY "Enable insert for authenticated users only" ON public.articles FOR INSERT TO authenticated WITH CHECK (true);


--
-- Name: sentences Enable insert for authenticated users only; Type: POLICY; Schema: public; Owner: postgres
--

CREATE POLICY "Enable insert for authenticated users only" ON public.sentences FOR INSERT TO authenticated WITH CHECK (true);


--
-- Name: articles Enable read access for all users; Type: POLICY; Schema: public; Owner: postgres
--

CREATE POLICY "Enable read access for all users" ON public.articles FOR SELECT USING (true);


--
-- Name: sentences Enable read access for all users; Type: POLICY; Schema: public; Owner: postgres
--

CREATE POLICY "Enable read access for all users" ON public.sentences FOR SELECT USING (true);


--
-- Name: articles Enable update for authenticated users only; Type: POLICY; Schema: public; Owner: postgres
--

CREATE POLICY "Enable update for authenticated users only" ON public.articles FOR UPDATE TO authenticated USING (true);


--
-- Name: sentences Enable update for authenticated users only; Type: POLICY; Schema: public; Owner: postgres
--

CREATE POLICY "Enable update for authenticated users only" ON public.sentences FOR UPDATE TO authenticated USING (true);


--
-- Name: article_marks; Type: ROW SECURITY; Schema: public; Owner: postgres
--

ALTER TABLE public.article_marks ENABLE ROW LEVEL SECURITY;

--
-- Name: article_pitch_quiz_answer_rows; Type: ROW SECURITY; Schema: public; Owner: postgres
--

ALTER TABLE public.article_pitch_quiz_answer_rows ENABLE ROW LEVEL SECURITY;

--
-- Name: article_pitch_quiz_answers; Type: ROW SECURITY; Schema: public; Owner: postgres
--

ALTER TABLE public.article_pitch_quiz_answers ENABLE ROW LEVEL SECURITY;

--
-- Name: article_pitch_quiz_questions; Type: ROW SECURITY; Schema: public; Owner: postgres
--

ALTER TABLE public.article_pitch_quiz_questions ENABLE ROW LEVEL SECURITY;

--
-- Name: article_pitch_quizzes; Type: ROW SECURITY; Schema: public; Owner: postgres
--

ALTER TABLE public.article_pitch_quizzes ENABLE ROW LEVEL SECURITY;

--
-- Name: article_recorded_assignments; Type: ROW SECURITY; Schema: public; Owner: postgres
--

ALTER TABLE public.article_recorded_assignments ENABLE ROW LEVEL SECURITY;

--
-- Name: articles; Type: ROW SECURITY; Schema: public; Owner: postgres
--

ALTER TABLE public.articles ENABLE ROW LEVEL SECURITY;

--
-- Name: betterread; Type: ROW SECURITY; Schema: public; Owner: postgres
--

ALTER TABLE public.betterread ENABLE ROW LEVEL SECURITY;

--
-- Name: betterread_image_paths; Type: ROW SECURITY; Schema: public; Owner: postgres
--

ALTER TABLE public.betterread_image_paths ENABLE ROW LEVEL SECURITY;

--
-- Name: canvas; Type: ROW SECURITY; Schema: public; Owner: postgres
--

ALTER TABLE public.canvas ENABLE ROW LEVEL SECURITY;

--
-- Name: note; Type: ROW SECURITY; Schema: public; Owner: postgres
--

ALTER TABLE public.note ENABLE ROW LEVEL SECURITY;

--
-- Name: note_audio_paths; Type: ROW SECURITY; Schema: public; Owner: postgres
--

ALTER TABLE public.note_audio_paths ENABLE ROW LEVEL SECURITY;

--
-- Name: page_states; Type: ROW SECURITY; Schema: public; Owner: postgres
--

ALTER TABLE public.page_states ENABLE ROW LEVEL SECURITY;

--
-- Name: paper_cup_params; Type: ROW SECURITY; Schema: public; Owner: postgres
--

ALTER TABLE public.paper_cup_params ENABLE ROW LEVEL SECURITY;

--
-- Name: pathname_logs; Type: ROW SECURITY; Schema: public; Owner: postgres
--

ALTER TABLE public.pathname_logs ENABLE ROW LEVEL SECURITY;

--
-- Name: pitches; Type: ROW SECURITY; Schema: public; Owner: postgres
--

ALTER TABLE public.pitches ENABLE ROW LEVEL SECURITY;

--
-- Name: pitches_user; Type: ROW SECURITY; Schema: public; Owner: postgres
--

ALTER TABLE public.pitches_user ENABLE ROW LEVEL SECURITY;

--
-- Name: record_params; Type: ROW SECURITY; Schema: public; Owner: postgres
--

ALTER TABLE public.record_params ENABLE ROW LEVEL SECURITY;

--
-- Name: records; Type: ROW SECURITY; Schema: public; Owner: postgres
--

ALTER TABLE public.records ENABLE ROW LEVEL SECURITY;

--
-- Name: remote_login_trigger; Type: ROW SECURITY; Schema: public; Owner: postgres
--

ALTER TABLE public.remote_login_trigger ENABLE ROW LEVEL SECURITY;

--
-- Name: sentences; Type: ROW SECURITY; Schema: public; Owner: postgres
--

ALTER TABLE public.sentences ENABLE ROW LEVEL SECURITY;

--
-- Name: speed_workout; Type: ROW SECURITY; Schema: public; Owner: postgres
--

ALTER TABLE public.speed_workout ENABLE ROW LEVEL SECURITY;

--
-- Name: users; Type: ROW SECURITY; Schema: public; Owner: postgres
--

ALTER TABLE public.users ENABLE ROW LEVEL SECURITY;

--
-- Name: workout_items; Type: ROW SECURITY; Schema: public; Owner: postgres
--

ALTER TABLE public.workout_items ENABLE ROW LEVEL SECURITY;

--
-- Name: workout_record_rows; Type: ROW SECURITY; Schema: public; Owner: postgres
--

ALTER TABLE public.workout_record_rows ENABLE ROW LEVEL SECURITY;

--
-- Name: workout_records; Type: ROW SECURITY; Schema: public; Owner: postgres
--

ALTER TABLE public.workout_records ENABLE ROW LEVEL SECURITY;

--
-- Name: workouts; Type: ROW SECURITY; Schema: public; Owner: postgres
--

ALTER TABLE public.workouts ENABLE ROW LEVEL SECURITY;

--
-- Name: broadcasts; Type: ROW SECURITY; Schema: realtime; Owner: supabase_realtime_admin
--

ALTER TABLE realtime.broadcasts ENABLE ROW LEVEL SECURITY;

--
-- Name: channels; Type: ROW SECURITY; Schema: realtime; Owner: supabase_realtime_admin
--

ALTER TABLE realtime.channels ENABLE ROW LEVEL SECURITY;

--
-- Name: presences; Type: ROW SECURITY; Schema: realtime; Owner: supabase_realtime_admin
--

ALTER TABLE realtime.presences ENABLE ROW LEVEL SECURITY;

--
-- Name: objects Enable all for authenticated users only 1jgvrq_0; Type: POLICY; Schema: storage; Owner: supabase_storage_admin
--

CREATE POLICY "Enable all for authenticated users only 1jgvrq_0" ON storage.objects FOR SELECT TO authenticated USING ((bucket_id = 'audio'::text));


--
-- Name: objects Enable all for authenticated users only 1jgvrq_1; Type: POLICY; Schema: storage; Owner: supabase_storage_admin
--

CREATE POLICY "Enable all for authenticated users only 1jgvrq_1" ON storage.objects FOR INSERT TO authenticated WITH CHECK ((bucket_id = 'audio'::text));


--
-- Name: objects Enable all for authenticated users only 1jgvrq_2; Type: POLICY; Schema: storage; Owner: supabase_storage_admin
--

CREATE POLICY "Enable all for authenticated users only 1jgvrq_2" ON storage.objects FOR UPDATE TO authenticated USING ((bucket_id = 'audio'::text));


--
-- Name: objects Enable all for authenticated users only 1jgvrq_3; Type: POLICY; Schema: storage; Owner: supabase_storage_admin
--

CREATE POLICY "Enable all for authenticated users only 1jgvrq_3" ON storage.objects FOR DELETE TO authenticated USING ((bucket_id = 'audio'::text));


--
-- Name: objects Give every users access to folder 1nq2cb_0; Type: POLICY; Schema: storage; Owner: supabase_storage_admin
--

CREATE POLICY "Give every users access to folder 1nq2cb_0" ON storage.objects FOR SELECT USING ((bucket_id = 'image'::text));


--
-- Name: objects Give users authenticated access to folder 1nq2cb_1; Type: POLICY; Schema: storage; Owner: supabase_storage_admin
--

CREATE POLICY "Give users authenticated access to folder 1nq2cb_1" ON storage.objects FOR INSERT TO authenticated WITH CHECK ((bucket_id = 'image'::text));


--
-- Name: objects Give users authenticated access to folder 1nq2cb_2; Type: POLICY; Schema: storage; Owner: supabase_storage_admin
--

CREATE POLICY "Give users authenticated access to folder 1nq2cb_2" ON storage.objects FOR UPDATE TO authenticated USING ((bucket_id = 'image'::text));


--
-- Name: objects Give users authenticated access to folder 1nq2cb_3; Type: POLICY; Schema: storage; Owner: supabase_storage_admin
--

CREATE POLICY "Give users authenticated access to folder 1nq2cb_3" ON storage.objects FOR DELETE TO authenticated USING ((bucket_id = 'image'::text));


--
-- Name: buckets; Type: ROW SECURITY; Schema: storage; Owner: supabase_storage_admin
--

ALTER TABLE storage.buckets ENABLE ROW LEVEL SECURITY;

--
-- Name: migrations; Type: ROW SECURITY; Schema: storage; Owner: supabase_storage_admin
--

ALTER TABLE storage.migrations ENABLE ROW LEVEL SECURITY;

--
-- Name: objects; Type: ROW SECURITY; Schema: storage; Owner: supabase_storage_admin
--

ALTER TABLE storage.objects ENABLE ROW LEVEL SECURITY;

--
-- Name: s3_multipart_uploads; Type: ROW SECURITY; Schema: storage; Owner: supabase_storage_admin
--

ALTER TABLE storage.s3_multipart_uploads ENABLE ROW LEVEL SECURITY;

--
-- Name: s3_multipart_uploads_parts; Type: ROW SECURITY; Schema: storage; Owner: supabase_storage_admin
--

ALTER TABLE storage.s3_multipart_uploads_parts ENABLE ROW LEVEL SECURITY;

--
-- Name: supabase_realtime; Type: PUBLICATION; Schema: -; Owner: postgres
--

CREATE PUBLICATION supabase_realtime WITH (publish = 'insert, update, delete, truncate');


ALTER PUBLICATION supabase_realtime OWNER TO postgres;

--
-- Name: supabase_realtime canvas; Type: PUBLICATION TABLE; Schema: public; Owner: postgres
--

ALTER PUBLICATION supabase_realtime ADD TABLE ONLY public.canvas;


--
-- Name: supabase_realtime note; Type: PUBLICATION TABLE; Schema: public; Owner: postgres
--

ALTER PUBLICATION supabase_realtime ADD TABLE ONLY public.note;


--
-- Name: supabase_realtime note_audio_paths; Type: PUBLICATION TABLE; Schema: public; Owner: postgres
--

ALTER PUBLICATION supabase_realtime ADD TABLE ONLY public.note_audio_paths;


--
-- Name: supabase_realtime page_states; Type: PUBLICATION TABLE; Schema: public; Owner: postgres
--

ALTER PUBLICATION supabase_realtime ADD TABLE ONLY public.page_states;


--
-- Name: supabase_realtime paper_cup_params; Type: PUBLICATION TABLE; Schema: public; Owner: postgres
--

ALTER PUBLICATION supabase_realtime ADD TABLE ONLY public.paper_cup_params;


--
-- Name: supabase_realtime pathname_logs; Type: PUBLICATION TABLE; Schema: public; Owner: postgres
--

ALTER PUBLICATION supabase_realtime ADD TABLE ONLY public.pathname_logs;


--
-- Name: supabase_realtime pitches; Type: PUBLICATION TABLE; Schema: public; Owner: postgres
--

ALTER PUBLICATION supabase_realtime ADD TABLE ONLY public.pitches;


--
-- Name: supabase_realtime pitches_user; Type: PUBLICATION TABLE; Schema: public; Owner: postgres
--

ALTER PUBLICATION supabase_realtime ADD TABLE ONLY public.pitches_user;


--
-- Name: supabase_realtime record_params; Type: PUBLICATION TABLE; Schema: public; Owner: postgres
--

ALTER PUBLICATION supabase_realtime ADD TABLE ONLY public.record_params;


--
-- Name: supabase_realtime records; Type: PUBLICATION TABLE; Schema: public; Owner: postgres
--

ALTER PUBLICATION supabase_realtime ADD TABLE ONLY public.records;


--
-- Name: supabase_realtime remote_login_trigger; Type: PUBLICATION TABLE; Schema: public; Owner: postgres
--

ALTER PUBLICATION supabase_realtime ADD TABLE ONLY public.remote_login_trigger;


--
-- Name: supabase_realtime speed_workout; Type: PUBLICATION TABLE; Schema: public; Owner: postgres
--

ALTER PUBLICATION supabase_realtime ADD TABLE ONLY public.speed_workout;


--
-- Name: SCHEMA auth; Type: ACL; Schema: -; Owner: supabase_admin
--

GRANT USAGE ON SCHEMA auth TO anon;
GRANT USAGE ON SCHEMA auth TO authenticated;
GRANT USAGE ON SCHEMA auth TO service_role;
GRANT ALL ON SCHEMA auth TO supabase_auth_admin;
GRANT ALL ON SCHEMA auth TO dashboard_user;
GRANT ALL ON SCHEMA auth TO postgres;


--
-- Name: SCHEMA extensions; Type: ACL; Schema: -; Owner: postgres
--

GRANT USAGE ON SCHEMA extensions TO anon;
GRANT USAGE ON SCHEMA extensions TO authenticated;
GRANT USAGE ON SCHEMA extensions TO service_role;
GRANT ALL ON SCHEMA extensions TO dashboard_user;


--
-- Name: SCHEMA public; Type: ACL; Schema: -; Owner: pg_database_owner
--

GRANT USAGE ON SCHEMA public TO postgres;
GRANT USAGE ON SCHEMA public TO anon;
GRANT USAGE ON SCHEMA public TO authenticated;
GRANT USAGE ON SCHEMA public TO service_role;


--
-- Name: SCHEMA realtime; Type: ACL; Schema: -; Owner: supabase_admin
--

GRANT USAGE ON SCHEMA realtime TO postgres;
GRANT USAGE ON SCHEMA realtime TO anon;
GRANT USAGE ON SCHEMA realtime TO authenticated;
GRANT USAGE ON SCHEMA realtime TO service_role;
GRANT ALL ON SCHEMA realtime TO supabase_realtime_admin;


--
-- Name: SCHEMA storage; Type: ACL; Schema: -; Owner: supabase_admin
--

GRANT ALL ON SCHEMA storage TO postgres;
GRANT USAGE ON SCHEMA storage TO anon;
GRANT USAGE ON SCHEMA storage TO authenticated;
GRANT USAGE ON SCHEMA storage TO service_role;
GRANT ALL ON SCHEMA storage TO supabase_storage_admin;
GRANT ALL ON SCHEMA storage TO dashboard_user;


--
-- Name: FUNCTION email(); Type: ACL; Schema: auth; Owner: supabase_auth_admin
--

GRANT ALL ON FUNCTION auth.email() TO dashboard_user;
GRANT ALL ON FUNCTION auth.email() TO postgres;


--
-- Name: FUNCTION jwt(); Type: ACL; Schema: auth; Owner: supabase_auth_admin
--

GRANT ALL ON FUNCTION auth.jwt() TO postgres;
GRANT ALL ON FUNCTION auth.jwt() TO dashboard_user;


--
-- Name: FUNCTION role(); Type: ACL; Schema: auth; Owner: supabase_auth_admin
--

GRANT ALL ON FUNCTION auth.role() TO dashboard_user;
GRANT ALL ON FUNCTION auth.role() TO postgres;


--
-- Name: FUNCTION uid(); Type: ACL; Schema: auth; Owner: supabase_auth_admin
--

GRANT ALL ON FUNCTION auth.uid() TO dashboard_user;
GRANT ALL ON FUNCTION auth.uid() TO postgres;


--
-- Name: FUNCTION algorithm_sign(signables text, secret text, algorithm text); Type: ACL; Schema: extensions; Owner: supabase_admin
--

GRANT ALL ON FUNCTION extensions.algorithm_sign(signables text, secret text, algorithm text) TO postgres WITH GRANT OPTION;
GRANT ALL ON FUNCTION extensions.algorithm_sign(signables text, secret text, algorithm text) TO dashboard_user;
SET SESSION AUTHORIZATION postgres;
GRANT ALL ON FUNCTION extensions.algorithm_sign(signables text, secret text, algorithm text) TO dashboard_user;
RESET SESSION AUTHORIZATION;


--
-- Name: FUNCTION armor(bytea); Type: ACL; Schema: extensions; Owner: supabase_admin
--

GRANT ALL ON FUNCTION extensions.armor(bytea) TO postgres WITH GRANT OPTION;
GRANT ALL ON FUNCTION extensions.armor(bytea) TO dashboard_user;
SET SESSION AUTHORIZATION postgres;
GRANT ALL ON FUNCTION extensions.armor(bytea) TO dashboard_user;
RESET SESSION AUTHORIZATION;


--
-- Name: FUNCTION armor(bytea, text[], text[]); Type: ACL; Schema: extensions; Owner: supabase_admin
--

GRANT ALL ON FUNCTION extensions.armor(bytea, text[], text[]) TO postgres WITH GRANT OPTION;
GRANT ALL ON FUNCTION extensions.armor(bytea, text[], text[]) TO dashboard_user;
SET SESSION AUTHORIZATION postgres;
GRANT ALL ON FUNCTION extensions.armor(bytea, text[], text[]) TO dashboard_user;
RESET SESSION AUTHORIZATION;


--
-- Name: FUNCTION crypt(text, text); Type: ACL; Schema: extensions; Owner: supabase_admin
--

GRANT ALL ON FUNCTION extensions.crypt(text, text) TO postgres WITH GRANT OPTION;
GRANT ALL ON FUNCTION extensions.crypt(text, text) TO dashboard_user;
SET SESSION AUTHORIZATION postgres;
GRANT ALL ON FUNCTION extensions.crypt(text, text) TO dashboard_user;
RESET SESSION AUTHORIZATION;


--
-- Name: FUNCTION dearmor(text); Type: ACL; Schema: extensions; Owner: supabase_admin
--

GRANT ALL ON FUNCTION extensions.dearmor(text) TO postgres WITH GRANT OPTION;
GRANT ALL ON FUNCTION extensions.dearmor(text) TO dashboard_user;
SET SESSION AUTHORIZATION postgres;
GRANT ALL ON FUNCTION extensions.dearmor(text) TO dashboard_user;
RESET SESSION AUTHORIZATION;


--
-- Name: FUNCTION decrypt(bytea, bytea, text); Type: ACL; Schema: extensions; Owner: supabase_admin
--

GRANT ALL ON FUNCTION extensions.decrypt(bytea, bytea, text) TO postgres WITH GRANT OPTION;
GRANT ALL ON FUNCTION extensions.decrypt(bytea, bytea, text) TO dashboard_user;
SET SESSION AUTHORIZATION postgres;
GRANT ALL ON FUNCTION extensions.decrypt(bytea, bytea, text) TO dashboard_user;
RESET SESSION AUTHORIZATION;


--
-- Name: FUNCTION decrypt_iv(bytea, bytea, bytea, text); Type: ACL; Schema: extensions; Owner: supabase_admin
--

GRANT ALL ON FUNCTION extensions.decrypt_iv(bytea, bytea, bytea, text) TO postgres WITH GRANT OPTION;
GRANT ALL ON FUNCTION extensions.decrypt_iv(bytea, bytea, bytea, text) TO dashboard_user;
SET SESSION AUTHORIZATION postgres;
GRANT ALL ON FUNCTION extensions.decrypt_iv(bytea, bytea, bytea, text) TO dashboard_user;
RESET SESSION AUTHORIZATION;


--
-- Name: FUNCTION digest(bytea, text); Type: ACL; Schema: extensions; Owner: supabase_admin
--

GRANT ALL ON FUNCTION extensions.digest(bytea, text) TO postgres WITH GRANT OPTION;
GRANT ALL ON FUNCTION extensions.digest(bytea, text) TO dashboard_user;
SET SESSION AUTHORIZATION postgres;
GRANT ALL ON FUNCTION extensions.digest(bytea, text) TO dashboard_user;
RESET SESSION AUTHORIZATION;


--
-- Name: FUNCTION digest(text, text); Type: ACL; Schema: extensions; Owner: supabase_admin
--

GRANT ALL ON FUNCTION extensions.digest(text, text) TO postgres WITH GRANT OPTION;
GRANT ALL ON FUNCTION extensions.digest(text, text) TO dashboard_user;
SET SESSION AUTHORIZATION postgres;
GRANT ALL ON FUNCTION extensions.digest(text, text) TO dashboard_user;
RESET SESSION AUTHORIZATION;


--
-- Name: FUNCTION encrypt(bytea, bytea, text); Type: ACL; Schema: extensions; Owner: supabase_admin
--

GRANT ALL ON FUNCTION extensions.encrypt(bytea, bytea, text) TO postgres WITH GRANT OPTION;
GRANT ALL ON FUNCTION extensions.encrypt(bytea, bytea, text) TO dashboard_user;
SET SESSION AUTHORIZATION postgres;
GRANT ALL ON FUNCTION extensions.encrypt(bytea, bytea, text) TO dashboard_user;
RESET SESSION AUTHORIZATION;


--
-- Name: FUNCTION encrypt_iv(bytea, bytea, bytea, text); Type: ACL; Schema: extensions; Owner: supabase_admin
--

GRANT ALL ON FUNCTION extensions.encrypt_iv(bytea, bytea, bytea, text) TO postgres WITH GRANT OPTION;
GRANT ALL ON FUNCTION extensions.encrypt_iv(bytea, bytea, bytea, text) TO dashboard_user;
SET SESSION AUTHORIZATION postgres;
GRANT ALL ON FUNCTION extensions.encrypt_iv(bytea, bytea, bytea, text) TO dashboard_user;
RESET SESSION AUTHORIZATION;


--
-- Name: FUNCTION gen_random_bytes(integer); Type: ACL; Schema: extensions; Owner: supabase_admin
--

GRANT ALL ON FUNCTION extensions.gen_random_bytes(integer) TO postgres WITH GRANT OPTION;
GRANT ALL ON FUNCTION extensions.gen_random_bytes(integer) TO dashboard_user;
SET SESSION AUTHORIZATION postgres;
GRANT ALL ON FUNCTION extensions.gen_random_bytes(integer) TO dashboard_user;
RESET SESSION AUTHORIZATION;


--
-- Name: FUNCTION gen_random_uuid(); Type: ACL; Schema: extensions; Owner: supabase_admin
--

GRANT ALL ON FUNCTION extensions.gen_random_uuid() TO postgres WITH GRANT OPTION;
GRANT ALL ON FUNCTION extensions.gen_random_uuid() TO dashboard_user;
SET SESSION AUTHORIZATION postgres;
GRANT ALL ON FUNCTION extensions.gen_random_uuid() TO dashboard_user;
RESET SESSION AUTHORIZATION;


--
-- Name: FUNCTION gen_salt(text); Type: ACL; Schema: extensions; Owner: supabase_admin
--

GRANT ALL ON FUNCTION extensions.gen_salt(text) TO postgres WITH GRANT OPTION;
GRANT ALL ON FUNCTION extensions.gen_salt(text) TO dashboard_user;
SET SESSION AUTHORIZATION postgres;
GRANT ALL ON FUNCTION extensions.gen_salt(text) TO dashboard_user;
RESET SESSION AUTHORIZATION;


--
-- Name: FUNCTION gen_salt(text, integer); Type: ACL; Schema: extensions; Owner: supabase_admin
--

GRANT ALL ON FUNCTION extensions.gen_salt(text, integer) TO postgres WITH GRANT OPTION;
GRANT ALL ON FUNCTION extensions.gen_salt(text, integer) TO dashboard_user;
SET SESSION AUTHORIZATION postgres;
GRANT ALL ON FUNCTION extensions.gen_salt(text, integer) TO dashboard_user;
RESET SESSION AUTHORIZATION;


--
-- Name: FUNCTION grant_pg_cron_access(); Type: ACL; Schema: extensions; Owner: postgres
--

REVOKE ALL ON FUNCTION extensions.grant_pg_cron_access() FROM postgres;
GRANT ALL ON FUNCTION extensions.grant_pg_cron_access() TO postgres WITH GRANT OPTION;
GRANT ALL ON FUNCTION extensions.grant_pg_cron_access() TO dashboard_user;


--
-- Name: FUNCTION grant_pg_graphql_access(); Type: ACL; Schema: extensions; Owner: supabase_admin
--

GRANT ALL ON FUNCTION extensions.grant_pg_graphql_access() TO postgres WITH GRANT OPTION;


--
-- Name: FUNCTION grant_pg_net_access(); Type: ACL; Schema: extensions; Owner: postgres
--

REVOKE ALL ON FUNCTION extensions.grant_pg_net_access() FROM postgres;
GRANT ALL ON FUNCTION extensions.grant_pg_net_access() TO postgres WITH GRANT OPTION;
GRANT ALL ON FUNCTION extensions.grant_pg_net_access() TO dashboard_user;


--
-- Name: FUNCTION hmac(bytea, bytea, text); Type: ACL; Schema: extensions; Owner: supabase_admin
--

GRANT ALL ON FUNCTION extensions.hmac(bytea, bytea, text) TO postgres WITH GRANT OPTION;
GRANT ALL ON FUNCTION extensions.hmac(bytea, bytea, text) TO dashboard_user;
SET SESSION AUTHORIZATION postgres;
GRANT ALL ON FUNCTION extensions.hmac(bytea, bytea, text) TO dashboard_user;
RESET SESSION AUTHORIZATION;


--
-- Name: FUNCTION hmac(text, text, text); Type: ACL; Schema: extensions; Owner: supabase_admin
--

GRANT ALL ON FUNCTION extensions.hmac(text, text, text) TO postgres WITH GRANT OPTION;
GRANT ALL ON FUNCTION extensions.hmac(text, text, text) TO dashboard_user;
SET SESSION AUTHORIZATION postgres;
GRANT ALL ON FUNCTION extensions.hmac(text, text, text) TO dashboard_user;
RESET SESSION AUTHORIZATION;


--
-- Name: FUNCTION pg_stat_statements(showtext boolean, OUT userid oid, OUT dbid oid, OUT toplevel boolean, OUT queryid bigint, OUT query text, OUT plans bigint, OUT total_plan_time double precision, OUT min_plan_time double precision, OUT max_plan_time double precision, OUT mean_plan_time double precision, OUT stddev_plan_time double precision, OUT calls bigint, OUT total_exec_time double precision, OUT min_exec_time double precision, OUT max_exec_time double precision, OUT mean_exec_time double precision, OUT stddev_exec_time double precision, OUT rows bigint, OUT shared_blks_hit bigint, OUT shared_blks_read bigint, OUT shared_blks_dirtied bigint, OUT shared_blks_written bigint, OUT local_blks_hit bigint, OUT local_blks_read bigint, OUT local_blks_dirtied bigint, OUT local_blks_written bigint, OUT temp_blks_read bigint, OUT temp_blks_written bigint, OUT blk_read_time double precision, OUT blk_write_time double precision, OUT temp_blk_read_time double precision, OUT temp_blk_write_time double precision, OUT wal_records bigint, OUT wal_fpi bigint, OUT wal_bytes numeric, OUT jit_functions bigint, OUT jit_generation_time double precision, OUT jit_inlining_count bigint, OUT jit_inlining_time double precision, OUT jit_optimization_count bigint, OUT jit_optimization_time double precision, OUT jit_emission_count bigint, OUT jit_emission_time double precision); Type: ACL; Schema: extensions; Owner: supabase_admin
--

GRANT ALL ON FUNCTION extensions.pg_stat_statements(showtext boolean, OUT userid oid, OUT dbid oid, OUT toplevel boolean, OUT queryid bigint, OUT query text, OUT plans bigint, OUT total_plan_time double precision, OUT min_plan_time double precision, OUT max_plan_time double precision, OUT mean_plan_time double precision, OUT stddev_plan_time double precision, OUT calls bigint, OUT total_exec_time double precision, OUT min_exec_time double precision, OUT max_exec_time double precision, OUT mean_exec_time double precision, OUT stddev_exec_time double precision, OUT rows bigint, OUT shared_blks_hit bigint, OUT shared_blks_read bigint, OUT shared_blks_dirtied bigint, OUT shared_blks_written bigint, OUT local_blks_hit bigint, OUT local_blks_read bigint, OUT local_blks_dirtied bigint, OUT local_blks_written bigint, OUT temp_blks_read bigint, OUT temp_blks_written bigint, OUT blk_read_time double precision, OUT blk_write_time double precision, OUT temp_blk_read_time double precision, OUT temp_blk_write_time double precision, OUT wal_records bigint, OUT wal_fpi bigint, OUT wal_bytes numeric, OUT jit_functions bigint, OUT jit_generation_time double precision, OUT jit_inlining_count bigint, OUT jit_inlining_time double precision, OUT jit_optimization_count bigint, OUT jit_optimization_time double precision, OUT jit_emission_count bigint, OUT jit_emission_time double precision) TO postgres WITH GRANT OPTION;
GRANT ALL ON FUNCTION extensions.pg_stat_statements(showtext boolean, OUT userid oid, OUT dbid oid, OUT toplevel boolean, OUT queryid bigint, OUT query text, OUT plans bigint, OUT total_plan_time double precision, OUT min_plan_time double precision, OUT max_plan_time double precision, OUT mean_plan_time double precision, OUT stddev_plan_time double precision, OUT calls bigint, OUT total_exec_time double precision, OUT min_exec_time double precision, OUT max_exec_time double precision, OUT mean_exec_time double precision, OUT stddev_exec_time double precision, OUT rows bigint, OUT shared_blks_hit bigint, OUT shared_blks_read bigint, OUT shared_blks_dirtied bigint, OUT shared_blks_written bigint, OUT local_blks_hit bigint, OUT local_blks_read bigint, OUT local_blks_dirtied bigint, OUT local_blks_written bigint, OUT temp_blks_read bigint, OUT temp_blks_written bigint, OUT blk_read_time double precision, OUT blk_write_time double precision, OUT temp_blk_read_time double precision, OUT temp_blk_write_time double precision, OUT wal_records bigint, OUT wal_fpi bigint, OUT wal_bytes numeric, OUT jit_functions bigint, OUT jit_generation_time double precision, OUT jit_inlining_count bigint, OUT jit_inlining_time double precision, OUT jit_optimization_count bigint, OUT jit_optimization_time double precision, OUT jit_emission_count bigint, OUT jit_emission_time double precision) TO dashboard_user;
SET SESSION AUTHORIZATION postgres;
GRANT ALL ON FUNCTION extensions.pg_stat_statements(showtext boolean, OUT userid oid, OUT dbid oid, OUT toplevel boolean, OUT queryid bigint, OUT query text, OUT plans bigint, OUT total_plan_time double precision, OUT min_plan_time double precision, OUT max_plan_time double precision, OUT mean_plan_time double precision, OUT stddev_plan_time double precision, OUT calls bigint, OUT total_exec_time double precision, OUT min_exec_time double precision, OUT max_exec_time double precision, OUT mean_exec_time double precision, OUT stddev_exec_time double precision, OUT rows bigint, OUT shared_blks_hit bigint, OUT shared_blks_read bigint, OUT shared_blks_dirtied bigint, OUT shared_blks_written bigint, OUT local_blks_hit bigint, OUT local_blks_read bigint, OUT local_blks_dirtied bigint, OUT local_blks_written bigint, OUT temp_blks_read bigint, OUT temp_blks_written bigint, OUT blk_read_time double precision, OUT blk_write_time double precision, OUT temp_blk_read_time double precision, OUT temp_blk_write_time double precision, OUT wal_records bigint, OUT wal_fpi bigint, OUT wal_bytes numeric, OUT jit_functions bigint, OUT jit_generation_time double precision, OUT jit_inlining_count bigint, OUT jit_inlining_time double precision, OUT jit_optimization_count bigint, OUT jit_optimization_time double precision, OUT jit_emission_count bigint, OUT jit_emission_time double precision) TO dashboard_user;
RESET SESSION AUTHORIZATION;


--
-- Name: FUNCTION pg_stat_statements_info(OUT dealloc bigint, OUT stats_reset timestamp with time zone); Type: ACL; Schema: extensions; Owner: supabase_admin
--

GRANT ALL ON FUNCTION extensions.pg_stat_statements_info(OUT dealloc bigint, OUT stats_reset timestamp with time zone) TO postgres WITH GRANT OPTION;
GRANT ALL ON FUNCTION extensions.pg_stat_statements_info(OUT dealloc bigint, OUT stats_reset timestamp with time zone) TO dashboard_user;
SET SESSION AUTHORIZATION postgres;
GRANT ALL ON FUNCTION extensions.pg_stat_statements_info(OUT dealloc bigint, OUT stats_reset timestamp with time zone) TO dashboard_user;
RESET SESSION AUTHORIZATION;


--
-- Name: FUNCTION pg_stat_statements_reset(userid oid, dbid oid, queryid bigint); Type: ACL; Schema: extensions; Owner: supabase_admin
--

GRANT ALL ON FUNCTION extensions.pg_stat_statements_reset(userid oid, dbid oid, queryid bigint) TO postgres WITH GRANT OPTION;
GRANT ALL ON FUNCTION extensions.pg_stat_statements_reset(userid oid, dbid oid, queryid bigint) TO dashboard_user;
SET SESSION AUTHORIZATION postgres;
GRANT ALL ON FUNCTION extensions.pg_stat_statements_reset(userid oid, dbid oid, queryid bigint) TO dashboard_user;
RESET SESSION AUTHORIZATION;


--
-- Name: FUNCTION pgp_armor_headers(text, OUT key text, OUT value text); Type: ACL; Schema: extensions; Owner: supabase_admin
--

GRANT ALL ON FUNCTION extensions.pgp_armor_headers(text, OUT key text, OUT value text) TO postgres WITH GRANT OPTION;
GRANT ALL ON FUNCTION extensions.pgp_armor_headers(text, OUT key text, OUT value text) TO dashboard_user;
SET SESSION AUTHORIZATION postgres;
GRANT ALL ON FUNCTION extensions.pgp_armor_headers(text, OUT key text, OUT value text) TO dashboard_user;
RESET SESSION AUTHORIZATION;


--
-- Name: FUNCTION pgp_key_id(bytea); Type: ACL; Schema: extensions; Owner: supabase_admin
--

GRANT ALL ON FUNCTION extensions.pgp_key_id(bytea) TO postgres WITH GRANT OPTION;
GRANT ALL ON FUNCTION extensions.pgp_key_id(bytea) TO dashboard_user;
SET SESSION AUTHORIZATION postgres;
GRANT ALL ON FUNCTION extensions.pgp_key_id(bytea) TO dashboard_user;
RESET SESSION AUTHORIZATION;


--
-- Name: FUNCTION pgp_pub_decrypt(bytea, bytea); Type: ACL; Schema: extensions; Owner: supabase_admin
--

GRANT ALL ON FUNCTION extensions.pgp_pub_decrypt(bytea, bytea) TO postgres WITH GRANT OPTION;
GRANT ALL ON FUNCTION extensions.pgp_pub_decrypt(bytea, bytea) TO dashboard_user;
SET SESSION AUTHORIZATION postgres;
GRANT ALL ON FUNCTION extensions.pgp_pub_decrypt(bytea, bytea) TO dashboard_user;
RESET SESSION AUTHORIZATION;


--
-- Name: FUNCTION pgp_pub_decrypt(bytea, bytea, text); Type: ACL; Schema: extensions; Owner: supabase_admin
--

GRANT ALL ON FUNCTION extensions.pgp_pub_decrypt(bytea, bytea, text) TO postgres WITH GRANT OPTION;
GRANT ALL ON FUNCTION extensions.pgp_pub_decrypt(bytea, bytea, text) TO dashboard_user;
SET SESSION AUTHORIZATION postgres;
GRANT ALL ON FUNCTION extensions.pgp_pub_decrypt(bytea, bytea, text) TO dashboard_user;
RESET SESSION AUTHORIZATION;


--
-- Name: FUNCTION pgp_pub_decrypt(bytea, bytea, text, text); Type: ACL; Schema: extensions; Owner: supabase_admin
--

GRANT ALL ON FUNCTION extensions.pgp_pub_decrypt(bytea, bytea, text, text) TO postgres WITH GRANT OPTION;
GRANT ALL ON FUNCTION extensions.pgp_pub_decrypt(bytea, bytea, text, text) TO dashboard_user;
SET SESSION AUTHORIZATION postgres;
GRANT ALL ON FUNCTION extensions.pgp_pub_decrypt(bytea, bytea, text, text) TO dashboard_user;
RESET SESSION AUTHORIZATION;


--
-- Name: FUNCTION pgp_pub_decrypt_bytea(bytea, bytea); Type: ACL; Schema: extensions; Owner: supabase_admin
--

GRANT ALL ON FUNCTION extensions.pgp_pub_decrypt_bytea(bytea, bytea) TO postgres WITH GRANT OPTION;
GRANT ALL ON FUNCTION extensions.pgp_pub_decrypt_bytea(bytea, bytea) TO dashboard_user;
SET SESSION AUTHORIZATION postgres;
GRANT ALL ON FUNCTION extensions.pgp_pub_decrypt_bytea(bytea, bytea) TO dashboard_user;
RESET SESSION AUTHORIZATION;


--
-- Name: FUNCTION pgp_pub_decrypt_bytea(bytea, bytea, text); Type: ACL; Schema: extensions; Owner: supabase_admin
--

GRANT ALL ON FUNCTION extensions.pgp_pub_decrypt_bytea(bytea, bytea, text) TO postgres WITH GRANT OPTION;
GRANT ALL ON FUNCTION extensions.pgp_pub_decrypt_bytea(bytea, bytea, text) TO dashboard_user;
SET SESSION AUTHORIZATION postgres;
GRANT ALL ON FUNCTION extensions.pgp_pub_decrypt_bytea(bytea, bytea, text) TO dashboard_user;
RESET SESSION AUTHORIZATION;


--
-- Name: FUNCTION pgp_pub_decrypt_bytea(bytea, bytea, text, text); Type: ACL; Schema: extensions; Owner: supabase_admin
--

GRANT ALL ON FUNCTION extensions.pgp_pub_decrypt_bytea(bytea, bytea, text, text) TO postgres WITH GRANT OPTION;
GRANT ALL ON FUNCTION extensions.pgp_pub_decrypt_bytea(bytea, bytea, text, text) TO dashboard_user;
SET SESSION AUTHORIZATION postgres;
GRANT ALL ON FUNCTION extensions.pgp_pub_decrypt_bytea(bytea, bytea, text, text) TO dashboard_user;
RESET SESSION AUTHORIZATION;


--
-- Name: FUNCTION pgp_pub_encrypt(text, bytea); Type: ACL; Schema: extensions; Owner: supabase_admin
--

GRANT ALL ON FUNCTION extensions.pgp_pub_encrypt(text, bytea) TO postgres WITH GRANT OPTION;
GRANT ALL ON FUNCTION extensions.pgp_pub_encrypt(text, bytea) TO dashboard_user;
SET SESSION AUTHORIZATION postgres;
GRANT ALL ON FUNCTION extensions.pgp_pub_encrypt(text, bytea) TO dashboard_user;
RESET SESSION AUTHORIZATION;


--
-- Name: FUNCTION pgp_pub_encrypt(text, bytea, text); Type: ACL; Schema: extensions; Owner: supabase_admin
--

GRANT ALL ON FUNCTION extensions.pgp_pub_encrypt(text, bytea, text) TO postgres WITH GRANT OPTION;
GRANT ALL ON FUNCTION extensions.pgp_pub_encrypt(text, bytea, text) TO dashboard_user;
SET SESSION AUTHORIZATION postgres;
GRANT ALL ON FUNCTION extensions.pgp_pub_encrypt(text, bytea, text) TO dashboard_user;
RESET SESSION AUTHORIZATION;


--
-- Name: FUNCTION pgp_pub_encrypt_bytea(bytea, bytea); Type: ACL; Schema: extensions; Owner: supabase_admin
--

GRANT ALL ON FUNCTION extensions.pgp_pub_encrypt_bytea(bytea, bytea) TO postgres WITH GRANT OPTION;
GRANT ALL ON FUNCTION extensions.pgp_pub_encrypt_bytea(bytea, bytea) TO dashboard_user;
SET SESSION AUTHORIZATION postgres;
GRANT ALL ON FUNCTION extensions.pgp_pub_encrypt_bytea(bytea, bytea) TO dashboard_user;
RESET SESSION AUTHORIZATION;


--
-- Name: FUNCTION pgp_pub_encrypt_bytea(bytea, bytea, text); Type: ACL; Schema: extensions; Owner: supabase_admin
--

GRANT ALL ON FUNCTION extensions.pgp_pub_encrypt_bytea(bytea, bytea, text) TO postgres WITH GRANT OPTION;
GRANT ALL ON FUNCTION extensions.pgp_pub_encrypt_bytea(bytea, bytea, text) TO dashboard_user;
SET SESSION AUTHORIZATION postgres;
GRANT ALL ON FUNCTION extensions.pgp_pub_encrypt_bytea(bytea, bytea, text) TO dashboard_user;
RESET SESSION AUTHORIZATION;


--
-- Name: FUNCTION pgp_sym_decrypt(bytea, text); Type: ACL; Schema: extensions; Owner: supabase_admin
--

GRANT ALL ON FUNCTION extensions.pgp_sym_decrypt(bytea, text) TO postgres WITH GRANT OPTION;
GRANT ALL ON FUNCTION extensions.pgp_sym_decrypt(bytea, text) TO dashboard_user;
SET SESSION AUTHORIZATION postgres;
GRANT ALL ON FUNCTION extensions.pgp_sym_decrypt(bytea, text) TO dashboard_user;
RESET SESSION AUTHORIZATION;


--
-- Name: FUNCTION pgp_sym_decrypt(bytea, text, text); Type: ACL; Schema: extensions; Owner: supabase_admin
--

GRANT ALL ON FUNCTION extensions.pgp_sym_decrypt(bytea, text, text) TO postgres WITH GRANT OPTION;
GRANT ALL ON FUNCTION extensions.pgp_sym_decrypt(bytea, text, text) TO dashboard_user;
SET SESSION AUTHORIZATION postgres;
GRANT ALL ON FUNCTION extensions.pgp_sym_decrypt(bytea, text, text) TO dashboard_user;
RESET SESSION AUTHORIZATION;


--
-- Name: FUNCTION pgp_sym_decrypt_bytea(bytea, text); Type: ACL; Schema: extensions; Owner: supabase_admin
--

GRANT ALL ON FUNCTION extensions.pgp_sym_decrypt_bytea(bytea, text) TO postgres WITH GRANT OPTION;
GRANT ALL ON FUNCTION extensions.pgp_sym_decrypt_bytea(bytea, text) TO dashboard_user;
SET SESSION AUTHORIZATION postgres;
GRANT ALL ON FUNCTION extensions.pgp_sym_decrypt_bytea(bytea, text) TO dashboard_user;
RESET SESSION AUTHORIZATION;


--
-- Name: FUNCTION pgp_sym_decrypt_bytea(bytea, text, text); Type: ACL; Schema: extensions; Owner: supabase_admin
--

GRANT ALL ON FUNCTION extensions.pgp_sym_decrypt_bytea(bytea, text, text) TO postgres WITH GRANT OPTION;
GRANT ALL ON FUNCTION extensions.pgp_sym_decrypt_bytea(bytea, text, text) TO dashboard_user;
SET SESSION AUTHORIZATION postgres;
GRANT ALL ON FUNCTION extensions.pgp_sym_decrypt_bytea(bytea, text, text) TO dashboard_user;
RESET SESSION AUTHORIZATION;


--
-- Name: FUNCTION pgp_sym_encrypt(text, text); Type: ACL; Schema: extensions; Owner: supabase_admin
--

GRANT ALL ON FUNCTION extensions.pgp_sym_encrypt(text, text) TO postgres WITH GRANT OPTION;
GRANT ALL ON FUNCTION extensions.pgp_sym_encrypt(text, text) TO dashboard_user;
SET SESSION AUTHORIZATION postgres;
GRANT ALL ON FUNCTION extensions.pgp_sym_encrypt(text, text) TO dashboard_user;
RESET SESSION AUTHORIZATION;


--
-- Name: FUNCTION pgp_sym_encrypt(text, text, text); Type: ACL; Schema: extensions; Owner: supabase_admin
--

GRANT ALL ON FUNCTION extensions.pgp_sym_encrypt(text, text, text) TO postgres WITH GRANT OPTION;
GRANT ALL ON FUNCTION extensions.pgp_sym_encrypt(text, text, text) TO dashboard_user;
SET SESSION AUTHORIZATION postgres;
GRANT ALL ON FUNCTION extensions.pgp_sym_encrypt(text, text, text) TO dashboard_user;
RESET SESSION AUTHORIZATION;


--
-- Name: FUNCTION pgp_sym_encrypt_bytea(bytea, text); Type: ACL; Schema: extensions; Owner: supabase_admin
--

GRANT ALL ON FUNCTION extensions.pgp_sym_encrypt_bytea(bytea, text) TO postgres WITH GRANT OPTION;
GRANT ALL ON FUNCTION extensions.pgp_sym_encrypt_bytea(bytea, text) TO dashboard_user;
SET SESSION AUTHORIZATION postgres;
GRANT ALL ON FUNCTION extensions.pgp_sym_encrypt_bytea(bytea, text) TO dashboard_user;
RESET SESSION AUTHORIZATION;


--
-- Name: FUNCTION pgp_sym_encrypt_bytea(bytea, text, text); Type: ACL; Schema: extensions; Owner: supabase_admin
--

GRANT ALL ON FUNCTION extensions.pgp_sym_encrypt_bytea(bytea, text, text) TO postgres WITH GRANT OPTION;
GRANT ALL ON FUNCTION extensions.pgp_sym_encrypt_bytea(bytea, text, text) TO dashboard_user;
SET SESSION AUTHORIZATION postgres;
GRANT ALL ON FUNCTION extensions.pgp_sym_encrypt_bytea(bytea, text, text) TO dashboard_user;
RESET SESSION AUTHORIZATION;


--
-- Name: FUNCTION pgrst_ddl_watch(); Type: ACL; Schema: extensions; Owner: supabase_admin
--

GRANT ALL ON FUNCTION extensions.pgrst_ddl_watch() TO postgres WITH GRANT OPTION;


--
-- Name: FUNCTION pgrst_drop_watch(); Type: ACL; Schema: extensions; Owner: supabase_admin
--

GRANT ALL ON FUNCTION extensions.pgrst_drop_watch() TO postgres WITH GRANT OPTION;


--
-- Name: FUNCTION set_graphql_placeholder(); Type: ACL; Schema: extensions; Owner: supabase_admin
--

GRANT ALL ON FUNCTION extensions.set_graphql_placeholder() TO postgres WITH GRANT OPTION;


--
-- Name: FUNCTION sign(payload json, secret text, algorithm text); Type: ACL; Schema: extensions; Owner: supabase_admin
--

GRANT ALL ON FUNCTION extensions.sign(payload json, secret text, algorithm text) TO postgres WITH GRANT OPTION;
GRANT ALL ON FUNCTION extensions.sign(payload json, secret text, algorithm text) TO dashboard_user;
SET SESSION AUTHORIZATION postgres;
GRANT ALL ON FUNCTION extensions.sign(payload json, secret text, algorithm text) TO dashboard_user;
RESET SESSION AUTHORIZATION;


--
-- Name: FUNCTION try_cast_double(inp text); Type: ACL; Schema: extensions; Owner: supabase_admin
--

GRANT ALL ON FUNCTION extensions.try_cast_double(inp text) TO postgres WITH GRANT OPTION;
GRANT ALL ON FUNCTION extensions.try_cast_double(inp text) TO dashboard_user;
SET SESSION AUTHORIZATION postgres;
GRANT ALL ON FUNCTION extensions.try_cast_double(inp text) TO dashboard_user;
RESET SESSION AUTHORIZATION;


--
-- Name: FUNCTION url_decode(data text); Type: ACL; Schema: extensions; Owner: supabase_admin
--

GRANT ALL ON FUNCTION extensions.url_decode(data text) TO postgres WITH GRANT OPTION;
GRANT ALL ON FUNCTION extensions.url_decode(data text) TO dashboard_user;
SET SESSION AUTHORIZATION postgres;
GRANT ALL ON FUNCTION extensions.url_decode(data text) TO dashboard_user;
RESET SESSION AUTHORIZATION;


--
-- Name: FUNCTION url_encode(data bytea); Type: ACL; Schema: extensions; Owner: supabase_admin
--

GRANT ALL ON FUNCTION extensions.url_encode(data bytea) TO postgres WITH GRANT OPTION;
GRANT ALL ON FUNCTION extensions.url_encode(data bytea) TO dashboard_user;
SET SESSION AUTHORIZATION postgres;
GRANT ALL ON FUNCTION extensions.url_encode(data bytea) TO dashboard_user;
RESET SESSION AUTHORIZATION;


--
-- Name: FUNCTION uuid_generate_v1(); Type: ACL; Schema: extensions; Owner: supabase_admin
--

GRANT ALL ON FUNCTION extensions.uuid_generate_v1() TO postgres WITH GRANT OPTION;
GRANT ALL ON FUNCTION extensions.uuid_generate_v1() TO dashboard_user;
SET SESSION AUTHORIZATION postgres;
GRANT ALL ON FUNCTION extensions.uuid_generate_v1() TO dashboard_user;
RESET SESSION AUTHORIZATION;


--
-- Name: FUNCTION uuid_generate_v1mc(); Type: ACL; Schema: extensions; Owner: supabase_admin
--

GRANT ALL ON FUNCTION extensions.uuid_generate_v1mc() TO postgres WITH GRANT OPTION;
GRANT ALL ON FUNCTION extensions.uuid_generate_v1mc() TO dashboard_user;
SET SESSION AUTHORIZATION postgres;
GRANT ALL ON FUNCTION extensions.uuid_generate_v1mc() TO dashboard_user;
RESET SESSION AUTHORIZATION;


--
-- Name: FUNCTION uuid_generate_v3(namespace uuid, name text); Type: ACL; Schema: extensions; Owner: supabase_admin
--

GRANT ALL ON FUNCTION extensions.uuid_generate_v3(namespace uuid, name text) TO postgres WITH GRANT OPTION;
GRANT ALL ON FUNCTION extensions.uuid_generate_v3(namespace uuid, name text) TO dashboard_user;
SET SESSION AUTHORIZATION postgres;
GRANT ALL ON FUNCTION extensions.uuid_generate_v3(namespace uuid, name text) TO dashboard_user;
RESET SESSION AUTHORIZATION;


--
-- Name: FUNCTION uuid_generate_v4(); Type: ACL; Schema: extensions; Owner: supabase_admin
--

GRANT ALL ON FUNCTION extensions.uuid_generate_v4() TO postgres WITH GRANT OPTION;
GRANT ALL ON FUNCTION extensions.uuid_generate_v4() TO dashboard_user;
SET SESSION AUTHORIZATION postgres;
GRANT ALL ON FUNCTION extensions.uuid_generate_v4() TO dashboard_user;
RESET SESSION AUTHORIZATION;


--
-- Name: FUNCTION uuid_generate_v5(namespace uuid, name text); Type: ACL; Schema: extensions; Owner: supabase_admin
--

GRANT ALL ON FUNCTION extensions.uuid_generate_v5(namespace uuid, name text) TO postgres WITH GRANT OPTION;
GRANT ALL ON FUNCTION extensions.uuid_generate_v5(namespace uuid, name text) TO dashboard_user;
SET SESSION AUTHORIZATION postgres;
GRANT ALL ON FUNCTION extensions.uuid_generate_v5(namespace uuid, name text) TO dashboard_user;
RESET SESSION AUTHORIZATION;


--
-- Name: FUNCTION uuid_nil(); Type: ACL; Schema: extensions; Owner: supabase_admin
--

GRANT ALL ON FUNCTION extensions.uuid_nil() TO postgres WITH GRANT OPTION;
GRANT ALL ON FUNCTION extensions.uuid_nil() TO dashboard_user;
SET SESSION AUTHORIZATION postgres;
GRANT ALL ON FUNCTION extensions.uuid_nil() TO dashboard_user;
RESET SESSION AUTHORIZATION;


--
-- Name: FUNCTION uuid_ns_dns(); Type: ACL; Schema: extensions; Owner: supabase_admin
--

GRANT ALL ON FUNCTION extensions.uuid_ns_dns() TO postgres WITH GRANT OPTION;
GRANT ALL ON FUNCTION extensions.uuid_ns_dns() TO dashboard_user;
SET SESSION AUTHORIZATION postgres;
GRANT ALL ON FUNCTION extensions.uuid_ns_dns() TO dashboard_user;
RESET SESSION AUTHORIZATION;


--
-- Name: FUNCTION uuid_ns_oid(); Type: ACL; Schema: extensions; Owner: supabase_admin
--

GRANT ALL ON FUNCTION extensions.uuid_ns_oid() TO postgres WITH GRANT OPTION;
GRANT ALL ON FUNCTION extensions.uuid_ns_oid() TO dashboard_user;
SET SESSION AUTHORIZATION postgres;
GRANT ALL ON FUNCTION extensions.uuid_ns_oid() TO dashboard_user;
RESET SESSION AUTHORIZATION;


--
-- Name: FUNCTION uuid_ns_url(); Type: ACL; Schema: extensions; Owner: supabase_admin
--

GRANT ALL ON FUNCTION extensions.uuid_ns_url() TO postgres WITH GRANT OPTION;
GRANT ALL ON FUNCTION extensions.uuid_ns_url() TO dashboard_user;
SET SESSION AUTHORIZATION postgres;
GRANT ALL ON FUNCTION extensions.uuid_ns_url() TO dashboard_user;
RESET SESSION AUTHORIZATION;


--
-- Name: FUNCTION uuid_ns_x500(); Type: ACL; Schema: extensions; Owner: supabase_admin
--

GRANT ALL ON FUNCTION extensions.uuid_ns_x500() TO postgres WITH GRANT OPTION;
GRANT ALL ON FUNCTION extensions.uuid_ns_x500() TO dashboard_user;
SET SESSION AUTHORIZATION postgres;
GRANT ALL ON FUNCTION extensions.uuid_ns_x500() TO dashboard_user;
RESET SESSION AUTHORIZATION;


--
-- Name: FUNCTION verify(token text, secret text, algorithm text); Type: ACL; Schema: extensions; Owner: supabase_admin
--

GRANT ALL ON FUNCTION extensions.verify(token text, secret text, algorithm text) TO postgres WITH GRANT OPTION;
GRANT ALL ON FUNCTION extensions.verify(token text, secret text, algorithm text) TO dashboard_user;
SET SESSION AUTHORIZATION postgres;
GRANT ALL ON FUNCTION extensions.verify(token text, secret text, algorithm text) TO dashboard_user;
RESET SESSION AUTHORIZATION;


--
-- Name: FUNCTION comment_directive(comment_ text); Type: ACL; Schema: graphql; Owner: supabase_admin
--

GRANT ALL ON FUNCTION graphql.comment_directive(comment_ text) TO postgres;
GRANT ALL ON FUNCTION graphql.comment_directive(comment_ text) TO anon;
GRANT ALL ON FUNCTION graphql.comment_directive(comment_ text) TO authenticated;
GRANT ALL ON FUNCTION graphql.comment_directive(comment_ text) TO service_role;


--
-- Name: FUNCTION exception(message text); Type: ACL; Schema: graphql; Owner: supabase_admin
--

GRANT ALL ON FUNCTION graphql.exception(message text) TO postgres;
GRANT ALL ON FUNCTION graphql.exception(message text) TO anon;
GRANT ALL ON FUNCTION graphql.exception(message text) TO authenticated;
GRANT ALL ON FUNCTION graphql.exception(message text) TO service_role;


--
-- Name: FUNCTION get_schema_version(); Type: ACL; Schema: graphql; Owner: supabase_admin
--

GRANT ALL ON FUNCTION graphql.get_schema_version() TO postgres;
GRANT ALL ON FUNCTION graphql.get_schema_version() TO anon;
GRANT ALL ON FUNCTION graphql.get_schema_version() TO authenticated;
GRANT ALL ON FUNCTION graphql.get_schema_version() TO service_role;


--
-- Name: FUNCTION increment_schema_version(); Type: ACL; Schema: graphql; Owner: supabase_admin
--

GRANT ALL ON FUNCTION graphql.increment_schema_version() TO postgres;
GRANT ALL ON FUNCTION graphql.increment_schema_version() TO anon;
GRANT ALL ON FUNCTION graphql.increment_schema_version() TO authenticated;
GRANT ALL ON FUNCTION graphql.increment_schema_version() TO service_role;


--
-- Name: FUNCTION graphql("operationName" text, query text, variables jsonb, extensions jsonb); Type: ACL; Schema: graphql_public; Owner: supabase_admin
--

GRANT ALL ON FUNCTION graphql_public.graphql("operationName" text, query text, variables jsonb, extensions jsonb) TO postgres;
GRANT ALL ON FUNCTION graphql_public.graphql("operationName" text, query text, variables jsonb, extensions jsonb) TO anon;
GRANT ALL ON FUNCTION graphql_public.graphql("operationName" text, query text, variables jsonb, extensions jsonb) TO authenticated;
GRANT ALL ON FUNCTION graphql_public.graphql("operationName" text, query text, variables jsonb, extensions jsonb) TO service_role;


--
-- Name: FUNCTION lo_export(oid, text); Type: ACL; Schema: pg_catalog; Owner: supabase_admin
--

REVOKE ALL ON FUNCTION pg_catalog.lo_export(oid, text) FROM postgres;
GRANT ALL ON FUNCTION pg_catalog.lo_export(oid, text) TO supabase_admin;


--
-- Name: FUNCTION lo_import(text); Type: ACL; Schema: pg_catalog; Owner: supabase_admin
--

REVOKE ALL ON FUNCTION pg_catalog.lo_import(text) FROM postgres;
GRANT ALL ON FUNCTION pg_catalog.lo_import(text) TO supabase_admin;


--
-- Name: FUNCTION lo_import(text, oid); Type: ACL; Schema: pg_catalog; Owner: supabase_admin
--

REVOKE ALL ON FUNCTION pg_catalog.lo_import(text, oid) FROM postgres;
GRANT ALL ON FUNCTION pg_catalog.lo_import(text, oid) TO supabase_admin;


--
-- Name: FUNCTION get_auth(p_usename text); Type: ACL; Schema: pgbouncer; Owner: postgres
--

REVOKE ALL ON FUNCTION pgbouncer.get_auth(p_usename text) FROM PUBLIC;
GRANT ALL ON FUNCTION pgbouncer.get_auth(p_usename text) TO pgbouncer;


--
-- Name: FUNCTION crypto_aead_det_decrypt(message bytea, additional bytea, key_uuid uuid, nonce bytea); Type: ACL; Schema: pgsodium; Owner: pgsodium_keymaker
--

GRANT ALL ON FUNCTION pgsodium.crypto_aead_det_decrypt(message bytea, additional bytea, key_uuid uuid, nonce bytea) TO service_role;


--
-- Name: FUNCTION crypto_aead_det_encrypt(message bytea, additional bytea, key_uuid uuid, nonce bytea); Type: ACL; Schema: pgsodium; Owner: pgsodium_keymaker
--

GRANT ALL ON FUNCTION pgsodium.crypto_aead_det_encrypt(message bytea, additional bytea, key_uuid uuid, nonce bytea) TO service_role;


--
-- Name: FUNCTION crypto_aead_det_keygen(); Type: ACL; Schema: pgsodium; Owner: supabase_admin
--

GRANT ALL ON FUNCTION pgsodium.crypto_aead_det_keygen() TO service_role;


--
-- Name: FUNCTION update_pathname_log(_uid text, _pathname text); Type: ACL; Schema: public; Owner: postgres
--

GRANT ALL ON FUNCTION public.update_pathname_log(_uid text, _pathname text) TO anon;
GRANT ALL ON FUNCTION public.update_pathname_log(_uid text, _pathname text) TO authenticated;
GRANT ALL ON FUNCTION public.update_pathname_log(_uid text, _pathname text) TO service_role;


--
-- Name: FUNCTION update_remote_login_trigger(); Type: ACL; Schema: public; Owner: postgres
--

GRANT ALL ON FUNCTION public.update_remote_login_trigger() TO anon;
GRANT ALL ON FUNCTION public.update_remote_login_trigger() TO authenticated;
GRANT ALL ON FUNCTION public.update_remote_login_trigger() TO service_role;


--
-- Name: FUNCTION apply_rls(wal jsonb, max_record_bytes integer); Type: ACL; Schema: realtime; Owner: supabase_admin
--

GRANT ALL ON FUNCTION realtime.apply_rls(wal jsonb, max_record_bytes integer) TO postgres;
GRANT ALL ON FUNCTION realtime.apply_rls(wal jsonb, max_record_bytes integer) TO dashboard_user;
GRANT ALL ON FUNCTION realtime.apply_rls(wal jsonb, max_record_bytes integer) TO anon;
GRANT ALL ON FUNCTION realtime.apply_rls(wal jsonb, max_record_bytes integer) TO authenticated;
GRANT ALL ON FUNCTION realtime.apply_rls(wal jsonb, max_record_bytes integer) TO service_role;
GRANT ALL ON FUNCTION realtime.apply_rls(wal jsonb, max_record_bytes integer) TO supabase_realtime_admin;


--
-- Name: FUNCTION build_prepared_statement_sql(prepared_statement_name text, entity regclass, columns realtime.wal_column[]); Type: ACL; Schema: realtime; Owner: supabase_admin
--

GRANT ALL ON FUNCTION realtime.build_prepared_statement_sql(prepared_statement_name text, entity regclass, columns realtime.wal_column[]) TO postgres;
GRANT ALL ON FUNCTION realtime.build_prepared_statement_sql(prepared_statement_name text, entity regclass, columns realtime.wal_column[]) TO dashboard_user;
GRANT ALL ON FUNCTION realtime.build_prepared_statement_sql(prepared_statement_name text, entity regclass, columns realtime.wal_column[]) TO anon;
GRANT ALL ON FUNCTION realtime.build_prepared_statement_sql(prepared_statement_name text, entity regclass, columns realtime.wal_column[]) TO authenticated;
GRANT ALL ON FUNCTION realtime.build_prepared_statement_sql(prepared_statement_name text, entity regclass, columns realtime.wal_column[]) TO service_role;
GRANT ALL ON FUNCTION realtime.build_prepared_statement_sql(prepared_statement_name text, entity regclass, columns realtime.wal_column[]) TO supabase_realtime_admin;


--
-- Name: FUNCTION "cast"(val text, type_ regtype); Type: ACL; Schema: realtime; Owner: supabase_admin
--

GRANT ALL ON FUNCTION realtime."cast"(val text, type_ regtype) TO postgres;
GRANT ALL ON FUNCTION realtime."cast"(val text, type_ regtype) TO dashboard_user;
GRANT ALL ON FUNCTION realtime."cast"(val text, type_ regtype) TO anon;
GRANT ALL ON FUNCTION realtime."cast"(val text, type_ regtype) TO authenticated;
GRANT ALL ON FUNCTION realtime."cast"(val text, type_ regtype) TO service_role;
GRANT ALL ON FUNCTION realtime."cast"(val text, type_ regtype) TO supabase_realtime_admin;


--
-- Name: FUNCTION channel_name(); Type: ACL; Schema: realtime; Owner: supabase_realtime_admin
--

GRANT ALL ON FUNCTION realtime.channel_name() TO postgres;
GRANT ALL ON FUNCTION realtime.channel_name() TO dashboard_user;


--
-- Name: FUNCTION check_equality_op(op realtime.equality_op, type_ regtype, val_1 text, val_2 text); Type: ACL; Schema: realtime; Owner: supabase_admin
--

GRANT ALL ON FUNCTION realtime.check_equality_op(op realtime.equality_op, type_ regtype, val_1 text, val_2 text) TO postgres;
GRANT ALL ON FUNCTION realtime.check_equality_op(op realtime.equality_op, type_ regtype, val_1 text, val_2 text) TO dashboard_user;
GRANT ALL ON FUNCTION realtime.check_equality_op(op realtime.equality_op, type_ regtype, val_1 text, val_2 text) TO anon;
GRANT ALL ON FUNCTION realtime.check_equality_op(op realtime.equality_op, type_ regtype, val_1 text, val_2 text) TO authenticated;
GRANT ALL ON FUNCTION realtime.check_equality_op(op realtime.equality_op, type_ regtype, val_1 text, val_2 text) TO service_role;
GRANT ALL ON FUNCTION realtime.check_equality_op(op realtime.equality_op, type_ regtype, val_1 text, val_2 text) TO supabase_realtime_admin;


--
-- Name: FUNCTION is_visible_through_filters(columns realtime.wal_column[], filters realtime.user_defined_filter[]); Type: ACL; Schema: realtime; Owner: supabase_admin
--

GRANT ALL ON FUNCTION realtime.is_visible_through_filters(columns realtime.wal_column[], filters realtime.user_defined_filter[]) TO postgres;
GRANT ALL ON FUNCTION realtime.is_visible_through_filters(columns realtime.wal_column[], filters realtime.user_defined_filter[]) TO dashboard_user;
GRANT ALL ON FUNCTION realtime.is_visible_through_filters(columns realtime.wal_column[], filters realtime.user_defined_filter[]) TO anon;
GRANT ALL ON FUNCTION realtime.is_visible_through_filters(columns realtime.wal_column[], filters realtime.user_defined_filter[]) TO authenticated;
GRANT ALL ON FUNCTION realtime.is_visible_through_filters(columns realtime.wal_column[], filters realtime.user_defined_filter[]) TO service_role;
GRANT ALL ON FUNCTION realtime.is_visible_through_filters(columns realtime.wal_column[], filters realtime.user_defined_filter[]) TO supabase_realtime_admin;


--
-- Name: FUNCTION list_changes(publication name, slot_name name, max_changes integer, max_record_bytes integer); Type: ACL; Schema: realtime; Owner: supabase_admin
--

GRANT ALL ON FUNCTION realtime.list_changes(publication name, slot_name name, max_changes integer, max_record_bytes integer) TO postgres;
GRANT ALL ON FUNCTION realtime.list_changes(publication name, slot_name name, max_changes integer, max_record_bytes integer) TO dashboard_user;
GRANT ALL ON FUNCTION realtime.list_changes(publication name, slot_name name, max_changes integer, max_record_bytes integer) TO anon;
GRANT ALL ON FUNCTION realtime.list_changes(publication name, slot_name name, max_changes integer, max_record_bytes integer) TO authenticated;
GRANT ALL ON FUNCTION realtime.list_changes(publication name, slot_name name, max_changes integer, max_record_bytes integer) TO service_role;
GRANT ALL ON FUNCTION realtime.list_changes(publication name, slot_name name, max_changes integer, max_record_bytes integer) TO supabase_realtime_admin;


--
-- Name: FUNCTION quote_wal2json(entity regclass); Type: ACL; Schema: realtime; Owner: supabase_admin
--

GRANT ALL ON FUNCTION realtime.quote_wal2json(entity regclass) TO postgres;
GRANT ALL ON FUNCTION realtime.quote_wal2json(entity regclass) TO dashboard_user;
GRANT ALL ON FUNCTION realtime.quote_wal2json(entity regclass) TO anon;
GRANT ALL ON FUNCTION realtime.quote_wal2json(entity regclass) TO authenticated;
GRANT ALL ON FUNCTION realtime.quote_wal2json(entity regclass) TO service_role;
GRANT ALL ON FUNCTION realtime.quote_wal2json(entity regclass) TO supabase_realtime_admin;


--
-- Name: FUNCTION subscription_check_filters(); Type: ACL; Schema: realtime; Owner: supabase_admin
--

GRANT ALL ON FUNCTION realtime.subscription_check_filters() TO postgres;
GRANT ALL ON FUNCTION realtime.subscription_check_filters() TO dashboard_user;
GRANT ALL ON FUNCTION realtime.subscription_check_filters() TO anon;
GRANT ALL ON FUNCTION realtime.subscription_check_filters() TO authenticated;
GRANT ALL ON FUNCTION realtime.subscription_check_filters() TO service_role;
GRANT ALL ON FUNCTION realtime.subscription_check_filters() TO supabase_realtime_admin;


--
-- Name: FUNCTION to_regrole(role_name text); Type: ACL; Schema: realtime; Owner: supabase_admin
--

GRANT ALL ON FUNCTION realtime.to_regrole(role_name text) TO postgres;
GRANT ALL ON FUNCTION realtime.to_regrole(role_name text) TO dashboard_user;
GRANT ALL ON FUNCTION realtime.to_regrole(role_name text) TO anon;
GRANT ALL ON FUNCTION realtime.to_regrole(role_name text) TO authenticated;
GRANT ALL ON FUNCTION realtime.to_regrole(role_name text) TO service_role;
GRANT ALL ON FUNCTION realtime.to_regrole(role_name text) TO supabase_realtime_admin;


--
-- Name: FUNCTION can_insert_object(bucketid text, name text, owner uuid, metadata jsonb); Type: ACL; Schema: storage; Owner: supabase_storage_admin
--

GRANT ALL ON FUNCTION storage.can_insert_object(bucketid text, name text, owner uuid, metadata jsonb) TO postgres;


--
-- Name: FUNCTION extension(name text); Type: ACL; Schema: storage; Owner: supabase_storage_admin
--

GRANT ALL ON FUNCTION storage.extension(name text) TO anon;
GRANT ALL ON FUNCTION storage.extension(name text) TO authenticated;
GRANT ALL ON FUNCTION storage.extension(name text) TO service_role;
GRANT ALL ON FUNCTION storage.extension(name text) TO dashboard_user;
GRANT ALL ON FUNCTION storage.extension(name text) TO postgres;


--
-- Name: FUNCTION filename(name text); Type: ACL; Schema: storage; Owner: supabase_storage_admin
--

GRANT ALL ON FUNCTION storage.filename(name text) TO anon;
GRANT ALL ON FUNCTION storage.filename(name text) TO authenticated;
GRANT ALL ON FUNCTION storage.filename(name text) TO service_role;
GRANT ALL ON FUNCTION storage.filename(name text) TO dashboard_user;
GRANT ALL ON FUNCTION storage.filename(name text) TO postgres;


--
-- Name: FUNCTION foldername(name text); Type: ACL; Schema: storage; Owner: supabase_storage_admin
--

GRANT ALL ON FUNCTION storage.foldername(name text) TO anon;
GRANT ALL ON FUNCTION storage.foldername(name text) TO authenticated;
GRANT ALL ON FUNCTION storage.foldername(name text) TO service_role;
GRANT ALL ON FUNCTION storage.foldername(name text) TO dashboard_user;
GRANT ALL ON FUNCTION storage.foldername(name text) TO postgres;


--
-- Name: FUNCTION get_size_by_bucket(); Type: ACL; Schema: storage; Owner: supabase_storage_admin
--

GRANT ALL ON FUNCTION storage.get_size_by_bucket() TO postgres;


--
-- Name: FUNCTION search(prefix text, bucketname text, limits integer, levels integer, offsets integer, search text, sortcolumn text, sortorder text); Type: ACL; Schema: storage; Owner: supabase_storage_admin
--

GRANT ALL ON FUNCTION storage.search(prefix text, bucketname text, limits integer, levels integer, offsets integer, search text, sortcolumn text, sortorder text) TO postgres;


--
-- Name: FUNCTION update_updated_at_column(); Type: ACL; Schema: storage; Owner: supabase_storage_admin
--

GRANT ALL ON FUNCTION storage.update_updated_at_column() TO postgres;


--
-- Name: TABLE audit_log_entries; Type: ACL; Schema: auth; Owner: supabase_auth_admin
--

GRANT ALL ON TABLE auth.audit_log_entries TO dashboard_user;
GRANT ALL ON TABLE auth.audit_log_entries TO postgres;


--
-- Name: TABLE flow_state; Type: ACL; Schema: auth; Owner: supabase_auth_admin
--

GRANT ALL ON TABLE auth.flow_state TO postgres;
GRANT ALL ON TABLE auth.flow_state TO dashboard_user;


--
-- Name: TABLE identities; Type: ACL; Schema: auth; Owner: supabase_auth_admin
--

GRANT ALL ON TABLE auth.identities TO postgres;
GRANT ALL ON TABLE auth.identities TO dashboard_user;


--
-- Name: TABLE instances; Type: ACL; Schema: auth; Owner: supabase_auth_admin
--

GRANT ALL ON TABLE auth.instances TO dashboard_user;
GRANT ALL ON TABLE auth.instances TO postgres;


--
-- Name: TABLE mfa_amr_claims; Type: ACL; Schema: auth; Owner: supabase_auth_admin
--

GRANT ALL ON TABLE auth.mfa_amr_claims TO postgres;
GRANT ALL ON TABLE auth.mfa_amr_claims TO dashboard_user;


--
-- Name: TABLE mfa_challenges; Type: ACL; Schema: auth; Owner: supabase_auth_admin
--

GRANT ALL ON TABLE auth.mfa_challenges TO postgres;
GRANT ALL ON TABLE auth.mfa_challenges TO dashboard_user;


--
-- Name: TABLE mfa_factors; Type: ACL; Schema: auth; Owner: supabase_auth_admin
--

GRANT ALL ON TABLE auth.mfa_factors TO postgres;
GRANT ALL ON TABLE auth.mfa_factors TO dashboard_user;


--
-- Name: TABLE refresh_tokens; Type: ACL; Schema: auth; Owner: supabase_auth_admin
--

GRANT ALL ON TABLE auth.refresh_tokens TO dashboard_user;
GRANT ALL ON TABLE auth.refresh_tokens TO postgres;


--
-- Name: SEQUENCE refresh_tokens_id_seq; Type: ACL; Schema: auth; Owner: supabase_auth_admin
--

GRANT ALL ON SEQUENCE auth.refresh_tokens_id_seq TO dashboard_user;
GRANT ALL ON SEQUENCE auth.refresh_tokens_id_seq TO postgres;


--
-- Name: TABLE saml_providers; Type: ACL; Schema: auth; Owner: supabase_auth_admin
--

GRANT ALL ON TABLE auth.saml_providers TO postgres;
GRANT ALL ON TABLE auth.saml_providers TO dashboard_user;


--
-- Name: TABLE saml_relay_states; Type: ACL; Schema: auth; Owner: supabase_auth_admin
--

GRANT ALL ON TABLE auth.saml_relay_states TO postgres;
GRANT ALL ON TABLE auth.saml_relay_states TO dashboard_user;


--
-- Name: TABLE schema_migrations; Type: ACL; Schema: auth; Owner: supabase_auth_admin
--

GRANT ALL ON TABLE auth.schema_migrations TO dashboard_user;
GRANT ALL ON TABLE auth.schema_migrations TO postgres;


--
-- Name: TABLE sessions; Type: ACL; Schema: auth; Owner: supabase_auth_admin
--

GRANT ALL ON TABLE auth.sessions TO postgres;
GRANT ALL ON TABLE auth.sessions TO dashboard_user;


--
-- Name: TABLE sso_domains; Type: ACL; Schema: auth; Owner: supabase_auth_admin
--

GRANT ALL ON TABLE auth.sso_domains TO postgres;
GRANT ALL ON TABLE auth.sso_domains TO dashboard_user;


--
-- Name: TABLE sso_providers; Type: ACL; Schema: auth; Owner: supabase_auth_admin
--

GRANT ALL ON TABLE auth.sso_providers TO postgres;
GRANT ALL ON TABLE auth.sso_providers TO dashboard_user;


--
-- Name: TABLE users; Type: ACL; Schema: auth; Owner: supabase_auth_admin
--

GRANT ALL ON TABLE auth.users TO dashboard_user;
GRANT ALL ON TABLE auth.users TO postgres;


--
-- Name: TABLE pg_stat_statements; Type: ACL; Schema: extensions; Owner: supabase_admin
--

GRANT ALL ON TABLE extensions.pg_stat_statements TO postgres WITH GRANT OPTION;
GRANT ALL ON TABLE extensions.pg_stat_statements TO dashboard_user;
SET SESSION AUTHORIZATION postgres;
GRANT ALL ON TABLE extensions.pg_stat_statements TO dashboard_user;
RESET SESSION AUTHORIZATION;


--
-- Name: TABLE pg_stat_statements_info; Type: ACL; Schema: extensions; Owner: supabase_admin
--

GRANT ALL ON TABLE extensions.pg_stat_statements_info TO postgres WITH GRANT OPTION;
GRANT ALL ON TABLE extensions.pg_stat_statements_info TO dashboard_user;
SET SESSION AUTHORIZATION postgres;
GRANT ALL ON TABLE extensions.pg_stat_statements_info TO dashboard_user;
RESET SESSION AUTHORIZATION;


--
-- Name: SEQUENCE seq_schema_version; Type: ACL; Schema: graphql; Owner: supabase_admin
--

GRANT ALL ON SEQUENCE graphql.seq_schema_version TO postgres;
GRANT ALL ON SEQUENCE graphql.seq_schema_version TO anon;
GRANT ALL ON SEQUENCE graphql.seq_schema_version TO authenticated;
GRANT ALL ON SEQUENCE graphql.seq_schema_version TO service_role;


--
-- Name: TABLE decrypted_key; Type: ACL; Schema: pgsodium; Owner: supabase_admin
--

GRANT ALL ON TABLE pgsodium.decrypted_key TO pgsodium_keyholder;


--
-- Name: TABLE masking_rule; Type: ACL; Schema: pgsodium; Owner: supabase_admin
--

GRANT ALL ON TABLE pgsodium.masking_rule TO pgsodium_keyholder;


--
-- Name: TABLE mask_columns; Type: ACL; Schema: pgsodium; Owner: supabase_admin
--

GRANT ALL ON TABLE pgsodium.mask_columns TO pgsodium_keyholder;


--
-- Name: TABLE article_marks; Type: ACL; Schema: public; Owner: postgres
--

GRANT ALL ON TABLE public.article_marks TO anon;
GRANT ALL ON TABLE public.article_marks TO authenticated;
GRANT ALL ON TABLE public.article_marks TO service_role;


--
-- Name: SEQUENCE article_marks_id_seq; Type: ACL; Schema: public; Owner: postgres
--

GRANT ALL ON SEQUENCE public.article_marks_id_seq TO anon;
GRANT ALL ON SEQUENCE public.article_marks_id_seq TO authenticated;
GRANT ALL ON SEQUENCE public.article_marks_id_seq TO service_role;


--
-- Name: TABLE article_pitch_quiz_questions; Type: ACL; Schema: public; Owner: postgres
--

GRANT ALL ON TABLE public.article_pitch_quiz_questions TO anon;
GRANT ALL ON TABLE public.article_pitch_quiz_questions TO authenticated;
GRANT ALL ON TABLE public.article_pitch_quiz_questions TO service_role;


--
-- Name: SEQUENCE article_pitch_questions_id_seq; Type: ACL; Schema: public; Owner: postgres
--

GRANT ALL ON SEQUENCE public.article_pitch_questions_id_seq TO anon;
GRANT ALL ON SEQUENCE public.article_pitch_questions_id_seq TO authenticated;
GRANT ALL ON SEQUENCE public.article_pitch_questions_id_seq TO service_role;


--
-- Name: TABLE article_pitch_quiz_answer_rows; Type: ACL; Schema: public; Owner: postgres
--

GRANT ALL ON TABLE public.article_pitch_quiz_answer_rows TO anon;
GRANT ALL ON TABLE public.article_pitch_quiz_answer_rows TO authenticated;
GRANT ALL ON TABLE public.article_pitch_quiz_answer_rows TO service_role;


--
-- Name: SEQUENCE article_pitch_quiz_answer_rows_id_seq; Type: ACL; Schema: public; Owner: postgres
--

GRANT ALL ON SEQUENCE public.article_pitch_quiz_answer_rows_id_seq TO anon;
GRANT ALL ON SEQUENCE public.article_pitch_quiz_answer_rows_id_seq TO authenticated;
GRANT ALL ON SEQUENCE public.article_pitch_quiz_answer_rows_id_seq TO service_role;


--
-- Name: TABLE article_pitch_quiz_answers; Type: ACL; Schema: public; Owner: postgres
--

GRANT ALL ON TABLE public.article_pitch_quiz_answers TO anon;
GRANT ALL ON TABLE public.article_pitch_quiz_answers TO authenticated;
GRANT ALL ON TABLE public.article_pitch_quiz_answers TO service_role;


--
-- Name: TABLE article_pitch_quizzes; Type: ACL; Schema: public; Owner: postgres
--

GRANT ALL ON TABLE public.article_pitch_quizzes TO anon;
GRANT ALL ON TABLE public.article_pitch_quizzes TO authenticated;
GRANT ALL ON TABLE public.article_pitch_quizzes TO service_role;


--
-- Name: TABLE articles; Type: ACL; Schema: public; Owner: postgres
--

GRANT ALL ON TABLE public.articles TO anon;
GRANT ALL ON TABLE public.articles TO authenticated;
GRANT ALL ON TABLE public.articles TO service_role;


--
-- Name: TABLE sentences; Type: ACL; Schema: public; Owner: postgres
--

GRANT ALL ON TABLE public.sentences TO anon;
GRANT ALL ON TABLE public.sentences TO authenticated;
GRANT ALL ON TABLE public.sentences TO service_role;


--
-- Name: TABLE article_pitch_quiz_answer_rows_view; Type: ACL; Schema: public; Owner: postgres
--

GRANT ALL ON TABLE public.article_pitch_quiz_answer_rows_view TO anon;
GRANT ALL ON TABLE public.article_pitch_quiz_answer_rows_view TO authenticated;
GRANT ALL ON TABLE public.article_pitch_quiz_answer_rows_view TO service_role;


--
-- Name: TABLE users; Type: ACL; Schema: public; Owner: postgres
--

GRANT ALL ON TABLE public.users TO anon;
GRANT ALL ON TABLE public.users TO authenticated;
GRANT ALL ON TABLE public.users TO service_role;


--
-- Name: TABLE article_pitch_quiz_answer_view; Type: ACL; Schema: public; Owner: postgres
--

GRANT ALL ON TABLE public.article_pitch_quiz_answer_view TO anon;
GRANT ALL ON TABLE public.article_pitch_quiz_answer_view TO authenticated;
GRANT ALL ON TABLE public.article_pitch_quiz_answer_view TO service_role;


--
-- Name: SEQUENCE article_pitch_quiz_answers_id_seq; Type: ACL; Schema: public; Owner: postgres
--

GRANT ALL ON SEQUENCE public.article_pitch_quiz_answers_id_seq TO anon;
GRANT ALL ON SEQUENCE public.article_pitch_quiz_answers_id_seq TO authenticated;
GRANT ALL ON SEQUENCE public.article_pitch_quiz_answers_id_seq TO service_role;


--
-- Name: TABLE article_pitch_quiz_questions_view; Type: ACL; Schema: public; Owner: postgres
--

GRANT ALL ON TABLE public.article_pitch_quiz_questions_view TO anon;
GRANT ALL ON TABLE public.article_pitch_quiz_questions_view TO authenticated;
GRANT ALL ON TABLE public.article_pitch_quiz_questions_view TO service_role;


--
-- Name: SEQUENCE article_pitch_quizzes_id_seq; Type: ACL; Schema: public; Owner: postgres
--

GRANT ALL ON SEQUENCE public.article_pitch_quizzes_id_seq TO anon;
GRANT ALL ON SEQUENCE public.article_pitch_quizzes_id_seq TO authenticated;
GRANT ALL ON SEQUENCE public.article_pitch_quizzes_id_seq TO service_role;


--
-- Name: TABLE article_pitch_quizzes_view; Type: ACL; Schema: public; Owner: postgres
--

GRANT ALL ON TABLE public.article_pitch_quizzes_view TO anon;
GRANT ALL ON TABLE public.article_pitch_quizzes_view TO authenticated;
GRANT ALL ON TABLE public.article_pitch_quizzes_view TO service_role;


--
-- Name: TABLE article_recorded_assignments; Type: ACL; Schema: public; Owner: postgres
--

GRANT ALL ON TABLE public.article_recorded_assignments TO anon;
GRANT ALL ON TABLE public.article_recorded_assignments TO authenticated;
GRANT ALL ON TABLE public.article_recorded_assignments TO service_role;


--
-- Name: SEQUENCE article_recorded_assinments_id_seq; Type: ACL; Schema: public; Owner: postgres
--

GRANT ALL ON SEQUENCE public.article_recorded_assinments_id_seq TO anon;
GRANT ALL ON SEQUENCE public.article_recorded_assinments_id_seq TO authenticated;
GRANT ALL ON SEQUENCE public.article_recorded_assinments_id_seq TO service_role;


--
-- Name: SEQUENCE articles_id_seq; Type: ACL; Schema: public; Owner: postgres
--

GRANT ALL ON SEQUENCE public.articles_id_seq TO anon;
GRANT ALL ON SEQUENCE public.articles_id_seq TO authenticated;
GRANT ALL ON SEQUENCE public.articles_id_seq TO service_role;


--
-- Name: TABLE articles_view; Type: ACL; Schema: public; Owner: postgres
--

GRANT ALL ON TABLE public.articles_view TO anon;
GRANT ALL ON TABLE public.articles_view TO authenticated;
GRANT ALL ON TABLE public.articles_view TO service_role;


--
-- Name: TABLE betterread; Type: ACL; Schema: public; Owner: postgres
--

GRANT ALL ON TABLE public.betterread TO anon;
GRANT ALL ON TABLE public.betterread TO authenticated;
GRANT ALL ON TABLE public.betterread TO service_role;


--
-- Name: SEQUENCE betterread_id_seq; Type: ACL; Schema: public; Owner: postgres
--

GRANT ALL ON SEQUENCE public.betterread_id_seq TO anon;
GRANT ALL ON SEQUENCE public.betterread_id_seq TO authenticated;
GRANT ALL ON SEQUENCE public.betterread_id_seq TO service_role;


--
-- Name: TABLE betterread_image_paths; Type: ACL; Schema: public; Owner: postgres
--

GRANT ALL ON TABLE public.betterread_image_paths TO anon;
GRANT ALL ON TABLE public.betterread_image_paths TO authenticated;
GRANT ALL ON TABLE public.betterread_image_paths TO service_role;


--
-- Name: SEQUENCE betterread_image_paths_id_seq; Type: ACL; Schema: public; Owner: postgres
--

GRANT ALL ON SEQUENCE public.betterread_image_paths_id_seq TO anon;
GRANT ALL ON SEQUENCE public.betterread_image_paths_id_seq TO authenticated;
GRANT ALL ON SEQUENCE public.betterread_image_paths_id_seq TO service_role;


--
-- Name: TABLE betterread_image_paths_view; Type: ACL; Schema: public; Owner: postgres
--

GRANT ALL ON TABLE public.betterread_image_paths_view TO anon;
GRANT ALL ON TABLE public.betterread_image_paths_view TO authenticated;
GRANT ALL ON TABLE public.betterread_image_paths_view TO service_role;


--
-- Name: TABLE canvas; Type: ACL; Schema: public; Owner: postgres
--

GRANT ALL ON TABLE public.canvas TO anon;
GRANT ALL ON TABLE public.canvas TO authenticated;
GRANT ALL ON TABLE public.canvas TO service_role;


--
-- Name: SEQUENCE canvas_id_seq; Type: ACL; Schema: public; Owner: postgres
--

GRANT ALL ON SEQUENCE public.canvas_id_seq TO anon;
GRANT ALL ON SEQUENCE public.canvas_id_seq TO authenticated;
GRANT ALL ON SEQUENCE public.canvas_id_seq TO service_role;


--
-- Name: TABLE note; Type: ACL; Schema: public; Owner: postgres
--

GRANT ALL ON TABLE public.note TO anon;
GRANT ALL ON TABLE public.note TO authenticated;
GRANT ALL ON TABLE public.note TO service_role;


--
-- Name: TABLE note_audio_paths; Type: ACL; Schema: public; Owner: postgres
--

GRANT ALL ON TABLE public.note_audio_paths TO anon;
GRANT ALL ON TABLE public.note_audio_paths TO authenticated;
GRANT ALL ON TABLE public.note_audio_paths TO service_role;


--
-- Name: SEQUENCE note_audio_paths_id_seq; Type: ACL; Schema: public; Owner: postgres
--

GRANT ALL ON SEQUENCE public.note_audio_paths_id_seq TO anon;
GRANT ALL ON SEQUENCE public.note_audio_paths_id_seq TO authenticated;
GRANT ALL ON SEQUENCE public.note_audio_paths_id_seq TO service_role;


--
-- Name: SEQUENCE note_id_seq; Type: ACL; Schema: public; Owner: postgres
--

GRANT ALL ON SEQUENCE public.note_id_seq TO anon;
GRANT ALL ON SEQUENCE public.note_id_seq TO authenticated;
GRANT ALL ON SEQUENCE public.note_id_seq TO service_role;


--
-- Name: TABLE page_states; Type: ACL; Schema: public; Owner: postgres
--

GRANT ALL ON TABLE public.page_states TO anon;
GRANT ALL ON TABLE public.page_states TO authenticated;
GRANT ALL ON TABLE public.page_states TO service_role;


--
-- Name: TABLE page_states_view; Type: ACL; Schema: public; Owner: postgres
--

GRANT ALL ON TABLE public.page_states_view TO anon;
GRANT ALL ON TABLE public.page_states_view TO authenticated;
GRANT ALL ON TABLE public.page_states_view TO service_role;


--
-- Name: TABLE paper_cup_params; Type: ACL; Schema: public; Owner: postgres
--

GRANT ALL ON TABLE public.paper_cup_params TO anon;
GRANT ALL ON TABLE public.paper_cup_params TO authenticated;
GRANT ALL ON TABLE public.paper_cup_params TO service_role;


--
-- Name: SEQUENCE paper_cup_params_id_seq; Type: ACL; Schema: public; Owner: postgres
--

GRANT ALL ON SEQUENCE public.paper_cup_params_id_seq TO anon;
GRANT ALL ON SEQUENCE public.paper_cup_params_id_seq TO authenticated;
GRANT ALL ON SEQUENCE public.paper_cup_params_id_seq TO service_role;


--
-- Name: TABLE pathname_logs; Type: ACL; Schema: public; Owner: postgres
--

GRANT ALL ON TABLE public.pathname_logs TO anon;
GRANT ALL ON TABLE public.pathname_logs TO authenticated;
GRANT ALL ON TABLE public.pathname_logs TO service_role;


--
-- Name: SEQUENCE pathname_logs_id_seq; Type: ACL; Schema: public; Owner: postgres
--

GRANT ALL ON SEQUENCE public.pathname_logs_id_seq TO anon;
GRANT ALL ON SEQUENCE public.pathname_logs_id_seq TO authenticated;
GRANT ALL ON SEQUENCE public.pathname_logs_id_seq TO service_role;


--
-- Name: TABLE pathname_logs_view; Type: ACL; Schema: public; Owner: postgres
--

GRANT ALL ON TABLE public.pathname_logs_view TO anon;
GRANT ALL ON TABLE public.pathname_logs_view TO authenticated;
GRANT ALL ON TABLE public.pathname_logs_view TO service_role;


--
-- Name: TABLE pitches; Type: ACL; Schema: public; Owner: postgres
--

GRANT ALL ON TABLE public.pitches TO anon;
GRANT ALL ON TABLE public.pitches TO authenticated;
GRANT ALL ON TABLE public.pitches TO service_role;


--
-- Name: SEQUENCE pitches_id_seq; Type: ACL; Schema: public; Owner: postgres
--

GRANT ALL ON SEQUENCE public.pitches_id_seq TO anon;
GRANT ALL ON SEQUENCE public.pitches_id_seq TO authenticated;
GRANT ALL ON SEQUENCE public.pitches_id_seq TO service_role;


--
-- Name: TABLE pitches_user; Type: ACL; Schema: public; Owner: postgres
--

GRANT ALL ON TABLE public.pitches_user TO anon;
GRANT ALL ON TABLE public.pitches_user TO authenticated;
GRANT ALL ON TABLE public.pitches_user TO service_role;


--
-- Name: SEQUENCE pitches_user_id_seq; Type: ACL; Schema: public; Owner: postgres
--

GRANT ALL ON SEQUENCE public.pitches_user_id_seq TO anon;
GRANT ALL ON SEQUENCE public.pitches_user_id_seq TO authenticated;
GRANT ALL ON SEQUENCE public.pitches_user_id_seq TO service_role;


--
-- Name: TABLE record_params; Type: ACL; Schema: public; Owner: postgres
--

GRANT ALL ON TABLE public.record_params TO anon;
GRANT ALL ON TABLE public.record_params TO authenticated;
GRANT ALL ON TABLE public.record_params TO service_role;


--
-- Name: SEQUENCE record_params_id_seq; Type: ACL; Schema: public; Owner: postgres
--

GRANT ALL ON SEQUENCE public.record_params_id_seq TO anon;
GRANT ALL ON SEQUENCE public.record_params_id_seq TO authenticated;
GRANT ALL ON SEQUENCE public.record_params_id_seq TO service_role;


--
-- Name: TABLE records; Type: ACL; Schema: public; Owner: postgres
--

GRANT ALL ON TABLE public.records TO anon;
GRANT ALL ON TABLE public.records TO authenticated;
GRANT ALL ON TABLE public.records TO service_role;


--
-- Name: SEQUENCE records_id_seq; Type: ACL; Schema: public; Owner: postgres
--

GRANT ALL ON SEQUENCE public.records_id_seq TO anon;
GRANT ALL ON SEQUENCE public.records_id_seq TO authenticated;
GRANT ALL ON SEQUENCE public.records_id_seq TO service_role;


--
-- Name: TABLE remote_login_trigger; Type: ACL; Schema: public; Owner: postgres
--

GRANT ALL ON TABLE public.remote_login_trigger TO anon;
GRANT ALL ON TABLE public.remote_login_trigger TO authenticated;
GRANT ALL ON TABLE public.remote_login_trigger TO service_role;


--
-- Name: SEQUENCE remote_login_trigger_id_seq; Type: ACL; Schema: public; Owner: postgres
--

GRANT ALL ON SEQUENCE public.remote_login_trigger_id_seq TO anon;
GRANT ALL ON SEQUENCE public.remote_login_trigger_id_seq TO authenticated;
GRANT ALL ON SEQUENCE public.remote_login_trigger_id_seq TO service_role;


--
-- Name: SEQUENCE sentences_id_seq; Type: ACL; Schema: public; Owner: postgres
--

GRANT ALL ON SEQUENCE public.sentences_id_seq TO anon;
GRANT ALL ON SEQUENCE public.sentences_id_seq TO authenticated;
GRANT ALL ON SEQUENCE public.sentences_id_seq TO service_role;


--
-- Name: TABLE sentences_view; Type: ACL; Schema: public; Owner: postgres
--

GRANT ALL ON TABLE public.sentences_view TO anon;
GRANT ALL ON TABLE public.sentences_view TO authenticated;
GRANT ALL ON TABLE public.sentences_view TO service_role;


--
-- Name: TABLE speed_workout; Type: ACL; Schema: public; Owner: postgres
--

GRANT ALL ON TABLE public.speed_workout TO anon;
GRANT ALL ON TABLE public.speed_workout TO authenticated;
GRANT ALL ON TABLE public.speed_workout TO service_role;


--
-- Name: SEQUENCE speed_workout_id_seq; Type: ACL; Schema: public; Owner: postgres
--

GRANT ALL ON SEQUENCE public.speed_workout_id_seq TO anon;
GRANT ALL ON SEQUENCE public.speed_workout_id_seq TO authenticated;
GRANT ALL ON SEQUENCE public.speed_workout_id_seq TO service_role;


--
-- Name: TABLE todos; Type: ACL; Schema: public; Owner: postgres
--

GRANT ALL ON TABLE public.todos TO anon;
GRANT ALL ON TABLE public.todos TO authenticated;
GRANT ALL ON TABLE public.todos TO service_role;


--
-- Name: SEQUENCE todos_id_seq; Type: ACL; Schema: public; Owner: postgres
--

GRANT ALL ON SEQUENCE public.todos_id_seq TO anon;
GRANT ALL ON SEQUENCE public.todos_id_seq TO authenticated;
GRANT ALL ON SEQUENCE public.todos_id_seq TO service_role;


--
-- Name: TABLE workout_items; Type: ACL; Schema: public; Owner: postgres
--

GRANT ALL ON TABLE public.workout_items TO anon;
GRANT ALL ON TABLE public.workout_items TO authenticated;
GRANT ALL ON TABLE public.workout_items TO service_role;


--
-- Name: SEQUENCE workout_items_id_seq; Type: ACL; Schema: public; Owner: postgres
--

GRANT ALL ON SEQUENCE public.workout_items_id_seq TO anon;
GRANT ALL ON SEQUENCE public.workout_items_id_seq TO authenticated;
GRANT ALL ON SEQUENCE public.workout_items_id_seq TO service_role;


--
-- Name: TABLE workouts; Type: ACL; Schema: public; Owner: postgres
--

GRANT ALL ON TABLE public.workouts TO anon;
GRANT ALL ON TABLE public.workouts TO authenticated;
GRANT ALL ON TABLE public.workouts TO service_role;


--
-- Name: TABLE workout_items_view; Type: ACL; Schema: public; Owner: postgres
--

GRANT ALL ON TABLE public.workout_items_view TO anon;
GRANT ALL ON TABLE public.workout_items_view TO authenticated;
GRANT ALL ON TABLE public.workout_items_view TO service_role;


--
-- Name: TABLE workout_record_rows; Type: ACL; Schema: public; Owner: postgres
--

GRANT ALL ON TABLE public.workout_record_rows TO anon;
GRANT ALL ON TABLE public.workout_record_rows TO authenticated;
GRANT ALL ON TABLE public.workout_record_rows TO service_role;


--
-- Name: SEQUENCE workout_record_rows_id_seq; Type: ACL; Schema: public; Owner: postgres
--

GRANT ALL ON SEQUENCE public.workout_record_rows_id_seq TO anon;
GRANT ALL ON SEQUENCE public.workout_record_rows_id_seq TO authenticated;
GRANT ALL ON SEQUENCE public.workout_record_rows_id_seq TO service_role;


--
-- Name: TABLE workout_records; Type: ACL; Schema: public; Owner: postgres
--

GRANT ALL ON TABLE public.workout_records TO anon;
GRANT ALL ON TABLE public.workout_records TO authenticated;
GRANT ALL ON TABLE public.workout_records TO service_role;


--
-- Name: TABLE workout_record_rows_view; Type: ACL; Schema: public; Owner: postgres
--

GRANT ALL ON TABLE public.workout_record_rows_view TO anon;
GRANT ALL ON TABLE public.workout_record_rows_view TO authenticated;
GRANT ALL ON TABLE public.workout_record_rows_view TO service_role;


--
-- Name: SEQUENCE workout_records_id_seq; Type: ACL; Schema: public; Owner: postgres
--

GRANT ALL ON SEQUENCE public.workout_records_id_seq TO anon;
GRANT ALL ON SEQUENCE public.workout_records_id_seq TO authenticated;
GRANT ALL ON SEQUENCE public.workout_records_id_seq TO service_role;


--
-- Name: SEQUENCE workouts_id_seq; Type: ACL; Schema: public; Owner: postgres
--

GRANT ALL ON SEQUENCE public.workouts_id_seq TO anon;
GRANT ALL ON SEQUENCE public.workouts_id_seq TO authenticated;
GRANT ALL ON SEQUENCE public.workouts_id_seq TO service_role;


--
-- Name: TABLE workouts_view; Type: ACL; Schema: public; Owner: postgres
--

GRANT ALL ON TABLE public.workouts_view TO anon;
GRANT ALL ON TABLE public.workouts_view TO authenticated;
GRANT ALL ON TABLE public.workouts_view TO service_role;


--
-- Name: TABLE broadcasts; Type: ACL; Schema: realtime; Owner: supabase_realtime_admin
--

GRANT ALL ON TABLE realtime.broadcasts TO postgres;
GRANT ALL ON TABLE realtime.broadcasts TO dashboard_user;
GRANT SELECT,INSERT,UPDATE ON TABLE realtime.broadcasts TO anon;
GRANT SELECT,INSERT,UPDATE ON TABLE realtime.broadcasts TO authenticated;
GRANT SELECT,INSERT,UPDATE ON TABLE realtime.broadcasts TO service_role;


--
-- Name: SEQUENCE broadcasts_id_seq; Type: ACL; Schema: realtime; Owner: supabase_realtime_admin
--

GRANT ALL ON SEQUENCE realtime.broadcasts_id_seq TO postgres;
GRANT ALL ON SEQUENCE realtime.broadcasts_id_seq TO dashboard_user;
GRANT USAGE ON SEQUENCE realtime.broadcasts_id_seq TO anon;
GRANT USAGE ON SEQUENCE realtime.broadcasts_id_seq TO authenticated;
GRANT USAGE ON SEQUENCE realtime.broadcasts_id_seq TO service_role;


--
-- Name: TABLE channels; Type: ACL; Schema: realtime; Owner: supabase_realtime_admin
--

GRANT ALL ON TABLE realtime.channels TO postgres;
GRANT ALL ON TABLE realtime.channels TO dashboard_user;
GRANT SELECT,INSERT,DELETE,UPDATE ON TABLE realtime.channels TO anon;
GRANT SELECT,INSERT,DELETE,UPDATE ON TABLE realtime.channels TO authenticated;
GRANT SELECT,INSERT,DELETE,UPDATE ON TABLE realtime.channels TO service_role;


--
-- Name: SEQUENCE channels_id_seq; Type: ACL; Schema: realtime; Owner: supabase_realtime_admin
--

GRANT ALL ON SEQUENCE realtime.channels_id_seq TO postgres;
GRANT ALL ON SEQUENCE realtime.channels_id_seq TO dashboard_user;
GRANT USAGE ON SEQUENCE realtime.channels_id_seq TO anon;
GRANT USAGE ON SEQUENCE realtime.channels_id_seq TO authenticated;
GRANT USAGE ON SEQUENCE realtime.channels_id_seq TO service_role;


--
-- Name: TABLE presences; Type: ACL; Schema: realtime; Owner: supabase_realtime_admin
--

GRANT ALL ON TABLE realtime.presences TO postgres;
GRANT ALL ON TABLE realtime.presences TO dashboard_user;
GRANT SELECT,INSERT,UPDATE ON TABLE realtime.presences TO anon;
GRANT SELECT,INSERT,UPDATE ON TABLE realtime.presences TO authenticated;
GRANT SELECT,INSERT,UPDATE ON TABLE realtime.presences TO service_role;


--
-- Name: SEQUENCE presences_id_seq; Type: ACL; Schema: realtime; Owner: supabase_realtime_admin
--

GRANT ALL ON SEQUENCE realtime.presences_id_seq TO postgres;
GRANT ALL ON SEQUENCE realtime.presences_id_seq TO dashboard_user;
GRANT USAGE ON SEQUENCE realtime.presences_id_seq TO anon;
GRANT USAGE ON SEQUENCE realtime.presences_id_seq TO authenticated;
GRANT USAGE ON SEQUENCE realtime.presences_id_seq TO service_role;


--
-- Name: TABLE schema_migrations; Type: ACL; Schema: realtime; Owner: supabase_admin
--

GRANT ALL ON TABLE realtime.schema_migrations TO postgres;
GRANT ALL ON TABLE realtime.schema_migrations TO dashboard_user;
GRANT SELECT ON TABLE realtime.schema_migrations TO anon;
GRANT SELECT ON TABLE realtime.schema_migrations TO authenticated;
GRANT SELECT ON TABLE realtime.schema_migrations TO service_role;
GRANT ALL ON TABLE realtime.schema_migrations TO supabase_realtime_admin;


--
-- Name: TABLE subscription; Type: ACL; Schema: realtime; Owner: supabase_admin
--

GRANT ALL ON TABLE realtime.subscription TO postgres;
GRANT ALL ON TABLE realtime.subscription TO dashboard_user;
GRANT SELECT ON TABLE realtime.subscription TO anon;
GRANT SELECT ON TABLE realtime.subscription TO authenticated;
GRANT SELECT ON TABLE realtime.subscription TO service_role;
GRANT ALL ON TABLE realtime.subscription TO supabase_realtime_admin;


--
-- Name: SEQUENCE subscription_id_seq; Type: ACL; Schema: realtime; Owner: supabase_admin
--

GRANT ALL ON SEQUENCE realtime.subscription_id_seq TO postgres;
GRANT ALL ON SEQUENCE realtime.subscription_id_seq TO dashboard_user;
GRANT USAGE ON SEQUENCE realtime.subscription_id_seq TO anon;
GRANT USAGE ON SEQUENCE realtime.subscription_id_seq TO authenticated;
GRANT USAGE ON SEQUENCE realtime.subscription_id_seq TO service_role;
GRANT ALL ON SEQUENCE realtime.subscription_id_seq TO supabase_realtime_admin;


--
-- Name: TABLE buckets; Type: ACL; Schema: storage; Owner: supabase_storage_admin
--

GRANT ALL ON TABLE storage.buckets TO anon;
GRANT ALL ON TABLE storage.buckets TO authenticated;
GRANT ALL ON TABLE storage.buckets TO service_role;
GRANT ALL ON TABLE storage.buckets TO postgres;


--
-- Name: TABLE migrations; Type: ACL; Schema: storage; Owner: supabase_storage_admin
--

GRANT ALL ON TABLE storage.migrations TO anon;
GRANT ALL ON TABLE storage.migrations TO authenticated;
GRANT ALL ON TABLE storage.migrations TO service_role;
GRANT ALL ON TABLE storage.migrations TO postgres;


--
-- Name: TABLE objects; Type: ACL; Schema: storage; Owner: supabase_storage_admin
--

GRANT ALL ON TABLE storage.objects TO anon;
GRANT ALL ON TABLE storage.objects TO authenticated;
GRANT ALL ON TABLE storage.objects TO service_role;
GRANT ALL ON TABLE storage.objects TO postgres;


--
-- Name: TABLE s3_multipart_uploads; Type: ACL; Schema: storage; Owner: supabase_storage_admin
--

GRANT ALL ON TABLE storage.s3_multipart_uploads TO service_role;
GRANT SELECT ON TABLE storage.s3_multipart_uploads TO authenticated;
GRANT SELECT ON TABLE storage.s3_multipart_uploads TO anon;


--
-- Name: TABLE s3_multipart_uploads_parts; Type: ACL; Schema: storage; Owner: supabase_storage_admin
--

GRANT ALL ON TABLE storage.s3_multipart_uploads_parts TO service_role;
GRANT SELECT ON TABLE storage.s3_multipart_uploads_parts TO authenticated;
GRANT SELECT ON TABLE storage.s3_multipart_uploads_parts TO anon;


--
-- Name: DEFAULT PRIVILEGES FOR SEQUENCES; Type: DEFAULT ACL; Schema: auth; Owner: supabase_auth_admin
--

ALTER DEFAULT PRIVILEGES FOR ROLE supabase_auth_admin IN SCHEMA auth GRANT ALL ON SEQUENCES TO postgres;
ALTER DEFAULT PRIVILEGES FOR ROLE supabase_auth_admin IN SCHEMA auth GRANT ALL ON SEQUENCES TO dashboard_user;


--
-- Name: DEFAULT PRIVILEGES FOR FUNCTIONS; Type: DEFAULT ACL; Schema: auth; Owner: supabase_auth_admin
--

ALTER DEFAULT PRIVILEGES FOR ROLE supabase_auth_admin IN SCHEMA auth GRANT ALL ON FUNCTIONS TO postgres;
ALTER DEFAULT PRIVILEGES FOR ROLE supabase_auth_admin IN SCHEMA auth GRANT ALL ON FUNCTIONS TO dashboard_user;


--
-- Name: DEFAULT PRIVILEGES FOR TABLES; Type: DEFAULT ACL; Schema: auth; Owner: supabase_auth_admin
--

ALTER DEFAULT PRIVILEGES FOR ROLE supabase_auth_admin IN SCHEMA auth GRANT ALL ON TABLES TO postgres;
ALTER DEFAULT PRIVILEGES FOR ROLE supabase_auth_admin IN SCHEMA auth GRANT ALL ON TABLES TO dashboard_user;


--
-- Name: DEFAULT PRIVILEGES FOR SEQUENCES; Type: DEFAULT ACL; Schema: extensions; Owner: supabase_admin
--

ALTER DEFAULT PRIVILEGES FOR ROLE supabase_admin IN SCHEMA extensions GRANT ALL ON SEQUENCES TO postgres WITH GRANT OPTION;


--
-- Name: DEFAULT PRIVILEGES FOR FUNCTIONS; Type: DEFAULT ACL; Schema: extensions; Owner: supabase_admin
--

ALTER DEFAULT PRIVILEGES FOR ROLE supabase_admin IN SCHEMA extensions GRANT ALL ON FUNCTIONS TO postgres WITH GRANT OPTION;


--
-- Name: DEFAULT PRIVILEGES FOR TABLES; Type: DEFAULT ACL; Schema: extensions; Owner: supabase_admin
--

ALTER DEFAULT PRIVILEGES FOR ROLE supabase_admin IN SCHEMA extensions GRANT ALL ON TABLES TO postgres WITH GRANT OPTION;


--
-- Name: DEFAULT PRIVILEGES FOR SEQUENCES; Type: DEFAULT ACL; Schema: graphql; Owner: supabase_admin
--

ALTER DEFAULT PRIVILEGES FOR ROLE supabase_admin IN SCHEMA graphql GRANT ALL ON SEQUENCES TO postgres;
ALTER DEFAULT PRIVILEGES FOR ROLE supabase_admin IN SCHEMA graphql GRANT ALL ON SEQUENCES TO anon;
ALTER DEFAULT PRIVILEGES FOR ROLE supabase_admin IN SCHEMA graphql GRANT ALL ON SEQUENCES TO authenticated;
ALTER DEFAULT PRIVILEGES FOR ROLE supabase_admin IN SCHEMA graphql GRANT ALL ON SEQUENCES TO service_role;


--
-- Name: DEFAULT PRIVILEGES FOR FUNCTIONS; Type: DEFAULT ACL; Schema: graphql; Owner: supabase_admin
--

ALTER DEFAULT PRIVILEGES FOR ROLE supabase_admin IN SCHEMA graphql GRANT ALL ON FUNCTIONS TO postgres;
ALTER DEFAULT PRIVILEGES FOR ROLE supabase_admin IN SCHEMA graphql GRANT ALL ON FUNCTIONS TO anon;
ALTER DEFAULT PRIVILEGES FOR ROLE supabase_admin IN SCHEMA graphql GRANT ALL ON FUNCTIONS TO authenticated;
ALTER DEFAULT PRIVILEGES FOR ROLE supabase_admin IN SCHEMA graphql GRANT ALL ON FUNCTIONS TO service_role;


--
-- Name: DEFAULT PRIVILEGES FOR TABLES; Type: DEFAULT ACL; Schema: graphql; Owner: supabase_admin
--

ALTER DEFAULT PRIVILEGES FOR ROLE supabase_admin IN SCHEMA graphql GRANT ALL ON TABLES TO postgres;
ALTER DEFAULT PRIVILEGES FOR ROLE supabase_admin IN SCHEMA graphql GRANT ALL ON TABLES TO anon;
ALTER DEFAULT PRIVILEGES FOR ROLE supabase_admin IN SCHEMA graphql GRANT ALL ON TABLES TO authenticated;
ALTER DEFAULT PRIVILEGES FOR ROLE supabase_admin IN SCHEMA graphql GRANT ALL ON TABLES TO service_role;


--
-- Name: DEFAULT PRIVILEGES FOR SEQUENCES; Type: DEFAULT ACL; Schema: graphql_public; Owner: supabase_admin
--

ALTER DEFAULT PRIVILEGES FOR ROLE supabase_admin IN SCHEMA graphql_public GRANT ALL ON SEQUENCES TO postgres;
ALTER DEFAULT PRIVILEGES FOR ROLE supabase_admin IN SCHEMA graphql_public GRANT ALL ON SEQUENCES TO anon;
ALTER DEFAULT PRIVILEGES FOR ROLE supabase_admin IN SCHEMA graphql_public GRANT ALL ON SEQUENCES TO authenticated;
ALTER DEFAULT PRIVILEGES FOR ROLE supabase_admin IN SCHEMA graphql_public GRANT ALL ON SEQUENCES TO service_role;


--
-- Name: DEFAULT PRIVILEGES FOR FUNCTIONS; Type: DEFAULT ACL; Schema: graphql_public; Owner: supabase_admin
--

ALTER DEFAULT PRIVILEGES FOR ROLE supabase_admin IN SCHEMA graphql_public GRANT ALL ON FUNCTIONS TO postgres;
ALTER DEFAULT PRIVILEGES FOR ROLE supabase_admin IN SCHEMA graphql_public GRANT ALL ON FUNCTIONS TO anon;
ALTER DEFAULT PRIVILEGES FOR ROLE supabase_admin IN SCHEMA graphql_public GRANT ALL ON FUNCTIONS TO authenticated;
ALTER DEFAULT PRIVILEGES FOR ROLE supabase_admin IN SCHEMA graphql_public GRANT ALL ON FUNCTIONS TO service_role;


--
-- Name: DEFAULT PRIVILEGES FOR TABLES; Type: DEFAULT ACL; Schema: graphql_public; Owner: supabase_admin
--

ALTER DEFAULT PRIVILEGES FOR ROLE supabase_admin IN SCHEMA graphql_public GRANT ALL ON TABLES TO postgres;
ALTER DEFAULT PRIVILEGES FOR ROLE supabase_admin IN SCHEMA graphql_public GRANT ALL ON TABLES TO anon;
ALTER DEFAULT PRIVILEGES FOR ROLE supabase_admin IN SCHEMA graphql_public GRANT ALL ON TABLES TO authenticated;
ALTER DEFAULT PRIVILEGES FOR ROLE supabase_admin IN SCHEMA graphql_public GRANT ALL ON TABLES TO service_role;


--
-- Name: DEFAULT PRIVILEGES FOR SEQUENCES; Type: DEFAULT ACL; Schema: pgsodium; Owner: supabase_admin
--

ALTER DEFAULT PRIVILEGES FOR ROLE supabase_admin IN SCHEMA pgsodium GRANT ALL ON SEQUENCES TO pgsodium_keyholder;


--
-- Name: DEFAULT PRIVILEGES FOR TABLES; Type: DEFAULT ACL; Schema: pgsodium; Owner: supabase_admin
--

ALTER DEFAULT PRIVILEGES FOR ROLE supabase_admin IN SCHEMA pgsodium GRANT ALL ON TABLES TO pgsodium_keyholder;


--
-- Name: DEFAULT PRIVILEGES FOR SEQUENCES; Type: DEFAULT ACL; Schema: pgsodium_masks; Owner: supabase_admin
--

ALTER DEFAULT PRIVILEGES FOR ROLE supabase_admin IN SCHEMA pgsodium_masks GRANT ALL ON SEQUENCES TO pgsodium_keyiduser;


--
-- Name: DEFAULT PRIVILEGES FOR FUNCTIONS; Type: DEFAULT ACL; Schema: pgsodium_masks; Owner: supabase_admin
--

ALTER DEFAULT PRIVILEGES FOR ROLE supabase_admin IN SCHEMA pgsodium_masks GRANT ALL ON FUNCTIONS TO pgsodium_keyiduser;


--
-- Name: DEFAULT PRIVILEGES FOR TABLES; Type: DEFAULT ACL; Schema: pgsodium_masks; Owner: supabase_admin
--

ALTER DEFAULT PRIVILEGES FOR ROLE supabase_admin IN SCHEMA pgsodium_masks GRANT ALL ON TABLES TO pgsodium_keyiduser;


--
-- Name: DEFAULT PRIVILEGES FOR SEQUENCES; Type: DEFAULT ACL; Schema: public; Owner: postgres
--

ALTER DEFAULT PRIVILEGES FOR ROLE postgres IN SCHEMA public GRANT ALL ON SEQUENCES TO postgres;
ALTER DEFAULT PRIVILEGES FOR ROLE postgres IN SCHEMA public GRANT ALL ON SEQUENCES TO anon;
ALTER DEFAULT PRIVILEGES FOR ROLE postgres IN SCHEMA public GRANT ALL ON SEQUENCES TO authenticated;
ALTER DEFAULT PRIVILEGES FOR ROLE postgres IN SCHEMA public GRANT ALL ON SEQUENCES TO service_role;


--
-- Name: DEFAULT PRIVILEGES FOR SEQUENCES; Type: DEFAULT ACL; Schema: public; Owner: supabase_admin
--

ALTER DEFAULT PRIVILEGES FOR ROLE supabase_admin IN SCHEMA public GRANT ALL ON SEQUENCES TO postgres;
ALTER DEFAULT PRIVILEGES FOR ROLE supabase_admin IN SCHEMA public GRANT ALL ON SEQUENCES TO anon;
ALTER DEFAULT PRIVILEGES FOR ROLE supabase_admin IN SCHEMA public GRANT ALL ON SEQUENCES TO authenticated;
ALTER DEFAULT PRIVILEGES FOR ROLE supabase_admin IN SCHEMA public GRANT ALL ON SEQUENCES TO service_role;


--
-- Name: DEFAULT PRIVILEGES FOR FUNCTIONS; Type: DEFAULT ACL; Schema: public; Owner: postgres
--

ALTER DEFAULT PRIVILEGES FOR ROLE postgres IN SCHEMA public GRANT ALL ON FUNCTIONS TO postgres;
ALTER DEFAULT PRIVILEGES FOR ROLE postgres IN SCHEMA public GRANT ALL ON FUNCTIONS TO anon;
ALTER DEFAULT PRIVILEGES FOR ROLE postgres IN SCHEMA public GRANT ALL ON FUNCTIONS TO authenticated;
ALTER DEFAULT PRIVILEGES FOR ROLE postgres IN SCHEMA public GRANT ALL ON FUNCTIONS TO service_role;


--
-- Name: DEFAULT PRIVILEGES FOR FUNCTIONS; Type: DEFAULT ACL; Schema: public; Owner: supabase_admin
--

ALTER DEFAULT PRIVILEGES FOR ROLE supabase_admin IN SCHEMA public GRANT ALL ON FUNCTIONS TO postgres;
ALTER DEFAULT PRIVILEGES FOR ROLE supabase_admin IN SCHEMA public GRANT ALL ON FUNCTIONS TO anon;
ALTER DEFAULT PRIVILEGES FOR ROLE supabase_admin IN SCHEMA public GRANT ALL ON FUNCTIONS TO authenticated;
ALTER DEFAULT PRIVILEGES FOR ROLE supabase_admin IN SCHEMA public GRANT ALL ON FUNCTIONS TO service_role;


--
-- Name: DEFAULT PRIVILEGES FOR TABLES; Type: DEFAULT ACL; Schema: public; Owner: postgres
--

ALTER DEFAULT PRIVILEGES FOR ROLE postgres IN SCHEMA public GRANT ALL ON TABLES TO postgres;
ALTER DEFAULT PRIVILEGES FOR ROLE postgres IN SCHEMA public GRANT ALL ON TABLES TO anon;
ALTER DEFAULT PRIVILEGES FOR ROLE postgres IN SCHEMA public GRANT ALL ON TABLES TO authenticated;
ALTER DEFAULT PRIVILEGES FOR ROLE postgres IN SCHEMA public GRANT ALL ON TABLES TO service_role;


--
-- Name: DEFAULT PRIVILEGES FOR TABLES; Type: DEFAULT ACL; Schema: public; Owner: supabase_admin
--

ALTER DEFAULT PRIVILEGES FOR ROLE supabase_admin IN SCHEMA public GRANT ALL ON TABLES TO postgres;
ALTER DEFAULT PRIVILEGES FOR ROLE supabase_admin IN SCHEMA public GRANT ALL ON TABLES TO anon;
ALTER DEFAULT PRIVILEGES FOR ROLE supabase_admin IN SCHEMA public GRANT ALL ON TABLES TO authenticated;
ALTER DEFAULT PRIVILEGES FOR ROLE supabase_admin IN SCHEMA public GRANT ALL ON TABLES TO service_role;


--
-- Name: DEFAULT PRIVILEGES FOR SEQUENCES; Type: DEFAULT ACL; Schema: realtime; Owner: supabase_admin
--

ALTER DEFAULT PRIVILEGES FOR ROLE supabase_admin IN SCHEMA realtime GRANT ALL ON SEQUENCES TO postgres;
ALTER DEFAULT PRIVILEGES FOR ROLE supabase_admin IN SCHEMA realtime GRANT ALL ON SEQUENCES TO dashboard_user;


--
-- Name: DEFAULT PRIVILEGES FOR FUNCTIONS; Type: DEFAULT ACL; Schema: realtime; Owner: supabase_admin
--

ALTER DEFAULT PRIVILEGES FOR ROLE supabase_admin IN SCHEMA realtime GRANT ALL ON FUNCTIONS TO postgres;
ALTER DEFAULT PRIVILEGES FOR ROLE supabase_admin IN SCHEMA realtime GRANT ALL ON FUNCTIONS TO dashboard_user;


--
-- Name: DEFAULT PRIVILEGES FOR TABLES; Type: DEFAULT ACL; Schema: realtime; Owner: supabase_admin
--

ALTER DEFAULT PRIVILEGES FOR ROLE supabase_admin IN SCHEMA realtime GRANT ALL ON TABLES TO postgres;
ALTER DEFAULT PRIVILEGES FOR ROLE supabase_admin IN SCHEMA realtime GRANT ALL ON TABLES TO dashboard_user;


--
-- Name: DEFAULT PRIVILEGES FOR SEQUENCES; Type: DEFAULT ACL; Schema: storage; Owner: postgres
--

ALTER DEFAULT PRIVILEGES FOR ROLE postgres IN SCHEMA storage GRANT ALL ON SEQUENCES TO postgres;
ALTER DEFAULT PRIVILEGES FOR ROLE postgres IN SCHEMA storage GRANT ALL ON SEQUENCES TO anon;
ALTER DEFAULT PRIVILEGES FOR ROLE postgres IN SCHEMA storage GRANT ALL ON SEQUENCES TO authenticated;
ALTER DEFAULT PRIVILEGES FOR ROLE postgres IN SCHEMA storage GRANT ALL ON SEQUENCES TO service_role;


--
-- Name: DEFAULT PRIVILEGES FOR FUNCTIONS; Type: DEFAULT ACL; Schema: storage; Owner: postgres
--

ALTER DEFAULT PRIVILEGES FOR ROLE postgres IN SCHEMA storage GRANT ALL ON FUNCTIONS TO postgres;
ALTER DEFAULT PRIVILEGES FOR ROLE postgres IN SCHEMA storage GRANT ALL ON FUNCTIONS TO anon;
ALTER DEFAULT PRIVILEGES FOR ROLE postgres IN SCHEMA storage GRANT ALL ON FUNCTIONS TO authenticated;
ALTER DEFAULT PRIVILEGES FOR ROLE postgres IN SCHEMA storage GRANT ALL ON FUNCTIONS TO service_role;


--
-- Name: DEFAULT PRIVILEGES FOR TABLES; Type: DEFAULT ACL; Schema: storage; Owner: postgres
--

ALTER DEFAULT PRIVILEGES FOR ROLE postgres IN SCHEMA storage GRANT ALL ON TABLES TO postgres;
ALTER DEFAULT PRIVILEGES FOR ROLE postgres IN SCHEMA storage GRANT ALL ON TABLES TO anon;
ALTER DEFAULT PRIVILEGES FOR ROLE postgres IN SCHEMA storage GRANT ALL ON TABLES TO authenticated;
ALTER DEFAULT PRIVILEGES FOR ROLE postgres IN SCHEMA storage GRANT ALL ON TABLES TO service_role;


--
-- Name: issue_graphql_placeholder; Type: EVENT TRIGGER; Schema: -; Owner: supabase_admin
--

CREATE EVENT TRIGGER issue_graphql_placeholder ON sql_drop
         WHEN TAG IN ('DROP EXTENSION')
   EXECUTE FUNCTION extensions.set_graphql_placeholder();


ALTER EVENT TRIGGER issue_graphql_placeholder OWNER TO supabase_admin;

--
-- Name: issue_pg_cron_access; Type: EVENT TRIGGER; Schema: -; Owner: supabase_admin
--

CREATE EVENT TRIGGER issue_pg_cron_access ON ddl_command_end
         WHEN TAG IN ('CREATE EXTENSION')
   EXECUTE FUNCTION extensions.grant_pg_cron_access();


ALTER EVENT TRIGGER issue_pg_cron_access OWNER TO supabase_admin;

--
-- Name: issue_pg_graphql_access; Type: EVENT TRIGGER; Schema: -; Owner: supabase_admin
--

CREATE EVENT TRIGGER issue_pg_graphql_access ON ddl_command_end
         WHEN TAG IN ('CREATE FUNCTION')
   EXECUTE FUNCTION extensions.grant_pg_graphql_access();


ALTER EVENT TRIGGER issue_pg_graphql_access OWNER TO supabase_admin;

--
-- Name: issue_pg_net_access; Type: EVENT TRIGGER; Schema: -; Owner: postgres
--

CREATE EVENT TRIGGER issue_pg_net_access ON ddl_command_end
         WHEN TAG IN ('CREATE EXTENSION')
   EXECUTE FUNCTION extensions.grant_pg_net_access();


ALTER EVENT TRIGGER issue_pg_net_access OWNER TO postgres;

--
-- Name: pgrst_ddl_watch; Type: EVENT TRIGGER; Schema: -; Owner: supabase_admin
--

CREATE EVENT TRIGGER pgrst_ddl_watch ON ddl_command_end
   EXECUTE FUNCTION extensions.pgrst_ddl_watch();


ALTER EVENT TRIGGER pgrst_ddl_watch OWNER TO supabase_admin;

--
-- Name: pgrst_drop_watch; Type: EVENT TRIGGER; Schema: -; Owner: supabase_admin
--

CREATE EVENT TRIGGER pgrst_drop_watch ON sql_drop
   EXECUTE FUNCTION extensions.pgrst_drop_watch();


ALTER EVENT TRIGGER pgrst_drop_watch OWNER TO supabase_admin;

--
-- PostgreSQL database dump complete
--

